"Mooring Name","Latitude","Longitude","Date","Time","xCO2  SW (wet) (umol/mol)","QF","H2O (mmol/mol)","xCO2  Air (wet) (umol/mol)","QF","H2O (mmol/mol)","Licor Atm Pressure  (hPa)","Licor Temp (C)","% O2","SST (C)","Salinity","xCO2  SW (dry) (umol/mol)","xCO2  Air (dry) (umol/mol)","fCO2  SW (sat) uatm","fCO2  Air (sat) uatm","dfCO2","pCO2 SW (sat) uatm","pCO2 Air (sat) uatm","dpCO2"
"CCE1_122W_33N","33.460","-122.500","09/02/2010","17:53","366.4","2","2.95","384.9","2","2.60","1011.1","17.4","100.39","16.279","33.383","367.5","385.9","358.8","376.9","-18.0","360.1","378.2","-18.1"
"CCE1_122W_33N","33.460","-122.500","09/02/2010","18:23","365.8","2","3.00","384.7","2","2.85","1011.1","17.7","100.68","16.341","33.383","366.9","385.8","358.2","376.7","-18.4","359.5","378.0","-18.5"
"CCE1_122W_33N","33.460","-122.500","09/02/2010","18:53","365.9","2","3.04","384.8","2","2.88","1011.2","17.9","100.87","16.373","33.383","367.0","385.9","358.4","376.9","-18.5","359.7","378.2","-18.5"
"CCE1_122W_33N","33.460","-122.500","09/02/2010","19:23","365.7","2","2.87","384.6","2","2.71","1011.0","18.1","101.01","16.423","33.384","366.7","385.6","358.0","376.5","-18.5","359.3","377.8","-18.5"
"CCE1_122W_33N","33.460","-122.500","09/02/2010","19:53","365.9","2","3.10","384.6","2","2.73","1010.9","18.3","101.21","16.451","33.381","367.0","385.7","358.3","376.4","-18.2","359.5","377.8","-18.2"
"CCE1_122W_33N","33.460","-122.500","09/02/2010","20:23","365.2","2","3.13","384.9","2","2.96","1010.8","18.4","101.36","16.488","33.379","366.3","386.0","357.5","376.8","-19.2","358.8","378.1","-19.3"
"CCE1_122W_33N","33.460","-122.500","09/02/2010","20:53","365.1","2","3.15","384.4","2","2.98","1010.6","18.5","101.40","16.541","33.378","366.2","385.5","357.3","376.2","-18.8","358.6","377.5","-18.9"
"CCE1_122W_33N","33.460","-122.500","09/02/2010","21:23","364.7","2","3.17","384.3","2","3.00","1010.5","18.6","101.55","16.572","33.376","365.9","385.4","356.9","376.0","-19.1","358.2","377.4","-19.2"
"CCE1_122W_33N","33.460","-122.500","09/03/2010","00:17","364.4","2","3.56","383.1","2","3.43","1010.5","17.5","101.60","16.501","33.330","365.7","384.5","356.8","375.1","-18.3","358.1","376.4","-18.3"
"CCE1_122W_33N","33.460","-122.500","09/03/2010","03:17","365.2","2","3.69","383.1","2","3.36","1011.2","17.2","101.50","16.369","33.318","366.6","384.4","357.9","375.4","-17.4","359.2","376.7","-17.5"
"CCE1_122W_33N","33.460","-122.500","09/03/2010","06:17","362.5","2","3.64","382.9","2","3.31","1012.6","17.0","101.49","16.269","33.312","363.8","384.2","355.8","375.7","-19.9","357.0","377.1","-20.0"
"CCE1_122W_33N","33.460","-122.500","09/03/2010","09:17","364.1","2","3.62","383.0","2","3.29","1012.3","16.9","101.35","16.308","33.308","365.5","384.3","357.3","375.7","-18.4","358.6","377.0","-18.5"
"CCE1_122W_33N","33.460","-122.500","09/03/2010","12:17","364.7","2","3.40","382.9","2","3.27","1012.7","16.8","101.30","16.280","33.310","366.0","384.1","357.9","375.7","-17.7","359.2","377.0","-17.8"
"CCE1_122W_33N","33.460","-122.500","09/03/2010","15:17","364.0","2","3.58","383.2","2","3.26","1013.7","16.8","101.25","16.284","33.323","365.3","384.4","357.7","376.3","-18.7","358.9","377.7","-18.7"
"CCE1_122W_33N","33.460","-122.500","09/03/2010","18:17","362.3","2","3.58","382.6","2","3.45","1014.7","16.8","101.20","16.298","33.328","363.6","383.9","356.3","376.2","-19.9","357.6","377.5","-20.0"
"CCE1_122W_33N","33.460","-122.500","09/03/2010","21:17","362.4","2","3.82","382.6","2","3.69","1013.7","17.0","101.35","16.385","33.325","363.8","384.0","356.1","375.9","-19.8","357.4","377.3","-19.9"
"CCE1_122W_33N","33.460","-122.500","09/04/2010","00:17","361.1","2","3.66","382.7","2","3.53","1012.7","17.1","101.30","16.335","33.310","362.4","384.1","354.4","375.6","-21.2","355.7","377.0","-21.3"
"CCE1_122W_33N","33.460","-122.500","09/04/2010","03:17","360.0","2","3.65","382.9","2","3.52","1012.5","17.1","101.40","16.269","33.308","361.3","384.2","353.3","375.7","-22.4","354.6","377.0","-22.5"
"CCE1_122W_33N","33.460","-122.500","09/04/2010","06:17","360.7","2","3.63","382.5","2","3.50","1013.8","17.0","101.44","16.206","33.312","362.0","383.8","354.5","375.8","-21.4","355.7","377.2","-21.4"
"CCE1_122W_33N","33.460","-122.500","09/04/2010","09:17","359.9","2","3.63","382.5","2","3.50","1013.5","17.0","101.39","16.193","33.316","361.2","383.9","353.6","375.8","-22.2","354.9","377.1","-22.3"
"CCE1_122W_33N","33.460","-122.500","09/04/2010","12:17","360.8","2","3.64","383.5","2","3.51","1012.4","17.0","101.35","16.277","33.340","362.1","384.9","354.0","376.3","-22.3","355.3","377.7","-22.4"
"CCE1_122W_33N","33.460","-122.500","09/04/2010","15:17","361.5","2","3.63","386.3","2","3.50","1013.1","17.0","101.35","16.222","33.342","362.8","387.7","355.0","379.3","-24.3","356.3","380.7","-24.4"
"CCE1_122W_33N","33.460","-122.500","09/04/2010","18:17","362.8","2","3.80","387.0","2","3.68","1013.8","16.9","101.34","16.005","33.345","364.2","388.4","356.7","380.4","-23.7","358.0","381.8","-23.8"
"CCE1_122W_33N","33.460","-122.500","09/04/2010","21:17","363.9","2","3.79","384.1","2","3.66","1012.9","16.8","101.39","15.998","33.345","365.3","385.5","357.4","377.2","-19.8","358.7","378.6","-19.8"
"CCE1_122W_33N","33.460","-122.500","09/05/2010","00:17","364.5","2","3.79","384.8","2","3.67","1011.5","16.8","101.40","15.948","33.342","365.9","386.2","357.6","377.4","-19.8","358.9","378.8","-19.9"
"CCE1_122W_33N","33.460","-122.500","09/05/2010","03:17","363.2","2","3.59","384.2","2","3.46","1011.1","16.7","101.44","15.805","33.355","364.5","385.5","356.2","376.6","-20.5","357.4","378.0","-20.5"
"CCE1_122W_33N","33.460","-122.500","09/05/2010","06:17","364.6","2","3.57","385.2","2","3.44","1012.2","16.7","101.44","15.749","33.355","365.9","386.5","357.9","378.1","-20.2","359.2","379.5","-20.3"
"CCE1_122W_33N","33.460","-122.500","09/05/2010","09:17","366.3","2","3.75","384.8","2","3.63","1011.0","16.6","101.40","15.696","33.360","367.7","386.2","359.2","377.3","-18.1","360.5","378.7","-18.1"
"CCE1_122W_33N","33.460","-122.500","09/05/2010","12:17","368.2","2","3.76","382.7","2","3.64","1010.3","16.7","101.35","15.661","33.362","369.6","384.1","360.9","375.0","-14.2","362.2","376.4","-14.2"
"CCE1_122W_33N","33.460","-122.500","09/05/2010","15:17","369.1","2","3.74","381.8","2","3.81","1011.2","16.6","101.30","15.622","33.362","370.5","383.3","362.1","374.6","-12.4","363.4","375.9","-12.5"
"CCE1_122W_33N","33.460","-122.500","09/05/2010","18:17","368.9","2","3.74","381.0","2","3.62","1011.7","16.6","101.30","15.630","33.392","370.3","382.4","362.0","373.9","-11.8","363.3","375.2","-11.9"
"CCE1_122W_33N","33.460","-122.500","09/05/2010","21:17","379.2","2","3.72","380.8","2","3.59","1010.5","16.5","101.25","15.374","33.383","380.6","382.2","371.8","373.4","-1.6","373.1","374.7","-1.6"
"CCE1_122W_33N","33.460","-122.500","09/06/2010","00:17","372.2","2","3.75","380.6","2","3.63","1008.8","16.6","101.35","15.686","33.389","373.6","382.0","364.2","372.4","-8.2","365.5","373.8","-8.3"
"CCE1_122W_33N","33.460","-122.500","09/06/2010","03:17","380.7","2","3.72","381.4","2","3.60","1008.1","16.5","101.25","15.334","33.392","382.1","382.8","372.4","373.0","-0.6","373.7","374.4","-0.6"
"CCE1_122W_33N","33.460","-122.500","09/06/2010","06:17","382.7","2","3.68","382.0","2","3.56","1008.4","16.3","101.11","15.263","33.400","384.2","383.3","374.5","373.7","0.8","375.9","375.1","0.8"
"CCE1_122W_33N","33.460","-122.500","09/06/2010","09:17","385.9","2","3.66","381.5","2","3.54","1007.9","16.2","100.92","15.211","33.408","387.3","382.8","377.4","373.1","4.3","378.8","374.4","4.3"
"CCE1_122W_33N","33.460","-122.500","09/06/2010","12:17","386.0","2","3.65","381.2","2","3.54","1007.4","16.1","100.72","15.208","33.403","387.4","382.5","377.3","372.6","4.7","378.7","373.9","4.7"
"CCE1_122W_33N","33.460","-122.500","09/06/2010","15:17","380.8","2","3.66","380.8","2","3.54","1008.6","16.2","100.72","15.320","33.401","382.2","382.1","372.6","372.6","0.0","374.0","373.9","0.0"
"CCE1_122W_33N","33.460","-122.500","09/06/2010","18:17","379.2","2","3.67","380.7","2","3.55","1009.3","16.2","100.72","15.343","33.403","380.6","382.1","371.4","372.8","-1.4","372.7","374.2","-1.4"
"CCE1_122W_33N","33.460","-122.500","09/06/2010","21:17","381.7","2","3.87","380.4","2","3.75","1008.6","16.3","100.77","15.347","33.407","383.2","381.9","373.6","372.3","1.3","375.0","373.7","1.3"
"CCE1_122W_33N","33.460","-122.500","09/07/2010","00:17","379.2","2","3.71","380.5","2","3.59","1007.2","16.4","100.87","15.412","33.405","380.6","381.9","370.6","371.8","-1.3","371.9","373.2","-1.3"
"CCE1_122W_33N","33.460","-122.500","09/07/2010","03:17","378.1","2","3.70","380.4","2","3.58","1007.3","16.4","100.87","15.415","33.405","379.5","381.7","369.5","371.7","-2.2","370.9","373.0","-2.2"
"CCE1_122W_33N","33.460","-122.500","09/07/2010","06:17","382.8","2","3.66","380.8","2","3.36","1008.1","16.2","100.87","15.247","33.412","384.2","382.1","374.4","372.4","2.0","375.8","373.8","2.0"
"CCE1_122W_33N","33.460","-122.500","09/07/2010","09:17","383.3","2","3.64","381.7","2","3.33","1008.0","16.1","100.82","15.241","33.412","384.7","383.0","374.9","373.3","1.7","376.3","374.6","1.7"
"CCE1_122W_33N","33.460","-122.500","09/07/2010","12:17","377.3","2","3.64","383.1","2","3.34","1007.9","16.1","100.82","15.406","33.405","378.6","384.4","368.9","374.5","-5.6","370.2","375.8","-5.6"
"CCE1_122W_33N","33.460","-122.500","09/07/2010","15:17","377.6","2","3.64","382.7","2","3.34","1009.2","16.1","100.82","15.391","33.401","379.0","384.0","369.7","374.6","-4.9","371.0","376.0","-4.9"
"CCE1_122W_33N","33.460","-122.500","09/07/2010","18:17","375.2","2","3.63","382.9","2","3.51","1011.0","16.1","100.72","15.412","33.402","376.5","384.2","368.0","375.5","-7.5","369.3","376.8","-7.5"
"CCE1_122W_33N","33.460","-122.500","09/07/2010","21:17","382.5","2","3.65","382.7","2","3.53","1010.8","16.2","100.72","15.365","33.399","383.9","384.1","375.2","375.3","-0.2","376.5","376.7","-0.2"
"CCE1_122W_33N","33.460","-122.500","09/08/2010","00:17","378.7","2","3.67","383.6","2","3.55","1010.7","16.3","100.72","15.380","33.375","380.1","385.0","371.4","376.1","-4.8","372.7","377.5","-4.8"
"CCE1_122W_33N","33.460","-122.500","09/08/2010","03:17","377.6","2","3.68","384.0","2","3.56","1011.0","16.3","100.67","15.394","33.371","379.0","385.3","370.4","376.6","-6.2","371.7","378.0","-6.2"
"CCE1_122W_33N","33.460","-122.500","09/08/2010","06:17","379.4","2","3.66","383.3","2","3.54","1011.9","16.3","100.53","15.360","33.366","380.7","384.6","372.5","376.3","-3.8","373.8","377.6","-3.8"
"CCE1_122W_33N","33.460","-122.500","09/08/2010","09:17","380.1","2","3.68","383.5","2","3.56","1011.7","16.3","100.53","15.363","33.375","381.5","384.8","373.1","376.4","-3.3","374.4","377.7","-3.3"
"CCE1_122W_33N","33.460","-122.500","09/08/2010","12:17","378.4","2","3.70","383.6","2","3.58","1011.5","16.4","100.43","15.460","33.383","379.8","385.0","371.4","376.4","-5.0","372.7","377.8","-5.1"
"CCE1_122W_33N","33.460","-122.500","09/08/2010","15:17","379.3","2","3.70","383.5","2","3.58","1012.1","16.4","100.43","15.440","33.384","380.7","384.9","372.5","376.6","-4.1","373.8","377.9","-4.1"
"CCE1_122W_33N","33.460","-122.500","09/08/2010","18:17","378.7","2","4.08","382.8","2","3.97","1012.6","16.5","100.48","15.554","33.384","380.3","384.3","372.2","376.1","-3.9","373.5","377.5","-4.0"
"CCE1_122W_33N","33.460","-122.500","09/08/2010","21:17","380.1","2","3.97","382.3","2","3.85","1012.0","16.8","100.53","15.707","33.382","381.7","383.8","373.3","375.4","-2.1","374.6","376.7","-2.1"
"CCE1_122W_33N","33.460","-122.500","09/09/2010","00:17","383.1","2","4.01","383.0","2","4.08","1011.0","16.9","100.58","15.779","33.381","384.6","384.5","375.8","375.7","0.1","377.1","377.0","0.1"
"CCE1_122W_33N","33.460","-122.500","09/09/2010","03:17","376.4","2","3.79","383.7","2","3.67","1011.9","16.8","100.73","15.745","33.396","377.8","385.1","369.4","376.6","-7.2","370.8","378.0","-7.2"
"CCE1_122W_33N","33.460","-122.500","09/09/2010","06:17","372.3","2","3.74","383.3","2","3.62","1012.7","16.6","100.82","15.649","33.401","373.7","384.7","365.7","376.6","-10.8","367.1","377.9","-10.9"
"CCE1_122W_33N","33.460","-122.500","09/09/2010","09:17","370.1","2","3.72","383.0","2","3.60","1012.7","16.5","100.82","15.631","33.405","371.5","384.4","363.6","376.2","-12.7","364.9","377.6","-12.7"
"CCE1_122W_33N","33.460","-122.500","09/09/2010","12:17","374.5","2","3.70","383.3","2","3.57","1013.3","16.4","100.72","15.519","33.409","375.9","384.7","368.2","376.8","-8.6","369.5","378.1","-8.6"
"CCE1_122W_33N","33.460","-122.500","09/09/2010","15:17","372.9","2","3.86","382.9","2","3.74","1014.9","16.4","100.68","15.517","33.407","374.4","384.3","367.3","377.0","-9.7","368.6","378.4","-9.8"
"CCE1_122W_33N","33.460","-122.500","09/09/2010","18:17","380.6","2","3.86","382.8","2","3.74","1015.6","16.4","100.58","15.638","33.381","382.1","384.2","375.0","377.1","-2.1","376.4","378.5","-2.1"
"CCE1_122W_33N","33.460","-122.500","09/09/2010","21:17","377.1","2","3.90","383.2","2","3.79","1015.0","16.6","100.53","15.890","33.378","378.6","384.7","371.3","377.3","-6.0","372.6","378.6","-6.0"
"CCE1_122W_33N","33.460","-122.500","09/10/2010","00:17","378.6","2","3.76","383.8","2","3.64","1013.9","16.7","100.53","15.880","33.378","380.1","385.2","372.3","377.4","-5.1","373.7","378.7","-5.1"
"CCE1_122W_33N","33.460","-122.500","09/10/2010","03:17","374.3","2","3.75","383.3","2","3.44","1014.0","16.7","100.63","15.815","33.367","375.7","384.6","368.1","376.8","-8.7","369.5","378.2","-8.7"
"CCE1_122W_33N","33.460","-122.500","09/10/2010","06:17","367.6","2","3.73","382.8","2","3.61","1014.3","16.6","100.68","15.872","33.344","369.0","384.1","361.6","376.5","-14.8","362.9","377.8","-14.9"
"CCE1_122W_33N","33.460","-122.500","09/10/2010","09:17","371.2","2","3.73","382.6","2","3.61","1013.8","16.6","100.63","15.928","33.350","372.5","383.9","364.9","376.1","-11.2","366.2","377.4","-11.2"
"CCE1_122W_33N","33.460","-122.500","09/10/2010","12:17","371.1","2","3.73","382.7","2","3.61","1013.7","16.6","100.58","15.775","33.352","372.5","384.1","364.9","376.2","-11.3","366.2","377.6","-11.4"
"CCE1_122W_33N","33.460","-122.500","09/10/2010","15:17","371.5","2","3.91","382.8","2","3.79","1014.1","16.6","100.48","15.728","33.355","372.9","384.2","365.5","376.5","-11.1","366.8","377.9","-11.1"
"CCE1_122W_33N","33.460","-122.500","09/10/2010","18:17","371.7","2","3.90","382.7","2","3.60","1014.9","16.5","100.53","15.744","33.365","373.1","384.0","365.9","376.7","-10.7","367.3","378.0","-10.7"
"CCE1_122W_33N","33.460","-122.500","09/10/2010","21:17","371.8","2","3.92","382.8","2","3.61","1014.9","16.6","100.53","15.900","33.362","373.3","384.2","366.1","376.7","-10.7","367.4","378.1","-10.7"
"CCE1_122W_33N","33.460","-122.500","09/11/2010","00:17","371.8","2","3.97","383.0","2","3.85","1013.6","16.8","100.53","15.978","33.353","373.2","384.4","365.5","376.5","-11.0","366.8","377.8","-11.0"
"CCE1_122W_33N","33.460","-122.500","09/11/2010","03:17","372.0","2","3.79","382.9","2","3.67","1013.8","16.9","100.72","15.952","33.346","373.4","384.3","365.7","376.4","-10.7","367.0","377.8","-10.8"
"CCE1_122W_33N","33.460","-122.500","09/11/2010","06:17","372.5","2","3.77","382.5","2","3.45","1014.5","16.8","100.63","15.902","33.346","373.9","383.9","366.5","376.3","-9.8","367.8","377.6","-9.8"
"CCE1_122W_33N","33.460","-122.500","09/11/2010","09:17","374.5","2","3.71","382.5","2","3.40","1014.2","16.5","100.53","15.897","33.345","375.9","383.8","368.4","376.1","-7.8","369.7","377.5","-7.8"
"CCE1_122W_33N","33.460","-122.500","09/11/2010","12:17","375.6","2","3.69","382.4","2","3.38","1013.8","16.4","100.43","15.865","33.345","377.0","383.7","369.3","375.8","-6.6","370.6","377.2","-6.6"
"CCE1_122W_33N","33.460","-122.500","09/11/2010","15:17","376.1","2","3.68","382.8","2","3.37","1015.0","16.4","100.34","15.853","33.346","377.5","384.1","370.2","376.7","-6.5","371.5","378.1","-6.5"
"CCE1_122W_33N","33.460","-122.500","09/11/2010","18:17","376.1","2","3.86","382.6","2","3.56","1015.5","16.4","100.29","15.895","33.348","377.5","383.9","370.4","376.7","-6.3","371.7","378.1","-6.3"
"CCE1_122W_33N","33.460","-122.500","09/11/2010","21:17","378.8","2","3.94","382.2","2","3.63","1014.6","16.7","100.29","16.087","33.348","380.3","383.6","372.7","376.0","-3.2","374.1","377.3","-3.2"
"CCE1_122W_33N","33.460","-122.500","09/12/2010","00:17","376.1","2","3.98","382.2","2","3.67","1013.3","16.8","100.39","16.190","33.348","377.6","383.6","369.6","375.5","-5.9","370.9","376.8","-5.9"
"CCE1_122W_33N","33.460","-122.500","09/12/2010","03:17","370.5","2","3.79","382.8","2","3.47","1013.5","16.8","100.53","16.100","33.354","372.0","384.1","364.2","376.1","-11.9","365.5","377.4","-12.0"
"CCE1_122W_33N","33.460","-122.500","09/12/2010","06:17","369.0","2","3.73","383.4","2","3.42","1014.0","16.6","100.63","15.969","33.352","370.4","384.7","362.8","376.9","-14.0","364.1","378.2","-14.1"
"CCE1_122W_33N","33.460","-122.500","09/12/2010","09:17","370.7","2","3.70","383.7","2","3.39","1014.2","16.5","100.63","15.848","33.360","372.0","385.0","364.6","377.3","-12.7","365.9","378.6","-12.7"
"CCE1_122W_33N","33.460","-122.500","09/12/2010","12:17","372.1","2","3.67","383.8","2","3.36","1013.8","16.3","100.53","15.835","33.362","373.5","385.1","365.8","377.2","-11.4","367.2","378.6","-11.4"
"CCE1_122W_33N","33.460","-122.500","09/12/2010","15:17","369.3","2","3.67","383.5","2","3.36","1014.9","16.3","100.53","15.853","33.361","370.7","384.8","363.5","377.3","-13.9","364.8","378.7","-13.9"
"CCE1_122W_33N","33.460","-122.500","09/12/2010","18:17","368.8","2","3.86","383.5","2","3.56","1015.7","16.4","100.68","16.045","33.378","370.2","384.9","363.2","377.7","-14.5","364.5","379.1","-14.5"
"CCE1_122W_33N","33.460","-122.500","09/12/2010","21:17","369.4","2","3.97","383.7","2","3.66","1014.9","16.8","100.87","16.230","33.383","370.8","385.1","363.5","377.5","-14.0","364.8","378.8","-14.0"
"CCE1_122W_33N","33.460","-122.500","09/13/2010","00:17","369.7","2","3.99","384.3","2","3.67","1013.7","16.9","100.97","16.303","33.380","371.1","385.7","363.3","377.6","-14.2","364.6","378.9","-14.3"
"CCE1_122W_33N","33.460","-122.500","09/13/2010","03:17","371.4","2","3.80","384.2","2","3.48","1013.6","16.9","101.11","16.168","33.358","372.8","385.5","365.0","377.5","-12.4","366.3","378.8","-12.5"
"CCE1_122W_33N","33.460","-122.500","09/13/2010","06:17","366.4","2","3.75","384.3","2","3.44","1014.4","16.7","101.11","16.100","33.362","367.8","385.7","360.4","377.9","-17.5","361.7","379.3","-17.6"
"CCE1_122W_33N","33.460","-122.500","09/13/2010","09:17","366.9","2","3.74","384.7","2","3.43","1013.8","16.6","100.97","16.191","33.389","368.3","386.0","360.6","378.0","-17.4","361.9","379.4","-17.4"
"CCE1_122W_33N","33.460","-122.500","09/13/2010","12:17","367.5","2","3.73","384.4","2","3.41","1013.6","16.6","100.97","16.090","33.370","368.9","385.7","361.2","377.7","-16.5","362.5","379.0","-16.5"
"CCE1_122W_33N","33.460","-122.500","09/13/2010","15:17","365.7","2","3.90","384.4","2","3.40","1014.8","16.5","101.11","15.931","33.346","367.1","385.7","360.0","378.1","-18.2","361.3","379.5","-18.2"
"CCE1_122W_33N","33.460","-122.500","09/13/2010","18:17","364.9","2","3.90","384.2","2","3.60","1015.4","16.6","101.16","15.974","33.339","366.3","385.6","359.4","378.2","-18.9","360.7","379.6","-19.0"
"CCE1_122W_33N","33.460","-122.500","09/13/2010","21:17","365.6","2","4.17","384.1","2","3.67","1014.3","16.8","101.26","16.221","33.358","367.1","385.5","359.6","377.7","-18.1","360.9","379.1","-18.1"
"CCE1_122W_33N","33.460","-122.500","09/15/2010","00:17","375.5","2","3.82","386.9","2","3.69","1013.8","17.0","101.35","16.062","33.354","376.9","388.4","369.1","380.4","-11.2","370.4","381.7","-11.3"
"CCE1_122W_33N","33.460","-122.500","09/15/2010","03:17","376.0","2","3.76","386.6","2","3.44","1013.9","16.7","101.06","15.925","33.353","377.4","387.9","369.7","380.0","-10.3","371.0","381.3","-10.3"
"CCE1_122W_33N","33.460","-122.500","09/15/2010","06:17","375.3","2","3.54","386.4","2","3.42","1014.5","16.6","100.87","15.934","33.353","376.6","387.7","369.1","380.1","-10.9","370.5","381.4","-11.0"
"CCE1_122W_33N","33.460","-122.500","09/15/2010","09:17","375.3","2","3.73","385.3","2","3.42","1014.2","16.6","100.72","15.955","33.353","376.7","386.6","369.1","378.8","-9.7","370.4","380.1","-9.7"
"CCE1_122W_33N","33.460","-122.500","09/15/2010","12:17","375.0","2","3.73","385.4","2","3.42","1014.2","16.6","100.63","15.939","33.351","376.4","386.8","368.9","379.0","-10.1","370.2","380.3","-10.2"
"CCE1_122W_33N","33.460","-122.500","09/15/2010","15:17","373.2","2","3.74","385.0","2","3.42","1015.3","16.6","100.63","15.946","33.352","374.6","386.3","367.5","379.0","-11.5","368.8","380.3","-11.5"
"CCE1_122W_33N","33.460","-122.500","09/15/2010","18:17","371.8","2","3.74","385.2","2","3.61","1016.4","16.7","100.58","15.942","33.353","373.2","386.5","366.5","379.6","-13.1","367.8","381.0","-13.2"
"CCE1_122W_33N","33.460","-122.500","09/15/2010","21:17","373.4","2","3.94","385.4","2","3.82","1015.3","16.7","100.53","15.990","33.351","374.9","386.9","367.7","379.5","-11.8","369.0","380.8","-11.8"
"CCE1_122W_33N","33.460","-122.500","09/16/2010","00:17","371.3","2","3.97","385.8","2","3.66","1014.6","16.8","100.58","15.981","33.349","372.8","387.2","365.4","379.5","-14.1","366.7","380.9","-14.2"
"CCE1_122W_33N","33.460","-122.500","09/16/2010","03:17","374.5","2","3.78","385.4","2","3.66","1015.2","16.8","100.44","15.968","33.350","375.9","386.8","368.7","379.4","-10.7","370.1","380.8","-10.7"
"CCE1_122W_33N","33.460","-122.500","09/16/2010","06:17","374.6","2","3.78","385.6","2","3.65","1014.9","16.8","100.44","15.915","33.385","376.0","387.0","368.7","379.5","-10.7","370.0","380.8","-10.8"
"CCE1_122W_33N","33.460","-122.500","09/16/2010","09:17","367.6","2","3.81","385.4","2","3.69","1014.0","17.0","100.53","16.203","33.474","369.0","386.9","361.4","378.9","-17.5","362.7","380.2","-17.6"
"CCE1_122W_33N","33.460","-122.500","09/16/2010","12:17","370.8","2","3.81","385.5","2","3.69","1013.3","16.9","100.58","16.032","33.431","372.2","386.9","364.4","378.8","-14.4","365.7","380.1","-14.5"
"CCE1_122W_33N","33.460","-122.500","09/16/2010","15:17","369.4","2","3.99","385.4","2","3.87","1014.4","16.9","100.53","16.138","33.474","370.9","386.9","363.4","379.1","-15.7","364.7","380.5","-15.8"
"CCE1_122W_33N","33.460","-122.500","09/16/2010","18:17","370.5","2","4.03","385.4","2","3.90","1014.6","17.1","100.53","16.178","33.481","372.0","386.9","364.6","379.1","-14.6","365.9","380.5","-14.6"
"CCE1_122W_33N","33.460","-122.500","09/16/2010","21:17","370.9","2","4.06","385.3","2","3.94","1013.4","17.2","100.53","16.245","33.477","372.4","386.8","364.5","378.6","-14.1","365.8","380.0","-14.1"
"CCE1_122W_33N","33.460","-122.500","09/17/2010","00:17","370.1","2","3.88","385.3","2","3.95","1012.1","17.2","100.58","16.243","33.474","371.6","386.8","363.2","378.1","-14.9","364.5","379.4","-15.0"
"CCE1_122W_33N","33.460","-122.500","09/17/2010","03:17","370.2","2","3.87","385.2","2","3.75","1011.6","17.2","100.63","16.239","33.478","371.6","386.7","363.1","377.8","-14.7","364.4","379.1","-14.8"
"CCE1_122W_33N","33.460","-122.500","09/17/2010","06:17","369.3","2","4.08","385.2","2","3.96","1011.8","17.2","100.58","16.277","33.482","370.8","386.7","362.4","377.9","-15.5","363.7","379.2","-15.6"
"CCE1_122W_33N","33.460","-122.500","09/17/2010","09:17","371.1","2","4.10","385.2","2","3.97","1011.3","17.3","100.58","16.236","33.470","372.6","386.7","364.0","377.7","-13.8","365.2","379.1","-13.8"
"CCE1_122W_33N","33.460","-122.500","09/17/2010","12:17","372.8","2","4.11","385.2","2","3.98","1011.3","17.3","100.49","16.251","33.472","374.3","386.7","365.6","377.7","-12.1","366.9","379.0","-12.1"
"CCE1_122W_33N","33.460","-122.500","09/17/2010","15:17","371.0","2","4.11","384.3","2","3.98","1012.6","17.4","100.44","16.264","33.468","372.6","385.8","364.4","377.3","-13.0","365.6","378.7","-13.0"
"CCE1_122W_33N","33.460","-122.500","09/17/2010","18:17","370.3","2","4.31","385.0","2","4.18","1013.5","17.4","100.53","16.360","33.458","371.9","386.6","364.0","378.4","-14.4","365.3","379.7","-14.5"
"CCE1_122W_33N","33.460","-122.500","09/17/2010","21:17","369.6","2","4.34","384.9","2","4.42","1012.9","17.5","100.63","16.525","33.444","371.2","386.6","363.0","378.1","-15.1","364.3","379.5","-15.1"
"CCE1_122W_33N","33.460","-122.500","09/18/2010","00:17","366.6","2","4.36","385.1","2","4.24","1012.1","17.6","100.83","16.548","33.439","368.2","386.7","359.8","377.9","-18.1","361.1","379.3","-18.2"
"CCE1_122W_33N","33.460","-122.500","09/18/2010","03:17","366.4","2","4.17","385.0","2","4.05","1012.1","17.6","100.92","16.559","33.454","368.0","386.6","359.5","377.8","-18.2","360.8","379.1","-18.3"
"CCE1_122W_33N","33.460","-122.500","09/18/2010","06:17","366.3","2","4.17","385.1","2","4.04","1012.6","17.6","100.97","16.536","33.453","367.8","386.7","359.6","378.0","-18.4","360.9","379.4","-18.5"
"CCE1_122W_33N","33.460","-122.500","09/18/2010","09:17","366.9","2","3.94","385.3","2","3.81","1012.5","17.5","100.92","16.463","33.450","368.4","386.8","360.1","378.1","-18.0","361.4","379.5","-18.1"
"CCE1_122W_33N","33.460","-122.500","09/18/2010","12:17","369.1","2","4.12","385.4","2","3.99","1012.4","17.4","100.87","16.406","33.442","370.6","386.9","362.3","378.3","-15.9","363.6","379.6","-16.0"
"CCE1_122W_33N","33.460","-122.500","09/18/2010","15:17","372.1","2","4.11","385.3","2","3.98","1013.7","17.4","100.87","16.212","33.401","373.6","386.9","365.8","378.8","-13.0","367.1","380.1","-13.0"
"CCE1_122W_33N","33.460","-122.500","09/18/2010","18:17","373.0","2","4.52","384.9","2","4.40","1014.5","17.5","100.87","16.438","33.408","374.7","386.6","367.1","378.7","-11.6","368.4","380.1","-11.6"
"CCE1_122W_33N","33.460","-122.500","09/18/2010","21:17","367.7","2","3.98","385.1","2","4.05","1013.6","17.6","100.97","16.691","33.449","369.2","386.7","361.2","378.4","-17.1","362.5","379.7","-17.2"
"CCE1_122W_33N","33.460","-122.500","09/19/2010","00:17","369.6","2","4.36","385.8","2","4.23","1012.5","17.6","101.12","16.808","33.445","371.2","387.4","362.8","378.6","-15.8","364.0","379.9","-15.9"
"CCE1_122W_33N","33.460","-122.500","09/19/2010","03:17","368.6","2","4.17","385.8","2","3.84","1012.4","17.6","101.21","16.665","33.439","370.1","387.3","361.7","378.5","-16.8","363.0","379.8","-16.8"
"CCE1_122W_33N","33.460","-122.500","09/19/2010","06:17","368.5","2","4.16","385.8","2","3.83","1012.5","17.6","101.16","16.627","33.441","370.0","387.3","361.7","378.5","-16.8","363.0","379.9","-16.9"
"CCE1_122W_33N","33.460","-122.500","09/19/2010","09:17","367.1","2","4.14","385.9","2","3.81","1011.9","17.5","101.21","16.532","33.443","368.7","387.3","360.2","378.4","-18.3","361.4","379.8","-18.3"
"CCE1_122W_33N","33.460","-122.500","09/19/2010","12:17","367.7","2","4.13","385.9","2","4.00","1012.2","17.4","101.12","16.470","33.434","369.2","387.4","360.9","378.6","-17.8","362.2","380.0","-17.8"
"CCE1_122W_33N","33.460","-122.500","09/19/2010","15:17","366.3","2","4.33","385.6","2","4.00","1013.3","17.5","101.11","16.475","33.436","367.9","387.1","360.0","378.7","-18.8","361.2","380.1","-18.9"
"CCE1_122W_33N","33.460","-122.500","09/19/2010","18:17","367.6","2","4.39","385.3","2","4.26","1013.7","17.7","101.21","16.691","33.445","369.2","386.9","361.3","378.6","-17.3","362.6","380.0","-17.4"
"CCE1_122W_33N","33.460","-122.500","09/19/2010","21:17","370.2","2","4.49","385.0","2","4.36","1012.5","18.0","101.31","16.855","33.440","371.9","386.7","363.4","377.9","-14.5","364.7","379.2","-14.5"
"CCE1_122W_33N","33.460","-122.500","09/20/2010","00:17","366.4","2","4.27","385.3","2","4.35","1011.3","18.0","101.36","16.748","33.441","368.0","387.0","359.2","377.7","-18.5","360.5","379.1","-18.6"
"CCE1_122W_33N","33.460","-122.500","09/20/2010","03:17","365.1","2","4.18","385.5","2","4.05","1011.5","17.6","101.41","16.560","33.435","366.6","387.0","358.0","378.0","-20.0","359.3","379.3","-20.0"
"CCE1_122W_33N","33.460","-122.500","09/20/2010","06:17","369.3","2","4.11","385.7","2","3.98","1011.6","17.3","101.31","16.248","33.397","370.8","387.2","362.3","378.3","-16.0","363.6","379.6","-16.1"
"CCE1_122W_33N","33.460","-122.500","09/20/2010","09:17","368.7","2","4.10","385.6","2","3.97","1010.8","17.3","101.31","16.405","33.432","370.2","387.1","361.3","377.9","-16.5","362.6","379.2","-16.6"
"CCE1_122W_33N","33.460","-122.500","09/20/2010","12:17","368.6","2","4.10","385.5","2","3.98","1010.7","17.3","101.12","16.444","33.448","370.1","387.1","361.2","377.7","-16.5","362.5","379.1","-16.6"
"CCE1_122W_33N","33.460","-122.500","09/20/2010","15:17","368.0","2","4.11","385.6","2","3.98","1011.1","17.3","101.07","16.411","33.445","369.6","387.1","360.8","377.9","-17.1","362.1","379.3","-17.2"
"CCE1_122W_33N","33.460","-122.500","09/20/2010","18:17","366.2","2","4.30","385.4","2","4.18","1011.8","17.3","101.07","16.441","33.448","367.8","387.0","359.4","378.1","-18.7","360.6","379.4","-18.8"
"CCE1_122W_33N","33.460","-122.500","09/20/2010","21:17","364.8","2","4.16","385.4","2","4.23","1010.5","17.5","101.12","16.616","33.455","366.3","387.0","357.4","377.5","-20.2","358.6","378.9","-20.2"
"CCE1_122W_33N","33.460","-122.500","09/21/2010","00:17","366.2","2","4.20","385.4","2","4.27","1008.8","17.6","101.27","16.705","33.468","367.7","387.0","358.0","376.9","-18.8","359.3","378.2","-18.9"
"CCE1_122W_33N","33.460","-122.500","09/21/2010","03:17","364.3","2","4.18","385.2","2","3.85","1008.1","17.6","101.22","16.622","33.466","365.8","386.6","356.0","376.3","-20.2","357.3","377.6","-20.3"
"CCE1_122W_33N","33.460","-122.500","09/21/2010","06:17","365.0","2","4.15","385.4","2","4.02","1008.2","17.5","101.22","16.563","33.461","366.5","387.0","356.8","376.7","-19.9","358.0","378.0","-20.0"
"CCE1_122W_33N","33.460","-122.500","09/21/2010","09:17","365.6","2","4.14","385.8","2","4.01","1008.3","17.4","101.12","16.549","33.463","367.1","387.3","357.4","377.1","-19.7","358.7","378.4","-19.7"
"CCE1_122W_33N","33.460","-122.500","09/21/2010","12:17","367.2","2","4.14","386.0","2","4.01","1008.2","17.4","101.07","16.529","33.462","368.7","387.6","358.9","377.3","-18.3","360.2","378.6","-18.4"
"CCE1_122W_33N","33.460","-122.500","09/21/2010","15:17","367.7","2","4.11","385.6","2","3.99","1009.2","17.3","100.92","16.508","33.461","369.2","387.1","359.7","377.2","-17.5","361.0","378.6","-17.6"
"CCE1_122W_33N","33.460","-122.500","09/21/2010","18:17","367.8","2","4.10","385.4","2","3.98","1010.6","17.3","100.92","16.546","33.454","369.3","387.0","360.3","377.6","-17.2","361.6","378.9","-17.3"
"CCE1_122W_33N","33.460","-122.500","09/21/2010","21:17","368.9","2","4.12","385.6","2","3.99","1009.8","17.4","100.92","16.568","33.440","370.5","387.1","361.2","377.4","-16.2","362.4","378.8","-16.3"
"CCE1_122W_33N","33.460","-122.500","09/22/2010","00:17","370.8","2","4.16","385.8","2","4.03","1008.3","17.5","100.93","16.625","33.458","372.4","387.3","362.4","377.0","-14.6","363.7","378.3","-14.6"
"CCE1_122W_33N","33.460","-122.500","09/22/2010","03:17","369.3","2","4.15","386.0","2","3.82","1008.6","17.5","100.97","16.530","33.448","370.9","387.5","361.1","377.3","-16.1","362.4","378.6","-16.2"
"CCE1_122W_33N","33.460","-122.500","09/22/2010","06:17","370.9","2","4.10","386.2","2","3.98","1009.2","17.3","100.97","16.356","33.424","372.4","387.7","362.9","377.8","-14.9","364.2","379.2","-15.0"
"CCE1_122W_33N","33.460","-122.500","09/22/2010","09:17","376.5","2","4.08","385.9","2","3.95","1009.4","17.2","100.92","16.225","33.398","378.0","387.5","368.6","377.7","-9.2","369.9","379.1","-9.2"
"CCE1_122W_33N","33.460","-122.500","09/22/2010","12:17","374.8","2","4.08","385.9","2","3.95","1008.7","17.2","100.88","16.250","33.404","376.4","387.5","366.6","377.5","-10.8","367.9","378.8","-10.9"
"CCE1_122W_33N","33.460","-122.500","09/22/2010","15:17","375.9","2","4.25","385.7","2","4.33","1010.2","17.1","100.88","16.188","33.386","377.5","387.4","368.3","378.0","-9.6","369.6","379.3","-9.7"
"CCE1_122W_33N","33.460","-122.500","09/22/2010","18:17","376.1","2","4.28","385.5","2","4.16","1011.4","17.2","100.87","16.263","33.379","377.8","387.1","369.0","378.1","-9.1","370.3","379.5","-9.2"
"CCE1_122W_33N","33.460","-122.500","09/22/2010","21:17","378.1","2","4.33","385.5","2","4.21","1010.7","17.4","100.92","16.517","33.384","379.8","387.1","370.6","377.8","-7.2","371.9","379.1","-7.2"
"CCE1_122W_33N","33.460","-122.500","09/23/2010","00:17","372.7","2","4.40","385.3","2","4.27","1010.5","17.7","101.12","16.648","33.407","374.3","387.0","365.1","377.5","-12.4","366.4","378.8","-12.4"
"CCE1_122W_33N","33.460","-122.500","09/23/2010","03:17","374.0","2","4.20","385.6","2","4.07","1010.6","17.7","101.11","16.571","33.397","375.6","387.2","366.5","377.8","-11.3","367.8","379.1","-11.4"
"CCE1_122W_33N","33.460","-122.500","09/23/2010","06:17","374.7","2","4.15","385.5","2","4.03","1012.1","17.5","101.06","16.455","33.385","376.2","387.1","367.7","378.3","-10.6","369.0","379.6","-10.6"
"CCE1_122W_33N","33.460","-122.500","09/23/2010","09:17","375.7","2","4.13","385.6","2","4.00","1011.9","17.4","101.06","16.383","33.380","377.3","387.1","368.7","378.3","-9.6","370.0","379.6","-9.7"
"CCE1_122W_33N","33.460","-122.500","09/23/2010","12:17","374.5","2","4.10","385.4","2","3.97","1011.3","17.3","100.97","16.403","33.389","376.0","386.9","367.2","377.9","-10.7","368.5","379.2","-10.7"
"CCE1_122W_33N","33.460","-122.500","09/23/2010","15:17","372.3","2","4.07","385.1","2","4.14","1012.7","17.2","100.87","16.452","33.405","373.9","386.7","365.6","378.1","-12.5","366.9","379.4","-12.6"
"CCE1_122W_33N","33.460","-122.500","09/23/2010","18:17","372.2","2","4.03","385.3","2","3.91","1013.8","17.1","100.87","16.394","33.389","373.7","386.8","365.9","378.7","-12.8","367.2","380.0","-12.8"
"CCE1_122W_33N","33.460","-122.500","09/23/2010","21:17","372.0","2","4.05","385.1","2","3.92","1012.8","17.1","100.97","16.534","33.396","373.5","386.6","365.2","378.1","-12.8","366.5","379.4","-12.9"
"CCE1_122W_33N","33.460","-122.500","09/24/2010","00:17","366.3","2","4.12","385.2","2","3.99","1012.1","17.4","101.02","16.756","33.438","367.8","386.7","359.3","377.8","-18.5","360.6","379.2","-18.5"
"CCE1_122W_33N","33.460","-122.500","09/24/2010","03:17","367.8","2","4.15","385.1","2","3.82","1012.0","17.5","101.11","16.639","33.417","369.4","386.6","360.9","377.7","-16.9","362.1","379.0","-16.9"
"CCE1_122W_33N","33.460","-122.500","09/24/2010","06:17","369.7","2","4.11","385.2","2","3.98","1012.9","17.4","101.01","16.570","33.404","371.2","386.7","363.0","378.2","-15.2","364.3","379.5","-15.3"
"CCE1_122W_33N","33.460","-122.500","09/24/2010","09:17","371.2","2","4.09","385.4","2","3.97","1012.3","17.3","101.01","16.545","33.403","372.7","386.9","364.3","378.2","-13.9","365.6","379.5","-13.9"
"CCE1_122W_33N","33.460","-122.500","09/24/2010","12:17","369.3","2","4.11","385.3","2","3.98","1011.9","17.3","100.92","16.523","33.409","370.8","386.9","362.3","378.0","-15.7","363.6","379.3","-15.7"
"CCE1_122W_33N","33.460","-122.500","09/24/2010","15:17","368.6","2","4.31","385.1","2","4.19","1013.5","17.4","100.82","16.513","33.437","370.2","386.8","362.3","378.5","-16.2","363.5","379.8","-16.3"
"CCE1_122W_33N","33.460","-122.500","09/24/2010","18:17","375.7","2","4.31","385.6","2","4.19","1014.2","17.4","100.82","16.280","33.420","377.3","387.2","369.6","379.3","-9.7","370.9","380.7","-9.7"
"CCE1_122W_33N","33.460","-122.500","09/24/2010","21:17","378.9","2","4.28","386.0","2","3.96","1013.8","17.3","100.87","16.286","33.415","380.5","387.5","372.6","379.4","-6.8","373.9","380.8","-6.9"
"CCE1_122W_33N","33.460","-122.500","09/25/2010","00:17","373.4","2","4.31","385.7","2","4.19","1013.5","17.4","100.96","16.581","33.419","375.1","387.3","367.0","379.0","-12.0","368.3","380.3","-12.0"
"CCE1_122W_33N","33.460","-122.500","09/25/2010","03:17","371.7","2","4.15","386.0","2","4.02","1013.2","17.5","100.96","16.457","33.421","373.2","387.5","365.2","379.1","-14.0","366.5","380.5","-14.0"
"CCE1_122W_33N","33.460","-122.500","09/25/2010","06:17","377.2","2","4.09","386.1","2","3.97","1013.5","17.3","100.96","16.163","33.409","378.8","387.6","370.8","379.5","-8.7","372.1","380.8","-8.7"
"CCE1_122W_33N","33.460","-122.500","09/25/2010","09:17","379.3","2","4.06","386.0","2","3.93","1012.7","17.2","100.92","16.088","33.432","380.8","387.5","372.5","379.1","-6.6","373.9","380.5","-6.6"
"CCE1_122W_33N","33.460","-122.500","09/25/2010","12:17","388.0","2","4.03","386.1","2","3.91","1012.5","17.1","100.82","15.975","33.505","389.5","387.6","381.0","379.1","1.9","382.4","380.5","1.9"
"CCE1_122W_33N","33.460","-122.500","09/25/2010","15:17","388.4","2","4.40","385.5","2","4.28","1013.7","17.0","100.82","15.943","33.533","390.1","387.1","382.1","379.1","2.9","383.5","380.5","2.9"
"CCE1_122W_33N","33.460","-122.500","09/25/2010","18:17","388.8","2","4.05","385.5","2","4.12","1013.8","17.1","100.92","16.143","33.543","390.4","387.1","382.3","379.1","3.3","383.7","380.4","3.3"
"CCE1_122W_33N","33.460","-122.500","09/25/2010","21:17","388.2","2","4.11","385.4","2","3.99","1011.7","17.4","101.01","16.321","33.537","389.8","387.0","380.8","378.1","2.7","382.2","379.4","2.7"
"CCE1_122W_33N","33.460","-122.500","09/26/2010","00:17","388.0","2","4.35","385.5","2","4.23","1010.4","17.5","101.16","16.361","33.529","389.7","387.2","380.3","377.8","2.5","381.6","379.1","2.5"
"CCE1_122W_33N","33.460","-122.500","09/26/2010","03:17","387.0","2","3.95","385.9","2","4.02","1010.9","17.5","101.21","16.302","33.532","388.5","387.4","379.3","378.2","1.1","380.7","379.6","1.1"
"CCE1_122W_33N","33.460","-122.500","09/26/2010","06:17","384.2","2","4.32","386.4","2","4.20","1011.3","17.4","101.26","16.249","33.529","385.9","388.0","376.9","379.0","-2.1","378.2","380.3","-2.1"
"CCE1_122W_33N","33.460","-122.500","09/26/2010","09:17","386.0","2","4.09","386.5","2","3.97","1011.2","17.3","101.21","16.194","33.529","387.5","388.0","378.5","379.0","-0.4","379.9","380.3","-0.4"
"CCE1_122W_33N","33.460","-122.500","09/26/2010","12:17","387.2","2","4.06","386.7","2","3.94","1010.2","17.1","101.11","16.192","33.518","388.7","388.2","379.3","378.8","0.5","380.7","380.1","0.5"
"CCE1_122W_33N","33.460","-122.500","09/26/2010","15:17","384.0","2","4.05","386.4","2","3.92","1010.9","17.1","100.82","16.124","33.430","385.6","387.9","376.5","378.7","-2.2","377.9","380.1","-2.2"
"CCE1_122W_33N","33.460","-122.500","09/26/2010","18:17","389.3","2","4.23","386.4","2","4.11","1011.1","17.1","100.82","16.045","33.488","390.9","388.0","381.8","379.0","2.8","383.2","380.3","2.8"
"CCE1_122W_33N","33.460","-122.500","09/26/2010","21:17","389.4","2","4.24","386.6","2","4.12","1009.7","17.1","100.77","16.101","33.503","391.1","388.2","381.4","378.6","2.8","382.8","380.0","2.8"
"CCE1_122W_33N","33.460","-122.500","09/27/2010","00:17","386.2","2","4.26","387.0","2","4.15","1008.8","17.1","100.82","16.199","33.517","387.9","388.7","377.9","378.7","-0.7","379.3","380.0","-0.8"
"CCE1_122W_33N","33.460","-122.500","09/27/2010","03:17","387.3","2","4.08","386.7","2","3.95","1008.3","17.2","100.92","16.177","33.513","388.9","388.3","378.7","378.1","0.6","380.1","379.5","0.6"
"CCE1_122W_33N","33.460","-122.500","09/27/2010","06:17","389.1","2","4.28","386.4","2","4.15","1008.6","17.2","101.02","16.179","33.503","390.8","388.0","380.7","378.0","2.6","382.0","379.4","2.6"
"CCE1_122W_33N","33.460","-122.500","09/27/2010","09:17","390.3","2","4.28","386.1","2","4.16","1007.7","17.2","101.02","16.232","33.497","392.0","387.7","381.5","377.4","4.1","382.8","378.7","4.1"
"CCE1_122W_33N","33.460","-122.500","09/27/2010","12:17","391.1","2","4.09","386.3","2","4.17","1006.7","17.2","100.97","16.189","33.494","392.7","388.0","381.8","377.2","4.6","383.2","378.5","4.7"
"CCE1_122W_33N","33.460","-122.500","09/27/2010","15:17","387.2","2","4.49","386.6","2","4.37","1007.5","17.2","101.02","16.188","33.495","389.0","388.3","378.5","377.8","0.7","379.9","379.1","0.7"
"CCE1_122W_33N","33.460","-122.500","09/27/2010","18:17","379.6","2","4.10","387.7","2","4.18","1008.3","17.3","100.97","16.344","33.432","381.2","389.3","371.2","379.1","-7.9","372.5","380.4","-7.9"
"CCE1_122W_33N","33.460","-122.500","09/27/2010","21:17","376.9","2","4.36","387.3","2","4.23","1007.1","17.5","100.92","16.618","33.424","378.5","388.9","368.0","378.1","-10.1","369.3","379.5","-10.2"
"CCE1_122W_33N","33.460","-122.500","09/28/2010","00:17","378.3","2","4.39","387.6","2","4.47","1006.4","17.6","101.02","16.541","33.430","380.0","389.4","369.2","378.3","-9.1","370.5","379.6","-9.1"
"CCE1_122W_33N","33.460","-122.500","09/28/2010","03:17","379.9","2","3.98","387.6","2","3.85","1007.1","17.6","100.92","16.559","33.423","381.4","389.1","370.8","378.3","-7.4","372.2","379.6","-7.4"
"CCE1_122W_33N","33.460","-122.500","09/28/2010","06:17","377.6","2","4.16","388.8","2","4.23","1007.7","17.5","101.02","16.352","33.419","379.1","390.4","368.9","379.9","-11.0","370.2","381.3","-11.0"
"CCE1_122W_33N","33.460","-122.500","09/28/2010","09:17","384.5","2","4.32","389.3","2","4.20","1007.3","17.3","100.92","16.353","33.431","386.2","390.9","375.6","380.3","-4.6","377.0","381.6","-4.6"
"CCE1_122W_33N","33.460","-122.500","09/28/2010","12:17","387.4","2","4.33","387.8","2","4.20","1007.3","17.4","100.92","16.357","33.492","389.1","389.4","378.5","378.8","-0.3","379.8","380.1","-0.3"
"CCE1_122W_33N","33.460","-122.500","09/28/2010","15:17","391.1","2","4.29","387.1","2","4.37","1008.0","17.2","100.87","16.105","33.474","392.8","388.8","382.4","378.5","3.9","383.8","379.9","4.0"
"CCE1_122W_33N","33.460","-122.500","09/28/2010","18:17","387.1","2","4.13","386.8","2","4.00","1008.3","17.4","100.92","16.466","33.493","388.7","388.3","378.4","378.0","0.4","379.7","379.4","0.4"
"CCE1_122W_33N","33.460","-122.500","09/28/2010","21:17","388.2","2","4.19","386.9","2","4.06","1007.6","17.6","101.12","16.712","33.489","389.8","388.5","379.1","377.9","1.2","380.4","379.2","1.2"
"CCE1_122W_33N","33.460","-122.500","09/29/2010","00:17","385.1","2","4.44","387.5","2","4.31","1006.7","17.8","101.31","16.765","33.485","386.8","389.2","375.8","378.1","-2.3","377.1","379.5","-2.3"
"CCE1_122W_33N","33.460","-122.500","09/29/2010","03:17","399.5","2","4.04","387.7","2","4.11","1007.5","17.8","101.36","16.766","33.490","401.2","389.3","390.1","378.5","11.6","391.5","379.9","11.6"
"CCE1_122W_33N","33.460","-122.500","09/29/2010","06:17","385.1","2","4.22","388.5","2","4.09","1007.6","17.7","101.36","16.720","33.484","386.7","390.1","376.1","379.4","-3.3","377.4","380.7","-3.3"
"CCE1_122W_33N","33.460","-122.500","09/29/2010","09:17","386.0","2","3.97","388.3","2","4.04","1007.1","17.5","101.31","16.652","33.480","387.5","389.8","376.7","379.0","-2.3","378.0","380.3","-2.3"
"CCE1_122W_33N","33.460","-122.500","09/29/2010","12:17","385.4","2","3.94","389.3","2","4.01","1007.3","17.4","101.26","16.586","33.475","387.0","390.8","376.3","380.1","-3.8","377.6","381.4","-3.8"
"CCE1_122W_33N","33.460","-122.500","09/29/2010","15:17","385.2","2","3.91","389.5","2","3.98","1008.1","17.3","101.21","16.526","33.467","386.7","391.1","376.4","380.6","-4.2","377.7","381.9","-4.2"
"CCE1_122W_33N","33.460","-122.500","09/29/2010","18:17","387.4","2","4.09","391.7","2","3.96","1008.1","17.2","101.21","16.565","33.456","389.0","393.2","378.6","382.7","-4.1","379.9","384.0","-4.1"
"CCE1_122W_33N","33.460","-122.500","09/29/2010","21:17","386.9","2","4.31","390.5","2","4.19","1006.5","17.3","101.36","16.628","33.458","388.5","392.2","377.5","381.0","-3.6","378.8","382.4","-3.6"
"CCE1_122W_33N","33.460","-122.500","09/30/2010","00:17","385.6","2","4.14","391.7","2","4.01","1006.0","17.4","101.41","16.646","33.457","387.2","393.2","376.0","381.9","-5.8","377.4","383.2","-5.9"
"CCE1_122W_33N","33.460","-122.500","09/30/2010","03:17","387.9","2","4.12","389.0","2","4.00","1006.2","17.3","101.45","16.543","33.452","389.5","390.6","378.4","379.4","-1.1","379.7","380.8","-1.1"
"CCE1_122W_33N","33.460","-122.500","09/30/2010","06:17","388.6","2","4.11","388.4","2","3.99","1007.2","17.3","101.35","16.481","33.437","390.2","390.0","379.5","379.2","0.2","380.8","380.6","0.2"
"CCE1_122W_33N","33.460","-122.500","09/30/2010","09:17","392.1","2","4.07","387.6","2","3.94","1006.7","17.1","101.21","16.495","33.440","393.7","389.2","382.6","378.3","4.4","384.0","379.6","4.4"
"CCE1_122W_33N","33.460","-122.500","09/30/2010","12:17","392.2","2","4.06","387.4","2","3.94","1006.3","17.1","101.07","16.478","33.439","393.8","388.9","382.6","377.9","4.7","384.0","379.2","4.7"
"CCE1_122W_33N","33.460","-122.500","09/30/2010","15:17","388.2","2","4.06","387.9","2","3.94","1008.0","17.1","100.97","16.429","33.439","389.8","389.5","379.4","379.1","0.3","380.7","380.4","0.3"
"CCE1_122W_33N","33.460","-122.500","09/30/2010","18:17","386.4","2","4.27","389.4","2","4.15","1008.9","17.2","101.01","16.492","33.444","388.1","391.1","378.0","380.9","-2.9","379.3","382.3","-2.9"
"CCE1_122W_33N","33.460","-122.500","09/30/2010","21:17","386.0","2","4.32","389.0","2","4.20","1008.6","17.4","101.11","16.630","33.459","387.7","390.6","377.5","380.3","-2.9","378.8","381.7","-2.9"
"CCE1_122W_33N","33.460","-122.500","10/01/2010","00:17","384.0","2","4.35","389.1","2","4.23","1008.4","17.5","101.16","16.633","33.462","385.6","390.8","375.4","380.4","-5.0","376.7","381.7","-5.0"
"CCE1_122W_33N","33.460","-122.500","10/01/2010","03:17","384.9","2","4.32","389.1","2","4.20","1009.9","17.4","101.21","16.500","33.452","386.6","390.7","377.0","381.0","-4.0","378.3","382.3","-4.0"
"CCE1_122W_33N","33.460","-122.500","10/01/2010","06:17","384.6","2","4.11","390.1","2","4.18","1011.4","17.3","101.06","16.453","33.455","386.2","391.8","377.1","382.6","-5.5","378.5","384.0","-5.5"
"CCE1_122W_33N","33.460","-122.500","10/01/2010","09:17","389.1","2","4.08","389.7","2","4.16","1011.0","17.2","100.92","16.458","33.460","390.7","391.4","381.4","382.1","-0.6","382.8","383.4","-0.6"
"CCE1_122W_33N","33.460","-122.500","10/01/2010","12:17","389.4","2","4.27","388.2","2","4.15","1011.5","17.2","100.82","16.430","33.459","391.1","389.8","381.9","380.8","1.2","383.3","382.1","1.2"
"CCE1_122W_33N","33.460","-122.500","10/01/2010","15:17","387.2","2","4.26","388.1","2","4.13","1013.3","17.2","100.77","16.450","33.469","388.9","389.7","380.5","381.3","-0.8","381.8","382.6","-0.8"
"CCE1_122W_33N","33.460","-122.500","10/01/2010","18:17","384.4","2","4.26","387.3","2","4.14","1014.4","17.2","100.82","16.448","33.473","386.1","388.9","378.2","381.0","-2.8","379.5","382.3","-2.8"
"CCE1_122W_33N","33.460","-122.500","10/01/2010","21:17","383.4","2","4.29","386.9","2","4.17","1013.5","17.3","100.91","16.475","33.480","385.0","388.5","376.8","380.2","-3.4","378.1","381.6","-3.4"
"CCE1_122W_33N","33.460","-122.500","10/02/2010","00:17","382.3","2","4.11","386.5","2","3.98","1012.9","17.4","101.01","16.481","33.481","383.9","388.0","375.4","379.5","-4.1","376.8","380.9","-4.1"
"CCE1_122W_33N","33.460","-122.500","10/02/2010","03:17","387.1","2","4.08","386.2","2","3.96","1013.4","17.3","101.01","16.453","33.489","388.7","387.8","380.3","379.4","0.9","381.7","380.8","0.9"
"CCE1_122W_33N","33.460","-122.500","10/02/2010","06:17","385.9","2","4.08","386.4","2","3.95","1014.1","17.3","100.91","16.440","33.448","387.5","388.0","379.4","379.9","-0.5","380.8","381.3","-0.5"
"CCE1_122W_33N","33.460","-122.500","10/02/2010","09:17","387.0","2","4.06","386.5","2","3.94","1013.2","17.2","100.82","16.453","33.453","388.6","388.0","380.2","379.6","0.6","381.5","381.0","0.6"
"CCE1_122W_33N","33.460","-122.500","10/02/2010","12:17","386.0","2","4.04","386.0","2","3.92","1012.7","17.1","100.77","16.428","33.462","387.6","387.6","379.0","379.0","0.0","380.3","380.3","0.0"
"CCE1_122W_33N","33.460","-122.500","10/02/2010","15:17","383.0","2","4.21","385.9","2","4.10","1013.6","17.0","100.77","16.432","33.471","384.6","387.5","376.5","379.2","-2.8","377.8","380.6","-2.8"
"CCE1_122W_33N","33.460","-122.500","10/02/2010","18:17","380.2","2","4.24","385.7","2","4.11","1014.5","17.1","100.87","16.519","33.474","381.8","387.3","374.0","379.3","-5.3","375.3","380.7","-5.3"
"CCE1_122W_33N","33.460","-122.500","10/02/2010","21:17","378.8","2","4.28","385.5","2","4.16","1013.1","17.3","101.06","16.620","33.478","380.5","387.1","372.1","378.6","-6.5","373.4","380.0","-6.5"
"CCE1_122W_33N","33.460","-122.500","10/03/2010","00:17","377.1","2","4.12","385.8","2","4.00","1012.0","17.4","101.21","16.674","33.480","378.6","387.4","369.9","378.5","-8.6","371.2","379.8","-8.6"
"CCE1_122W_33N","33.460","-122.500","10/03/2010","03:17","383.3","2","3.89","386.0","2","3.76","1012.4","17.3","101.06","16.634","33.480","384.7","387.5","376.0","378.7","-2.7","377.4","380.1","-2.7"
"CCE1_122W_33N","33.460","-122.500","10/03/2010","06:17","385.3","2","4.06","386.0","2","3.93","1013.5","17.2","100.91","16.556","33.461","386.8","387.5","378.5","379.2","-0.7","379.9","380.6","-0.7"
"CCE1_122W_33N","33.460","-122.500","10/03/2010","09:17","386.6","2","4.06","386.1","2","3.93","1013.8","17.2","100.77","16.472","33.445","388.1","387.6","380.0","379.4","0.5","381.3","380.8","0.5"
"CCE1_122W_33N","33.460","-122.500","10/03/2010","12:17","387.6","2","4.04","386.0","2","3.91","1013.2","17.1","100.63","16.501","33.458","389.2","387.5","380.7","379.1","1.6","382.1","380.4","1.6"
"CCE1_122W_33N","33.460","-122.500","10/03/2010","15:17","381.4","2","4.03","386.0","2","3.91","1014.1","17.1","100.63","16.494","33.457","382.9","387.5","374.9","379.4","-4.5","376.3","380.8","-4.5"
"CCE1_122W_33N","33.460","-122.500","10/03/2010","18:17","379.8","2","4.25","385.8","2","3.94","1015.1","17.2","100.72","16.559","33.471","381.5","387.3","373.9","379.6","-5.7","375.2","380.9","-5.7"
"CCE1_122W_33N","33.460","-122.500","10/03/2010","21:17","380.2","2","4.31","385.9","2","3.99","1013.7","17.4","100.91","16.731","33.474","381.9","387.5","373.7","379.1","-5.5","375.0","380.5","-5.5"
"CCE1_122W_33N","33.460","-122.500","10/04/2010","00:17","378.2","2","4.13","386.1","2","4.01","1013.0","17.5","101.06","16.735","33.477","379.8","387.6","371.4","379.0","-7.7","372.7","380.4","-7.7"
"CCE1_122W_33N","33.460","-122.500","10/04/2010","03:17","383.5","2","4.11","386.2","2","3.78","1013.8","17.4","100.96","16.688","33.479","385.1","387.6","376.9","379.4","-2.5","378.2","380.7","-2.5"
"CCE1_122W_33N","33.460","-122.500","10/04/2010","06:17","382.4","2","4.06","386.1","2","3.74","1014.7","17.2","100.96","16.650","33.482","384.0","387.6","376.1","379.7","-3.6","377.5","381.0","-3.6"
"CCE1_122W_33N","33.460","-122.500","10/04/2010","09:17","382.2","2","3.86","386.2","2","3.73","1015.1","17.2","100.86","16.590","33.482","383.7","387.6","376.0","379.9","-3.9","377.4","381.3","-3.9"
"CCE1_122W_33N","33.460","-122.500","10/04/2010","12:17","382.9","2","4.24","386.2","2","3.92","1015.2","17.2","100.86","16.522","33.483","384.5","387.7","376.9","380.1","-3.1","378.3","381.4","-3.1"
"CCE1_122W_33N","33.460","-122.500","10/04/2010","15:17","379.9","2","4.22","385.9","2","3.90","1016.7","17.1","100.91","16.486","33.482","381.5","387.4","374.5","380.3","-5.8","375.8","381.7","-5.8"
"CCE1_122W_33N","33.460","-122.500","10/04/2010","18:17","384.1","2","4.05","385.5","2","3.92","1017.8","17.2","100.86","16.579","33.481","385.7","387.0","379.0","380.3","-1.3","380.4","381.7","-1.3"
"CCE1_122W_33N","33.460","-122.500","10/04/2010","21:17","378.4","2","4.10","385.4","2","3.98","1016.8","17.4","101.01","16.708","33.481","379.9","387.0","372.9","379.8","-6.9","374.3","381.2","-6.9"
"CCE1_122W_33N","33.460","-122.500","10/05/2010","00:17","379.1","2","4.14","385.5","2","4.01","1016.0","17.5","101.20","16.677","33.482","380.7","387.1","373.4","379.6","-6.2","374.7","381.0","-6.3"
"CCE1_122W_33N","33.460","-122.500","10/05/2010","03:17","380.8","2","4.13","385.5","2","3.80","1016.5","17.5","101.10","16.642","33.481","382.4","386.9","375.3","379.7","-4.5","376.6","381.1","-4.5"
"CCE1_122W_33N","33.460","-122.500","10/05/2010","06:17","382.4","2","4.31","385.5","2","4.19","1017.1","17.5","101.05","16.573","33.474","384.0","387.1","377.1","380.1","-3.0","378.5","381.5","-3.0"
"CCE1_122W_33N","33.460","-122.500","10/05/2010","09:17","382.7","2","4.31","385.5","2","4.19","1015.8","17.4","101.01","16.524","33.474","384.4","387.1","377.0","379.7","-2.7","378.3","381.1","-2.7"
"CCE1_122W_33N","33.460","-122.500","10/05/2010","12:17","383.3","2","3.89","385.2","2","3.76","1014.6","17.3","100.86","16.436","33.470","384.8","386.7","377.0","378.8","-1.9","378.3","380.2","-1.9"
"CCE1_122W_33N","33.460","-122.500","10/05/2010","15:17","384.2","2","4.03","384.9","2","3.91","1014.8","17.1","100.77","16.388","33.468","385.7","386.4","378.0","378.7","-0.7","379.4","380.0","-0.7"
"CCE1_122W_33N","33.460","-122.500","10/05/2010","18:17","381.7","2","4.19","385.2","2","3.87","1015.2","16.9","100.82","16.373","33.467","383.3","386.7","375.8","379.1","-3.3","377.1","380.5","-3.4"
"CCE1_122W_33N","33.460","-122.500","10/05/2010","21:17","380.4","2","4.20","385.1","2","3.88","1013.7","17.0","100.87","16.398","33.471","382.0","386.6","374.0","378.5","-4.5","375.3","379.8","-4.5"
"CCE1_122W_33N","33.460","-122.500","10/06/2010","00:17","379.7","2","4.01","385.6","2","3.69","1012.3","17.0","100.96","16.384","33.471","381.3","387.0","372.7","378.3","-5.6","374.0","379.7","-5.7"
"CCE1_122W_33N","33.460","-122.500","10/06/2010","03:17","381.3","2","3.97","386.0","2","3.85","1012.8","16.8","100.96","16.361","33.467","382.8","387.4","374.4","378.9","-4.5","375.8","380.3","-4.5"
"CCE1_122W_33N","33.460","-122.500","10/06/2010","06:17","381.8","2","3.95","386.2","2","3.63","1013.0","16.7","100.92","16.325","33.463","383.3","387.6","375.0","379.2","-4.2","376.3","380.6","-4.2"
"CCE1_122W_33N","33.460","-122.500","10/06/2010","09:17","383.8","2","3.95","386.5","2","3.64","1012.3","16.7","100.87","16.305","33.462","385.3","387.9","376.7","379.2","-2.5","378.1","380.5","-2.5"
"CCE1_122W_33N","33.460","-122.500","10/06/2010","12:17","384.4","2","3.96","386.4","2","3.65","1011.8","16.8","100.77","16.292","33.462","385.9","387.8","377.1","378.9","-1.8","378.5","380.3","-1.8"
"CCE1_122W_33N","33.460","-122.500","10/06/2010","15:17","384.3","2","3.96","386.4","2","3.64","1012.8","16.7","100.72","16.283","33.430","385.8","387.9","377.4","379.4","-2.0","378.7","380.7","-2.0"
"CCE1_122W_33N","33.460","-122.500","10/06/2010","18:17","382.2","2","4.16","386.1","2","3.86","1013.8","16.8","100.72","16.301","33.464","383.8","387.6","375.8","379.5","-3.8","377.1","380.9","-3.8"
"CCE1_122W_33N","33.460","-122.500","10/06/2010","21:17","381.7","2","4.02","385.9","2","3.71","1013.6","17.0","100.77","16.359","33.467","383.2","387.3","375.1","379.1","-4.0","376.4","380.5","-4.0"
"CCE1_122W_33N","33.460","-122.500","10/07/2010","00:17","379.9","2","4.05","385.8","2","3.73","1013.0","17.1","100.92","16.424","33.470","381.5","387.2","373.1","378.8","-5.7","374.5","380.1","-5.7"
"CCE1_122W_33N","33.460","-122.500","10/07/2010","03:17","383.1","2","4.06","385.9","2","3.74","1014.3","17.2","100.72","16.369","33.468","384.7","387.3","376.8","379.4","-2.6","378.2","380.7","-2.6"
"CCE1_122W_33N","33.460","-122.500","10/07/2010","06:17","382.4","2","4.25","385.8","2","3.93","1015.4","17.2","100.72","16.328","33.461","384.0","387.3","376.6","379.8","-3.3","377.9","381.2","-3.3"
"CCE1_122W_33N","33.460","-122.500","10/07/2010","09:17","385.7","2","4.05","386.4","2","3.73","1015.7","17.2","100.63","16.337","33.467","387.3","387.9","379.9","380.5","-0.6","381.2","381.8","-0.6"
"CCE1_122W_33N","33.460","-122.500","10/07/2010","12:17","385.7","2","4.03","386.8","2","3.71","1016.2","17.1","100.48","16.315","33.469","387.3","388.2","380.1","381.0","-1.0","381.4","382.4","-1.0"
"CCE1_122W_33N","33.460","-122.500","10/07/2010","15:17","382.5","2","4.37","386.3","2","4.26","1017.4","17.0","100.43","16.303","33.468","384.2","387.9","377.5","381.2","-3.7","378.9","382.6","-3.7"
"CCE1_122W_33N","33.460","-122.500","10/07/2010","18:17","385.0","2","4.49","385.9","2","4.57","1019.1","17.4","100.63","16.401","33.478","386.8","387.7","380.6","381.6","-0.9","382.0","382.9","-0.9"
"CCE1_122W_33N","33.460","-122.500","10/07/2010","21:17","392.7","2","4.90","386.1","2","4.79","1018.3","18.2","100.77","16.605","33.575","394.6","388.0","388.0","381.4","6.5","389.4","382.8","6.6"
"CCE1_122W_33N","33.460","-122.500","10/08/2010","00:17","390.9","2","4.71","386.7","2","4.14","1018.1","18.9","100.72","17.112","33.566","392.7","388.3","385.8","381.4","4.4","387.2","382.8","4.4"
"CCE1_122W_33N","33.460","-122.500","10/08/2010","03:17","397.0","2","4.17","386.8","2","3.60","1019.0","18.5","100.53","17.051","33.473","398.7","388.2","392.0","381.8","10.3","393.4","383.1","10.3"
"CCE1_122W_33N","33.460","-122.500","10/08/2010","06:17","385.3","2","4.01","386.0","2","3.67","1019.2","17.9","100.62","16.648","33.443","386.8","387.4","380.6","381.2","-0.6","382.0","382.6","-0.6"
"CCE1_122W_33N","33.460","-122.500","10/08/2010","09:17","385.0","2","3.90","386.4","2","3.57","1019.1","17.4","100.53","16.386","33.446","386.5","387.7","380.4","381.6","-1.2","381.7","383.0","-1.2"
"CCE1_122W_33N","33.460","-122.500","10/08/2010","12:17","382.9","2","4.02","386.1","2","3.70","1019.0","17.1","100.62","16.381","33.447","384.4","387.6","378.3","381.4","-3.1","379.7","382.8","-3.1"
"CCE1_122W_33N","33.460","-122.500","10/08/2010","15:17","379.3","2","4.16","386.0","2","3.85","1019.9","16.9","100.67","16.349","33.446","380.9","387.5","375.2","381.7","-6.5","376.6","383.1","-6.5"
"CCE1_122W_33N","33.460","-122.500","10/08/2010","18:17","378.2","2","4.39","385.7","2","4.08","1021.0","17.1","100.72","16.532","33.456","379.9","387.3","374.5","381.8","-7.3","375.8","383.2","-7.4"
"CCE1_122W_33N","33.460","-122.500","10/08/2010","21:17","379.6","2","4.07","386.0","2","3.95","1019.7","17.3","100.77","16.720","33.459","381.2","387.6","375.2","381.5","-6.3","376.6","382.9","-6.3"
"CCE1_122W_33N","33.460","-122.500","10/09/2010","00:17","376.1","2","4.29","386.0","2","3.97","1019.3","17.4","101.01","16.488","33.446","377.7","387.5","371.8","381.4","-9.7","373.1","382.8","-9.7"
"CCE1_122W_33N","33.460","-122.500","10/09/2010","03:17","378.2","2","3.87","386.4","2","3.74","1020.0","17.3","101.01","16.441","33.449","379.6","387.9","374.0","382.1","-8.1","375.3","383.4","-8.1"
"CCE1_122W_33N","33.460","-122.500","10/09/2010","06:17","380.4","2","4.04","386.7","2","3.72","1020.1","17.2","101.06","16.496","33.455","381.9","388.1","376.2","382.3","-6.1","377.6","383.7","-6.1"
"CCE1_122W_33N","33.460","-122.500","10/09/2010","09:17","380.2","2","4.02","387.2","2","3.71","1020.1","17.1","100.96","16.412","33.450","381.8","388.7","376.1","382.9","-6.8","377.4","384.3","-6.8"
"CCE1_122W_33N","33.460","-122.500","10/09/2010","12:17","381.0","2","4.21","387.0","2","3.90","1020.0","17.1","100.86","16.396","33.455","382.6","388.5","376.9","382.7","-5.9","378.2","384.1","-5.9"
"CCE1_122W_33N","33.460","-122.500","10/09/2010","15:17","378.0","2","4.22","386.7","2","4.10","1020.4","17.2","100.86","16.384","33.458","379.6","388.3","374.1","382.7","-8.6","375.4","384.0","-8.6"
"CCE1_122W_33N","33.460","-122.500","10/09/2010","18:17","376.0","2","4.04","386.5","2","3.92","1021.2","17.2","100.96","16.436","33.458","377.6","388.0","372.3","382.7","-10.4","373.7","384.1","-10.4"
"CCE1_122W_33N","33.460","-122.500","10/09/2010","21:17","376.2","2","4.07","386.3","2","3.94","1019.5","17.3","101.06","16.522","33.461","377.8","387.8","371.9","381.8","-9.9","373.2","383.2","-9.9"
"CCE1_122W_33N","33.460","-122.500","10/10/2010","00:17","374.6","2","4.10","386.2","2","3.98","1018.5","17.4","101.16","16.500","33.455","376.2","387.7","370.0","381.3","-11.3","371.3","382.7","-11.4"
"CCE1_122W_33N","33.460","-122.500","10/10/2010","03:17","376.7","2","4.11","386.3","2","3.78","1018.7","17.5","101.15","16.457","33.459","378.2","387.8","372.1","381.5","-9.4","373.4","382.8","-9.4"
"CCE1_122W_33N","33.460","-122.500","10/10/2010","06:17","377.2","2","4.29","386.6","2","4.17","1018.7","17.4","101.15","16.462","33.461","378.8","388.2","372.6","381.9","-9.3","374.0","383.3","-9.3"
"CCE1_122W_33N","33.460","-122.500","10/10/2010","09:17","378.2","2","4.28","386.6","2","4.16","1017.8","17.4","101.11","16.452","33.458","379.8","388.2","373.3","381.6","-8.2","374.7","382.9","-8.3"
"CCE1_122W_33N","33.460","-122.500","10/10/2010","12:17","379.5","2","4.08","386.6","2","3.76","1016.8","17.3","100.87","16.398","33.451","381.1","388.1","374.2","381.1","-6.9","375.5","382.4","-6.9"
"CCE1_122W_33N","33.460","-122.500","10/10/2010","15:17","380.9","2","4.28","386.5","2","4.16","1017.0","17.3","100.87","16.365","33.454","382.5","388.1","375.7","381.2","-5.5","377.0","382.5","-5.5"
"CCE1_122W_33N","33.460","-122.500","10/10/2010","18:17","381.1","2","4.27","386.5","2","4.15","1016.9","17.3","100.82","16.340","33.454","382.8","388.1","375.9","381.2","-5.3","377.3","382.5","-5.3"
"CCE1_122W_33N","33.460","-122.500","10/10/2010","21:17","383.8","2","4.48","386.6","2","4.36","1015.3","17.3","100.82","16.383","33.468","385.5","388.3","378.0","380.7","-2.7","379.3","382.1","-2.7"
"CCE1_122W_33N","33.460","-122.500","10/11/2010","00:17","382.2","2","4.10","386.6","2","3.98","1013.9","17.4","100.82","16.387","33.454","383.7","388.2","375.7","380.1","-4.3","377.1","381.4","-4.4"
"CCE1_122W_33N","33.460","-122.500","10/11/2010","03:17","383.7","2","4.11","386.5","2","3.99","1013.3","17.4","100.73","16.384","33.469","385.3","388.1","377.0","379.8","-2.7","378.3","381.1","-2.8"
"CCE1_122W_33N","33.460","-122.500","10/11/2010","06:17","384.3","2","4.31","386.9","2","4.19","1013.5","17.4","100.63","16.360","33.467","386.0","388.5","377.8","380.2","-2.4","379.1","381.6","-2.4"
