Mooring Name,Latitude,Longitude,Date,Time,xCO2 SW (wet) (umol/mol),CO2 SW QF,H2O SW (mmol/mol),xCO2 Air (wet) (umol/mol),CO2 Air QF,H2O Air (mmol/mol),Licor Atm Pressure (hPa),Licor Temp (C),MAPCO2 %O2,SST (C),Salinity,xCO2 SW (dry) (umol/mol),xCO2 Air (dry) (umol/mol),fCO2 SW (sat) uatm,fCO2 Air (sat) uatm,dfCO2,pCO2 SW (sat) uatm,pCO2 Air (sat) uatm,dpCO2
DABOB_122W_478N,47.803,-122.803,7/12/2012,3:17,250.5,2,19.3,392.4,2,17.89,1014.8,26.6,108.38,-999,-999,255.5,399.5,-999,-999,-999,-999,-999,-999
DABOB_122W_478N,47.803,-122.803,7/12/2012,6:17,246.7,2,14.95,402.2,2,14.59,1015.1,23.5,108.6,-999,-999,250.4,408.1,-999,-999,-999,-999,-999,-999
DABOB_122W_478N,47.803,-122.803,7/12/2012,9:17,257,2,12.84,413.9,2,12.81,1015,20.3,108.44,-999,-999,260.4,419.3,-999,-999,-999,-999,-999,-999
DABOB_122W_478N,47.803,-122.803,7/12/2012,12:17,251.3,2,11.79,420.2,2,11.57,1015.6,18.3,108.2,-999,-999,254.3,425.2,-999,-999,-999,-999,-999,-999
DABOB_122W_478N,47.803,-122.803,7/12/2012,15:17,251.2,2,11.83,436.8,2,11.83,1016.4,17.8,108.24,-999,-999,254.2,442.1,-999,-999,-999,-999,-999,-999
DABOB_122W_478N,47.803,-122.803,7/12/2012,18:17,261,2,13.52,415.9,2,13.13,1015.8,19.2,108.18,-999,-999,264.5,421.4,-999,-999,-999,-999,-999,-999
DABOB_122W_478N,47.803,-122.803,7/12/2012,21:17,256.5,2,17.12,394.6,2,16.28,1014.9,23.7,108.26,-999,-999,261,401.1,-999,-999,-999,-999,-999,-999
DABOB_122W_478N,47.803,-122.803,7/13/2012,0:17,255.1,2,19.35,386,2,18.64,1013.9,27,108.2,-999,-999,260.1,393.4,-999,-999,-999,-999,-999,-999
DABOB_122W_478N,47.803,-122.803,7/13/2012,3:17,255.5,2,18.86,379.6,2,18.09,1014.1,27.2,108.1,-999,-999,260.5,386.6,-999,-999,-999,-999,-999,-999
DABOB_122W_478N,47.803,-122.803,7/13/2012,6:17,249.3,2,15.99,388.3,2,15.62,1015.1,24.3,108.2,-999,-999,253.3,394.5,-999,-999,-999,-999,-999,-999
DABOB_122W_478N,47.803,-122.803,7/13/2012,9:17,246.5,2,13.9,401.6,2,13.61,1015.6,21.7,108.37,-999,-999,250,407.1,-999,-999,-999,-999,-999,-999
DABOB_122W_478N,47.803,-122.803,7/13/2012,12:17,269.1,2,12.48,404.4,2,12.45,1016.4,19.6,107.78,-999,-999,272.5,409.5,-999,-999,-999,-999,-999,-999
DABOB_122W_478N,47.803,-122.803,7/13/2012,15:17,269.8,2,12.28,405.1,2,12.07,1017.3,18.5,107.07,-999,-999,273.2,410.1,-999,-999,-999,-999,-999,-999
DABOB_122W_478N,47.803,-122.803,7/13/2012,18:17,256.6,2,11.73,404.4,2,11.72,1018.4,18.3,106.67,-999,-999,259.6,409.2,-999,-999,-999,-999,-999,-999
DABOB_122W_478N,47.803,-122.803,7/13/2012,21:17,247.6,2,12.98,398.6,2,12.79,1016.9,18.6,106.94,-999,-999,250.8,403.8,-999,-999,-999,-999,-999,-999
DABOB_122W_478N,47.803,-122.803,7/14/2012,0:17,260.5,2,14.5,395.1,2,14.25,1015.3,21.5,107.06,-999,-999,264.4,400.8,-999,-999,-999,-999,-999,-999
DABOB_122W_478N,47.803,-122.803,7/14/2012,3:17,252.6,2,13.97,394.7,2,13.73,1014.7,20.6,107.06,-999,-999,256.2,400.2,-999,-999,-999,-999,-999,-999
DABOB_122W_478N,47.803,-122.803,7/14/2012,6:17,258.2,2,13.03,412.3,2,13.03,1014.9,19.7,106.72,-999,-999,261.6,417.8,-999,-999,-999,-999,-999,-999
DABOB_122W_478N,47.803,-122.803,7/14/2012,9:17,256.5,2,12.34,428.6,2,12.34,1014.6,18.8,106.32,-999,-999,259.8,434,-999,-999,-999,-999,-999,-999
DABOB_122W_478N,47.803,-122.803,7/14/2012,12:17,259.9,2,11.74,439.7,2,11.94,1015,18,106.23,-999,-999,263,445.1,-999,-999,-999,-999,-999,-999
DABOB_122W_478N,47.803,-122.803,7/14/2012,15:17,253.3,2,12.36,431.2,2,12.58,1015.4,17.7,106.36,-999,-999,256.4,436.7,-999,-999,-999,-999,-999,-999
DABOB_122W_478N,47.803,-122.803,7/14/2012,18:17,250.4,2,13.43,413.1,2,13.45,1015,19.9,106.46,-999,-999,253.8,418.7,-999,-999,-999,-999,-999,-999
DABOB_122W_478N,47.803,-122.803,7/14/2012,21:17,242.8,2,14.63,408.9,2,14.43,1014.5,20.5,106.95,-999,-999,246.4,414.9,-999,-999,-999,-999,-999,-999
DABOB_122W_478N,47.803,-122.803,7/15/2012,0:17,251.5,2,17.23,387,2,16.98,1013.1,23.8,107.04,-999,-999,255.9,393.6,-999,-999,-999,-999,-999,-999
DABOB_122W_478N,47.803,-122.803,7/15/2012,3:17,238.2,2,19.29,382.7,2,18.59,1012.5,26.6,107.17,-999,-999,242.9,390,-999,-999,-999,-999,-999,-999
DABOB_122W_478N,47.803,-122.803,7/15/2012,6:17,243.3,2,16.06,393.8,2,16.01,1012.6,24.4,107.28,-999,-999,247.3,400.2,-999,-999,-999,-999,-999,-999
DABOB_122W_478N,47.803,-122.803,7/15/2012,9:17,245.4,2,13.84,401.6,2,14.05,1012.7,21.5,107.35,-999,-999,248.8,407.4,-999,-999,-999,-999,-999,-999
DABOB_122W_478N,47.803,-122.803,7/15/2012,12:17,252.1,2,12.39,402.9,2,12.59,1012.6,19.4,106.99,-999,-999,255.3,408,-999,-999,-999,-999,-999,-999
DABOB_122W_478N,47.803,-122.803,7/15/2012,15:17,254.1,2,11.44,404.7,2,11.43,1012.5,17.8,106.47,-999,-999,257.1,409.4,-999,-999,-999,-999,-999,-999
DABOB_122W_478N,47.803,-122.803,7/15/2012,18:17,246.9,2,11.34,395.7,2,11.34,1013.4,17.1,106.49,-999,-999,249.8,400.3,-999,-999,-999,-999,-999,-999
DABOB_122W_478N,47.803,-122.803,7/15/2012,21:17,241.2,2,11.93,389.7,2,11.74,1014.1,17.7,106.41,-999,-999,244.2,394.3,-999,-999,-999,-999,-999,-999
DABOB_122W_478N,47.803,-122.803,7/16/2012,0:17,239,2,11.86,389.4,2,11.66,1014.5,17.8,106.34,-999,-999,241.9,394,-999,-999,-999,-999,-999,-999
DABOB_122W_478N,47.803,-122.803,7/16/2012,3:17,238.7,2,11.54,397,2,11.34,1014,17.4,106.33,-999,-999,241.5,401.5,-999,-999,-999,-999,-999,-999
DABOB_122W_478N,47.803,-122.803,7/16/2012,6:17,238,2,11.34,408.2,2,11.34,1014,17.1,106.3,-999,-999,240.7,412.9,-999,-999,-999,-999,-999,-999
DABOB_122W_478N,47.803,-122.803,7/16/2012,9:17,242.9,2,11.23,421.1,2,11.23,1013.6,16.9,106.01,-999,-999,245.6,425.9,-999,-999,-999,-999,-999,-999
DABOB_122W_478N,47.803,-122.803,7/16/2012,12:17,241.1,2,11.1,425.4,2,11.1,1013.3,16.7,105.82,-999,-999,243.9,430.2,-999,-999,-999,-999,-999,-999
DABOB_122W_478N,47.803,-122.803,7/16/2012,15:17,242.7,2,11.52,420,2,11.54,1014,16.8,105.74,-999,-999,245.6,424.9,-999,-999,-999,-999,-999,-999
DABOB_122W_478N,47.803,-122.803,7/16/2012,18:17,239.5,2,12.87,395.9,2,12.69,1012.7,18.6,105.69,-999,-999,242.6,401,-999,-999,-999,-999,-999,-999
DABOB_122W_478N,47.803,-122.803,7/16/2012,21:17,248.7,2,16.86,392.1,2,16.37,1010.5,22.8,105.83,-999,-999,253,398.6,-999,-999,-999,-999,-999,-999
DABOB_122W_478N,47.803,-122.803,7/17/2012,0:17,249.3,2,19.32,391.9,2,17.96,1008.9,26.2,105.68,-999,-999,254.2,399.1,-999,-999,-999,-999,-999,-999
DABOB_122W_478N,47.803,-122.803,7/17/2012,3:17,265.8,2,20.71,404.6,2,18.92,1008.6,27.1,105.5,-999,-999,271.5,412.4,-999,-999,-999,-999,-999,-999
DABOB_122W_478N,47.803,-122.803,7/17/2012,6:17,260.8,2,16.11,425.8,2,15.74,1009.3,24.4,105.17,-999,-999,265.1,432.6,-999,-999,-999,-999,-999,-999
DABOB_122W_478N,47.803,-122.803,7/17/2012,9:17,254.7,2,13.98,453.6,2,13.94,1009.4,21.4,105.21,-999,-999,258.3,460,-999,-999,-999,-999,-999,-999
DABOB_122W_478N,47.803,-122.803,7/17/2012,12:17,261.6,2,12.99,434.7,2,12.98,1009.8,19.6,104.97,-999,-999,265.1,440.4,-999,-999,-999,-999,-999,-999
DABOB_122W_478N,47.803,-122.803,7/17/2012,15:17,254.5,2,13.47,427.7,2,13.49,1010.3,19.1,104.77,-999,-999,257.9,433.5,-999,-999,-999,-999,-999,-999
DABOB_122W_478N,47.803,-122.803,7/17/2012,18:17,256.7,2,16.23,429.7,2,15.5,1011,21.9,104.74,-999,-999,261,436.5,-999,-999,-999,-999,-999,-999
DABOB_122W_478N,47.803,-122.803,7/17/2012,21:17,257.9,2,17.28,402.1,2,16.68,1009.9,24.1,104.89,-999,-999,262.4,408.9,-999,-999,-999,-999,-999,-999
DABOB_122W_478N,47.803,-122.803,7/18/2012,0:17,253.8,2,16.96,390.9,2,16.66,1009.3,24,105.19,-999,-999,258.2,397.6,-999,-999,-999,-999,-999,-999
DABOB_122W_478N,47.803,-122.803,7/18/2012,3:17,250,2,16.92,377.8,2,16.58,1010.5,24.6,105.05,-999,-999,254.3,384.2,-999,-999,-999,-999,-999,-999
DABOB_122W_478N,47.803,-122.803,7/18/2012,6:17,251,2,14.42,395,2,14.38,1012.6,22.2,104.86,-999,-999,254.6,400.8,-999,-999,-999,-999,-999,-999
DABOB_122W_478N,47.803,-122.803,7/18/2012,9:17,252.3,2,12.99,397.7,2,12.97,1013.8,19.9,104.75,-999,-999,255.6,402.9,-999,-999,-999,-999,-999,-999
DABOB_122W_478N,47.803,-122.803,7/18/2012,12:17,255.3,2,12.12,398,2,12.11,1014.3,18.5,104.55,-999,-999,258.5,402.8,-999,-999,-999,-999,-999,-999
DABOB_122W_478N,47.803,-122.803,7/18/2012,15:17,255.4,2,12.13,394.2,2,11.93,1016,18,104.13,-999,-999,258.5,399,-999,-999,-999,-999,-999,-999
DABOB_122W_478N,47.803,-122.803,7/18/2012,18:17,268.4,2,13.04,394.1,2,12.65,1017.2,18.6,103.77,-999,-999,271.9,399.2,-999,-999,-999,-999,-999,-999
DABOB_122W_478N,47.803,-122.803,7/18/2012,21:17,259.7,2,15.73,386.9,2,14.76,1016.5,21.5,103.87,-999,-999,263.9,392.7,-999,-999,-999,-999,-999,-999
DABOB_122W_478N,47.803,-122.803,7/19/2012,0:17,263.2,2,16.39,385.5,2,15.75,1016.1,24.5,103.78,-999,-999,267.6,391.7,-999,-999,-999,-999,-999,-999
DABOB_122W_478N,47.803,-122.803,7/19/2012,3:17,264.4,2,15.37,387.3,2,14.78,1016.3,23.1,103.7,-999,-999,268.5,393.1,-999,-999,-999,-999,-999,-999
DABOB_122W_478N,47.803,-122.803,7/19/2012,6:17,260.5,2,13.85,389,2,13.34,1018,21.1,103.63,-999,-999,264.1,394.3,-999,-999,-999,-999,-999,-999
DABOB_122W_478N,47.803,-122.803,7/19/2012,9:17,255.3,2,12.37,412.8,2,12.13,1018.4,19.2,103.57,-999,-999,258.5,417.9,-999,-999,-999,-999,-999,-999
DABOB_122W_478N,47.803,-122.803,7/19/2012,12:17,258.8,2,11.71,421.6,2,11.71,1018.1,18,103.39,-999,-999,261.8,426.6,-999,-999,-999,-999,-999,-999
DABOB_122W_478N,47.803,-122.803,7/19/2012,15:17,259,2,12.25,397.1,2,11.86,1018.3,17.6,103.26,-999,-999,262.2,401.9,-999,-999,-999,-999,-999,-999
DABOB_122W_478N,47.803,-122.803,7/19/2012,18:17,262.3,2,13.8,386.5,2,13.18,1017.6,19.3,103.25,-999,-999,265.9,391.7,-999,-999,-999,-999,-999,-999
DABOB_122W_478N,47.803,-122.803,7/19/2012,21:17,275.9,2,16.4,385.8,2,15.31,1015,23,103.16,-999,-999,280.5,391.8,-999,-999,-999,-999,-999,-999
DABOB_122W_478N,47.803,-122.803,7/20/2012,0:17,287.2,2,19.34,383,2,17.74,1012.9,25.5,103.13,-999,-999,292.9,390,-999,-999,-999,-999,-999,-999
DABOB_122W_478N,47.803,-122.803,7/20/2012,3:17,289.4,2,18.64,398.4,2,17.58,1012.5,26.3,103.5,-999,-999,294.9,405.5,-999,-999,-999,-999,-999,-999
DABOB_122W_478N,47.803,-122.803,7/20/2012,6:17,292.1,2,16.29,427.3,2,15.65,1013.7,24,103.22,-999,-999,297,434.1,-999,-999,-999,-999,-999,-999
DABOB_122W_478N,47.803,-122.803,7/20/2012,9:17,277.5,2,15.1,406.2,2,14.56,1014.9,21.9,103.27,-999,-999,281.8,412.2,-999,-999,-999,-999,-999,-999
DABOB_122W_478N,47.803,-122.803,7/20/2012,12:17,279.6,2,13.58,405,2,13.34,1015.2,20.1,103.11,-999,-999,283.5,410.4,-999,-999,-999,-999,-999,-999
DABOB_122W_478N,47.803,-122.803,7/20/2012,15:17,269.5,2,12.48,406.7,2,12.47,1016.7,18.7,102.86,-999,-999,272.9,411.9,-999,-999,-999,-999,-999,-999
DABOB_122W_478N,47.803,-122.803,7/20/2012,18:17,266.5,2,12.39,392.7,2,12.2,1017.8,17.8,102.96,-999,-999,269.8,397.6,-999,-999,-999,-999,-999,-999
DABOB_122W_478N,47.803,-122.803,7/20/2012,21:17,260.6,2,12.74,392.8,2,12.76,1018.8,18.5,103.51,-999,-999,263.9,397.9,-999,-999,-999,-999,-999,-999
DABOB_122W_478N,47.803,-122.803,7/21/2012,0:17,259.9,2,12.81,395.6,2,12.6,1019.9,18.9,103.54,-999,-999,263.3,400.7,-999,-999,-999,-999,-999,-999
DABOB_122W_478N,47.803,-122.803,7/21/2012,3:17,258.3,2,12.51,395,2,12.29,1021.6,18.8,103.53,-999,-999,261.6,399.9,-999,-999,-999,-999,-999,-999
DABOB_122W_478N,47.803,-122.803,7/21/2012,6:17,262.5,2,12.36,398,2,12.15,1021.9,18.4,103.48,-999,-999,265.8,402.9,-999,-999,-999,-999,-999,-999
DABOB_122W_478N,47.803,-122.803,7/21/2012,9:17,262.7,2,12.26,403.7,2,12.06,1022,18.2,103.57,-999,-999,265.9,408.6,-999,-999,-999,-999,-999,-999
DABOB_122W_478N,47.803,-122.803,7/21/2012,12:17,272.9,2,11.88,407.3,2,11.89,1022,18,103.43,-999,-999,276.2,412.2,-999,-999,-999,-999,-999,-999
DABOB_122W_478N,47.803,-122.803,7/21/2012,15:17,267.9,2,12.52,418.7,2,12.34,1022.6,18,103.31,-999,-999,271.3,424,-999,-999,-999,-999,-999,-999
DABOB_122W_478N,47.803,-122.803,7/21/2012,18:17,272.6,2,14.44,401.2,2,13.99,1022.3,21,103.21,-999,-999,276.6,406.9,-999,-999,-999,-999,-999,-999
DABOB_122W_478N,47.803,-122.803,7/21/2012,21:17,290.6,2,17.01,392.2,2,15.3,1021.1,23.7,103.09,-999,-999,295.6,398.3,-999,-999,-999,-999,-999,-999
DABOB_122W_478N,47.803,-122.803,7/22/2012,0:17,275.2,2,18.1,385.3,2,16.79,1019.3,25.6,103.33,-999,-999,280.3,391.9,-999,-999,-999,-999,-999,-999
DABOB_122W_478N,47.803,-122.803,7/22/2012,3:17,266.9,2,16.5,387.1,2,15.58,1018.4,24,103.69,-999,-999,271.4,393.2,-999,-999,-999,-999,-999,-999
DABOB_122W_478N,47.803,-122.803,7/22/2012,6:17,255.9,2,13.22,409.7,2,12.69,1018.5,20.9,104.23,-999,-999,259.3,414.9,-999,-999,-999,-999,-999,-999
DABOB_122W_478N,47.803,-122.803,7/22/2012,9:17,274,2,11.28,415.4,2,11.25,1018.4,17.9,104.18,-999,-999,277.1,420.2,-999,-999,-999,-999,-999,-999
DABOB_122W_478N,47.803,-122.803,7/22/2012,12:17,269.4,2,11.05,404,2,10.85,1018.3,16.7,103.91,-999,-999,272.5,408.5,-999,-999,-999,-999,-999,-999
DABOB_122W_478N,47.803,-122.803,7/22/2012,15:17,270.1,2,11.15,410.6,2,10.79,1018,16.3,103.97,-999,-999,273.2,415,-999,-999,-999,-999,-999,-999
DABOB_122W_478N,47.803,-122.803,7/22/2012,18:17,267.2,2,12.8,388.7,2,11.99,1018,18.3,104.05,-999,-999,270.7,393.5,-999,-999,-999,-999,-999,-999
DABOB_122W_478N,47.803,-122.803,7/22/2012,21:17,262.1,2,12.41,388.5,2,11.98,1019.1,18.7,104.6,-999,-999,265.4,393.2,-999,-999,-999,-999,-999,-999
DABOB_122W_478N,47.803,-122.803,7/23/2012,0:17,258.3,2,11.45,385.7,2,11.43,1019.1,18.2,104.71,-999,-999,261.3,390.2,-999,-999,-999,-999,-999,-999
DABOB_122W_478N,47.803,-122.803,7/23/2012,3:17,246.9,2,10.46,393.5,2,10.45,1019.5,16.4,104.85,-999,-999,249.5,397.7,-999,-999,-999,-999,-999,-999
DABOB_122W_478N,47.803,-122.803,7/23/2012,6:17,240.7,2,9.53,396.5,2,9.69,1021,14.9,105.32,-999,-999,243,400.3,-999,-999,-999,-999,-999,-999
DABOB_122W_478N,47.803,-122.803,7/23/2012,9:17,246.9,2,9.51,399.4,2,9.51,1021.8,14.3,105.75,-999,-999,249.3,403.2,-999,-999,-999,-999,-999,-999
DABOB_122W_478N,47.803,-122.803,7/23/2012,12:17,253.2,2,9.42,404.6,2,9.43,1021.7,14.2,105.28,-999,-999,255.6,408.5,-999,-999,-999,-999,-999,-999
DABOB_122W_478N,47.803,-122.803,7/23/2012,15:17,257.6,2,9.66,402.5,2,9.68,1022.3,14.3,105.29,-999,-999,260.1,406.4,-999,-999,-999,-999,-999,-999
DABOB_122W_478N,47.803,-122.803,7/23/2012,18:17,256.9,2,10.33,399.4,2,10.54,1023.8,15.2,104.81,-999,-999,259.6,403.7,-999,-999,-999,-999,-999,-999
DABOB_122W_478N,47.803,-122.803,7/23/2012,21:17,276.7,2,14.29,387.4,2,14.36,1023.7,20.3,104.78,-999,-999,280.7,393,-999,-999,-999,-999,-999,-999
DABOB_122W_478N,47.803,-122.803,7/24/2012,0:17,259.5,2,13.97,387.8,2,13.69,1023.4,21.6,105.05,-999,-999,263.2,393.2,-999,-999,-999,-999,-999,-999
DABOB_122W_478N,47.803,-122.803,7/24/2012,3:17,248,2,12.66,393.5,2,12.4,1022.9,19.6,105.56,-999,-999,251.2,398.4,-999,-999,-999,-999,-999,-999
DABOB_122W_478N,47.803,-122.803,7/24/2012,6:17,253.3,2,11.32,405.2,2,11.3,1022.4,17.8,105.74,-999,-999,256.2,409.8,-999,-999,-999,-999,-999,-999
DABOB_122W_478N,47.803,-122.803,7/24/2012,9:17,252.8,2,10.23,425.3,2,10.23,1022,16.1,105.92,-999,-999,255.4,429.7,-999,-999,-999,-999,-999,-999
DABOB_122W_478N,47.803,-122.803,7/24/2012,12:17,258.8,2,9.36,430.7,2,9.35,1021.4,14.6,105.78,-999,-999,261.3,434.8,-999,-999,-999,-999,-999,-999
DABOB_122W_478N,47.803,-122.803,7/24/2012,15:17,286.6,2,9.48,416.1,2,9.49,1021.6,13.7,105.15,-999,-999,289.4,420.1,-999,-999,-999,-999,-999,-999
DABOB_122W_478N,47.803,-122.803,7/24/2012,18:17,279.6,2,11.29,389.6,2,11.34,1019.9,16.3,105.12,-999,-999,282.8,394.1,-999,-999,-999,-999,-999,-999
DABOB_122W_478N,47.803,-122.803,7/24/2012,21:17,272.8,2,14.02,386.1,2,13.6,1018.8,19.6,106.28,-999,-999,276.7,391.5,-999,-999,-999,-999,-999,-999
DABOB_122W_478N,47.803,-122.803,7/25/2012,0:17,255.2,2,15.14,388.7,2,14.42,1017.3,21.1,108.22,-999,-999,259.1,394.4,-999,-999,-999,-999,-999,-999
DABOB_122W_478N,47.803,-122.803,7/25/2012,3:17,260.7,2,14.86,391.2,2,14.08,1016.6,21.6,109.19,-999,-999,264.7,396.8,-999,-999,-999,-999,-999,-999
DABOB_122W_478N,47.803,-122.803,7/25/2012,6:17,271.9,2,12.22,421,2,12.19,1016.9,19.5,109.58,-999,-999,275.3,426.2,-999,-999,-999,-999,-999,-999
DABOB_122W_478N,47.803,-122.803,7/25/2012,9:17,264.8,2,10.71,432.4,2,10.69,1016.8,17,109.94,-999,-999,267.6,437.1,-999,-999,-999,-999,-999,-999
DABOB_122W_478N,47.803,-122.803,7/25/2012,12:17,262.4,2,9.77,443.1,2,9.75,1017.2,15.2,110.37,-999,-999,265,447.4,-999,-999,-999,-999,-999,-999
DABOB_122W_478N,47.803,-122.803,7/25/2012,15:17,269.4,2,10.4,433,2,10.6,1017.5,14.9,110.33,-999,-999,272.2,437.7,-999,-999,-999,-999,-999,-999
DABOB_122W_478N,47.803,-122.803,7/25/2012,18:17,280.9,2,12.97,415.8,2,12.81,1016.5,18.5,110.59,-999,-999,284.6,421.2,-999,-999,-999,-999,-999,-999
DABOB_122W_478N,47.803,-122.803,7/25/2012,21:17,287,2,16.67,391.7,2,16.12,1015,23.8,109.88,-999,-999,291.9,398.1,-999,-999,-999,-999,-999,-999
DABOB_122W_478N,47.803,-122.803,7/26/2012,0:17,278.5,2,19.42,386.3,2,18.34,1013.3,27,109.58,-999,-999,284,393.5,-999,-999,-999,-999,-999,-999
DABOB_122W_478N,47.803,-122.803,7/26/2012,3:17,272.8,2,18.94,393.3,2,18.17,1012.8,26.9,109.8,-999,-999,278,400.6,-999,-999,-999,-999,-999,-999
DABOB_122W_478N,47.803,-122.803,7/26/2012,6:17,276.9,2,14.83,429.4,2,14.77,1013.7,23.4,109.9,-999,-999,281.1,435.8,-999,-999,-999,-999,-999,-999
DABOB_122W_478N,47.803,-122.803,7/26/2012,9:17,273.1,2,12.86,447.2,2,12.59,1014.6,20,109.16,-999,-999,276.6,452.9,-999,-999,-999,-999,-999,-999
DABOB_122W_478N,47.803,-122.803,7/26/2012,12:17,289.7,2,11.67,447.1,2,11.66,1015.2,17.9,108.36,-999,-999,293.1,452.3,-999,-999,-999,-999,-999,-999
DABOB_122W_478N,47.803,-122.803,7/26/2012,15:17,276.8,2,11.61,431.2,2,11.62,1015.7,17.2,107.88,-999,-999,280.1,436.2,-999,-999,-999,-999,-999,-999
DABOB_122W_478N,47.803,-122.803,7/26/2012,18:17,298.5,2,13.19,421.2,2,13.24,1015.2,18.8,107.66,-999,-999,302.5,426.9,-999,-999,-999,-999,-999,-999
DABOB_122W_478N,47.803,-122.803,7/26/2012,21:17,290.8,2,18.22,404.6,2,17.34,1013.5,24.7,107.47,-999,-999,296.2,411.8,-999,-999,-999,-999,-999,-999
DABOB_122W_478N,47.803,-122.803,7/27/2012,0:17,313.9,2,22.4,392.1,2,20.75,1012,29.5,107.4,-999,-999,321.1,400.4,-999,-999,-999,-999,-999,-999
DABOB_122W_478N,47.803,-122.803,7/27/2012,3:17,303,2,19.43,390.9,2,18.25,1012.5,27.6,107.06,-999,-999,309.1,398.2,-999,-999,-999,-999,-999,-999
DABOB_122W_478N,47.803,-122.803,7/27/2012,6:17,277.7,2,15.68,392.5,2,15.32,1013.6,24,107.55,-999,-999,282.1,398.6,-999,-999,-999,-999,-999,-999
DABOB_122W_478N,47.803,-122.803,7/27/2012,9:17,276.6,2,13.25,396.8,2,13.21,1014.6,20.6,108.04,-999,-999,280.4,402.1,-999,-999,-999,-999,-999,-999
DABOB_122W_478N,47.803,-122.803,7/27/2012,12:17,278.4,2,11.81,399.7,2,11.8,1015.8,18.4,108.11,-999,-999,281.8,404.5,-999,-999,-999,-999,-999,-999
DABOB_122W_478N,47.803,-122.803,7/27/2012,15:17,304.9,2,11.18,402.1,2,11.18,1017.1,16.9,107.6,-999,-999,308.3,406.7,-999,-999,-999,-999,-999,-999
DABOB_122W_478N,47.803,-122.803,7/27/2012,18:17,288.4,2,11.54,394.8,2,11.37,1018,16.6,107.69,-999,-999,291.7,399.3,-999,-999,-999,-999,-999,-999
DABOB_122W_478N,47.803,-122.803,7/27/2012,21:17,271.5,2,12.97,391.5,2,12.58,1018.8,18.6,107.78,-999,-999,275.1,396.5,-999,-999,-999,-999,-999,-999
DABOB_122W_478N,47.803,-122.803,7/28/2012,0:17,284,2,14.92,387.5,2,14.22,1018.3,20.9,107.44,-999,-999,288.3,393.1,-999,-999,-999,-999,-999,-999
DABOB_122W_478N,47.803,-122.803,7/28/2012,3:17,272,2,13.81,389.7,2,13.78,1018.5,21.6,107.58,-999,-999,275.8,395.2,-999,-999,-999,-999,-999,-999
DABOB_122W_478N,47.803,-122.803,7/28/2012,6:17,271.8,2,12.7,402.5,2,12.46,1019.6,19.6,107.36,-999,-999,275.3,407.6,-999,-999,-999,-999,-999,-999
DABOB_122W_478N,47.803,-122.803,7/28/2012,9:17,278.6,2,11.88,403.7,2,11.67,1020.3,18.2,107.17,-999,-999,282,408.5,-999,-999,-999,-999,-999,-999
DABOB_122W_478N,47.803,-122.803,7/28/2012,12:17,292.1,2,11.17,410,2,11.16,1021.1,17.2,106.74,-999,-999,295.5,414.7,-999,-999,-999,-999,-999,-999
DABOB_122W_478N,47.803,-122.803,7/28/2012,15:17,296.4,2,10.85,405.2,2,10.86,1021.9,16.5,106.32,-999,-999,299.6,409.6,-999,-999,-999,-999,-999,-999
DABOB_122W_478N,47.803,-122.803,7/28/2012,18:17,286,2,11.95,399.6,2,11.79,1022,17.3,106.3,-999,-999,289.4,404.4,-999,-999,-999,-999,-999,-999
DABOB_122W_478N,47.803,-122.803,7/28/2012,21:17,279.7,2,14.97,395.9,2,14.04,1021.6,21,106.51,-999,-999,284,401.6,-999,-999,-999,-999,-999,-999
DABOB_122W_478N,47.803,-122.803,7/29/2012,0:17,288.6,2,17.23,395.1,2,16.02,1020.6,24.5,106.58,-999,-999,293.6,401.5,-999,-999,-999,-999,-999,-999
DABOB_122W_478N,47.803,-122.803,7/29/2012,3:17,286.5,2,16.94,394.5,2,16.25,1020.1,25.4,106.76,-999,-999,291.4,401,-999,-999,-999,-999,-999,-999
DABOB_122W_478N,47.803,-122.803,7/29/2012,6:17,277.8,2,13.32,410.1,2,13.26,1021.1,21.7,107.09,-999,-999,281.5,415.6,-999,-999,-999,-999,-999,-999
DABOB_122W_478N,47.803,-122.803,7/29/2012,9:17,290.4,2,11.6,421.8,2,11.57,1021.1,18.4,106.8,-999,-999,293.8,426.7,-999,-999,-999,-999,-999,-999
DABOB_122W_478N,47.803,-122.803,7/29/2012,12:17,301.3,2,10.94,422.4,2,10.94,1021.4,16.9,106.45,-999,-999,304.7,427.1,-999,-999,-999,-999,-999,-999
DABOB_122W_478N,47.803,-122.803,7/29/2012,15:17,286.6,2,11.11,406.8,2,10.94,1022.6,16.3,106.42,-999,-999,289.8,411.3,-999,-999,-999,-999,-999,-999
DABOB_122W_478N,47.803,-122.803,7/29/2012,18:17,292.1,2,13.07,403.7,2,12.7,1022.1,18.5,106.31,-999,-999,296,408.9,-999,-999,-999,-999,-999,-999
DABOB_122W_478N,47.803,-122.803,7/29/2012,21:17,288.9,2,17.77,397.9,2,16.65,1020.9,24.2,106.29,-999,-999,294.1,404.6,-999,-999,-999,-999,-999,-999
DABOB_122W_478N,47.803,-122.803,7/30/2012,0:17,304.9,2,19.92,397.4,2,18.08,1019.4,27.9,106.19,-999,-999,311.1,404.7,-999,-999,-999,-999,-999,-999
DABOB_122W_478N,47.803,-122.803,7/30/2012,3:17,289.8,2,18.11,390.4,2,16.94,1019.3,27.5,106.51,-999,-999,295.1,397.1,-999,-999,-999,-999,-999,-999
DABOB_122W_478N,47.803,-122.803,7/30/2012,6:17,301.8,2,13.88,408.2,2,13.53,1019.9,22.7,106.67,-999,-999,306,413.8,-999,-999,-999,-999,-999,-999
DABOB_122W_478N,47.803,-122.803,7/30/2012,9:17,306,2,12.21,401.9,2,11.96,1020.2,19.3,106.58,-999,-999,309.8,406.7,-999,-999,-999,-999,-999,-999
DABOB_122W_478N,47.803,-122.803,7/30/2012,12:17,307.1,2,11.34,408.7,2,11.13,1021,17.5,106.63,-999,-999,310.7,413.3,-999,-999,-999,-999,-999,-999
DABOB_122W_478N,47.803,-122.803,7/30/2012,15:17,285.4,2,11.18,400.3,2,10.99,1021.6,16.7,106.65,-999,-999,288.6,404.7,-999,-999,-999,-999,-999,-999
DABOB_122W_478N,47.803,-122.803,7/30/2012,18:17,278.8,2,12.12,393.9,2,11.75,1021.9,17.5,107.13,-999,-999,282.2,398.6,-999,-999,-999,-999,-999,-999
DABOB_122W_478N,47.803,-122.803,7/30/2012,21:17,276.1,2,14.31,386.9,2,13.45,1021.4,20,107.27,-999,-999,280.2,392.2,-999,-999,-999,-999,-999,-999
DABOB_122W_478N,47.803,-122.803,7/31/2012,0:17,275.3,2,14.5,383.9,2,13.99,1020.6,21.6,107.29,-999,-999,279.4,389.4,-999,-999,-999,-999,-999,-999
DABOB_122W_478N,47.803,-122.803,7/31/2012,3:17,276.4,2,12.62,392.7,2,12.6,1021.3,19.8,107.39,-999,-999,280,397.8,-999,-999,-999,-999,-999,-999
DABOB_122W_478N,47.803,-122.803,7/31/2012,6:17,281.7,2,11.78,406.2,2,11.56,1021.6,18.1,107.2,-999,-999,285.1,411,-999,-999,-999,-999,-999,-999
DABOB_122W_478N,47.803,-122.803,7/31/2012,9:17,286.4,2,11.32,413.8,2,11.12,1021.1,17.2,107.02,-999,-999,289.7,418.4,-999,-999,-999,-999,-999,-999
DABOB_122W_478N,47.803,-122.803,7/31/2012,12:17,305.3,2,10.87,420.7,2,10.68,1021.3,16.5,106.5,-999,-999,308.7,425.2,-999,-999,-999,-999,-999,-999
DABOB_122W_478N,47.803,-122.803,7/31/2012,15:17,308.1,2,10.76,401.8,2,10.77,1022.4,16.1,106,-999,-999,311.5,406.2,-999,-999,-999,-999,-999,-999
DABOB_122W_478N,47.803,-122.803,7/31/2012,18:17,278.6,2,13.04,396.8,2,13.11,1022.6,18.7,106.22,-999,-999,282.2,402.1,-999,-999,-999,-999,-999,-999
DABOB_122W_478N,47.803,-122.803,7/31/2012,21:17,301.4,2,17.27,391.3,2,16.06,1021.5,24.8,106.01,-999,-999,306.7,397.7,-999,-999,-999,-999,-999,-999
DABOB_122W_478N,47.803,-122.803,8/1/2012,0:17,309.8,2,19.16,386.3,2,17.26,1020.7,27.9,106.1,-999,-999,315.9,393.1,-999,-999,-999,-999,-999,-999
DABOB_122W_478N,47.803,-122.803,8/1/2012,3:17,298.2,2,16.83,390,2,15.82,1020.7,25.3,106.44,-999,-999,303.3,396.3,-999,-999,-999,-999,-999,-999
DABOB_122W_478N,47.803,-122.803,8/1/2012,6:17,302.9,2,13.09,412.6,2,12.78,1022.1,21.4,106.6,-999,-999,306.9,417.9,-999,-999,-999,-999,-999,-999
DABOB_122W_478N,47.803,-122.803,8/1/2012,9:17,308.8,2,11.08,410.2,2,11.05,1022.2,18,106.64,-999,-999,312.2,414.8,-999,-999,-999,-999,-999,-999
DABOB_122W_478N,47.803,-122.803,8/1/2012,12:17,306.1,2,10.02,416.8,2,10.01,1022.6,15.8,106.37,-999,-999,309.2,421,-999,-999,-999,-999,-999,-999
DABOB_122W_478N,47.803,-122.803,8/1/2012,15:17,296.6,2,10.48,404.7,2,10.68,1023.8,15.1,106.54,-999,-999,299.7,409.1,-999,-999,-999,-999,-999,-999
DABOB_122W_478N,47.803,-122.803,8/1/2012,18:17,320.5,2,13.7,402.2,2,13.32,1023.9,19.3,106.34,-999,-999,325,407.6,-999,-999,-999,-999,-999,-999
DABOB_122W_478N,47.803,-122.803,8/1/2012,21:17,318.1,2,17.77,393.2,2,16.25,1022.4,25,106.39,-999,-999,323.8,399.7,-999,-999,-999,-999,-999,-999
DABOB_122W_478N,47.803,-122.803,8/2/2012,0:17,286.3,2,18.6,384.3,2,17.49,1021.1,27,107.18,-999,-999,291.7,391.2,-999,-999,-999,-999,-999,-999
DABOB_122W_478N,47.803,-122.803,8/2/2012,3:17,259.1,2,15.67,388.1,2,15,1020.9,24.4,108.7,-999,-999,263.3,394,-999,-999,-999,-999,-999,-999
DABOB_122W_478N,47.803,-122.803,8/2/2012,6:17,269.3,2,12.74,405.6,2,12.45,1021.9,20.6,109.86,-999,-999,272.8,410.8,-999,-999,-999,-999,-999,-999
DABOB_122W_478N,47.803,-122.803,8/2/2012,9:17,311.1,2,11.31,413,2,11.09,1021.8,17.7,109.44,-999,-999,314.6,417.7,-999,-999,-999,-999,-999,-999
DABOB_122W_478N,47.803,-122.803,8/2/2012,12:17,283.5,2,10.86,397.9,2,10.68,1021.6,16.5,109.71,-999,-999,286.6,402.2,-999,-999,-999,-999,-999,-999
DABOB_122W_478N,47.803,-122.803,8/2/2012,15:17,306.5,2,11.11,410.8,2,10.94,1022.6,16.3,109.13,-999,-999,310,415.3,-999,-999,-999,-999,-999,-999
DABOB_122W_478N,47.803,-122.803,8/2/2012,18:17,283.6,2,12.35,399.6,2,12.19,1022.7,17.8,108.73,-999,-999,287.1,404.6,-999,-999,-999,-999,-999,-999
DABOB_122W_478N,47.803,-122.803,8/2/2012,21:17,290.4,2,15.08,392,2,14.16,1022.3,20.9,108.43,-999,-999,294.8,397.6,-999,-999,-999,-999,-999,-999
DABOB_122W_478N,47.803,-122.803,8/3/2012,0:17,284.5,2,18.3,388.3,2,17.06,1020.2,25.2,108.29,-999,-999,289.8,395.1,-999,-999,-999,-999,-999,-999
DABOB_122W_478N,47.803,-122.803,8/3/2012,3:17,283.2,2,17.26,391.9,2,16.53,1019.7,26,108.39,-999,-999,288.2,398.5,-999,-999,-999,-999,-999,-999
DABOB_122W_478N,47.803,-122.803,8/3/2012,6:17,292.7,2,13.97,416.9,2,13.66,1020.3,22.1,108,-999,-999,296.9,422.7,-999,-999,-999,-999,-999,-999
DABOB_122W_478N,47.803,-122.803,8/3/2012,9:17,287.6,2,11.93,404.4,2,11.89,1020.3,18.9,107.75,-999,-999,291.1,409.2,-999,-999,-999,-999,-999,-999
DABOB_122W_478N,47.803,-122.803,8/3/2012,12:17,279.8,2,10.43,419.2,2,10.41,1020.3,16.4,107.65,-999,-999,282.8,423.6,-999,-999,-999,-999,-999,-999
DABOB_122W_478N,47.803,-122.803,8/3/2012,15:17,276.5,2,10.85,412.2,2,11.05,1020.8,15.7,107.69,-999,-999,279.5,416.8,-999,-999,-999,-999,-999,-999
DABOB_122W_478N,47.803,-122.803,8/3/2012,18:17,285.4,2,13.09,404,2,12.72,1020.3,18.5,107.87,-999,-999,289.2,409.2,-999,-999,-999,-999,-999,-999
DABOB_122W_478N,47.803,-122.803,8/3/2012,21:17,290.3,2,17.75,387.1,2,16.64,1018,23.8,107.45,-999,-999,295.5,393.6,-999,-999,-999,-999,-999,-999
DABOB_122W_478N,47.803,-122.803,8/4/2012,0:17,278.3,2,20.05,387.6,2,17.35,1015.8,26.4,107.64,-999,-999,284,394.4,-999,-999,-999,-999,-999,-999
DABOB_122W_478N,47.803,-122.803,8/4/2012,3:17,283,2,19.03,392.1,2,17.92,1015,27,107.83,-999,-999,288.5,399.3,-999,-999,-999,-999,-999,-999
DABOB_122W_478N,47.803,-122.803,8/4/2012,6:17,282.2,2,16.02,429.6,2,15.37,1015.2,24.1,107.89,-999,-999,286.8,436.3,-999,-999,-999,-999,-999,-999
DABOB_122W_478N,47.803,-122.803,8/4/2012,9:17,278.6,2,14,438.3,2,13.48,1015.3,21.2,107.77,-999,-999,282.6,444.3,-999,-999,-999,-999,-999,-999
DABOB_122W_478N,47.803,-122.803,8/4/2012,12:17,299.7,2,13.4,442.7,2,13.16,1014.5,19.9,107.7,-999,-999,303.8,448.6,-999,-999,-999,-999,-999,-999
DABOB_122W_478N,47.803,-122.803,8/4/2012,15:17,302,2,14.23,422.8,2,13.82,1014.8,19.5,107.26,-999,-999,306.4,428.7,-999,-999,-999,-999,-999,-999
DABOB_122W_478N,47.803,-122.803,8/4/2012,18:17,273.5,2,17.25,394.3,2,16.77,1014.3,22.7,108.07,-999,-999,278.3,401,-999,-999,-999,-999,-999,-999
DABOB_122W_478N,47.803,-122.803,8/4/2012,21:17,301.6,2,19.44,394.5,2,17.78,1012.8,26.1,107.84,-999,-999,307.6,401.7,-999,-999,-999,-999,-999,-999
DABOB_122W_478N,47.803,-122.803,8/5/2012,0:17,288.5,2,21.84,399,2,19.58,1010.8,28.1,108.06,-999,-999,295,407,-999,-999,-999,-999,-999,-999
DABOB_122W_478N,47.803,-122.803,8/5/2012,3:17,278.2,2,21.51,424.5,2,19.9,1010,28.7,109.03,-999,-999,284.4,433.1,-999,-999,-999,-999,-999,-999
DABOB_122W_478N,47.803,-122.803,8/5/2012,6:17,276.2,2,17.25,461.8,2,16.85,1011.2,25.6,109.62,-999,-999,281.1,469.8,-999,-999,-999,-999,-999,-999
DABOB_122W_478N,47.803,-122.803,8/5/2012,9:17,275.4,2,14.79,480,2,14.75,1011.6,22.3,110.16,-999,-999,279.6,487.2,-999,-999,-999,-999,-999,-999
DABOB_122W_478N,47.803,-122.803,8/5/2012,12:17,280.8,2,13.48,493,2,13.47,1012.3,20.2,110.23,-999,-999,284.6,499.7,-999,-999,-999,-999,-999,-999
DABOB_122W_478N,47.803,-122.803,8/5/2012,15:17,306.6,2,14.34,467.5,2,14.39,1013.3,19.6,109.8,-999,-999,311.1,474.3,-999,-999,-999,-999,-999,-999
DABOB_122W_478N,47.803,-122.803,8/5/2012,18:17,309.7,2,17.95,450.5,2,17.47,1013.5,23.4,109.8,-999,-999,315.4,458.5,-999,-999,-999,-999,-999,-999
DABOB_122W_478N,47.803,-122.803,8/5/2012,21:17,339.3,2,23.07,417.1,2,21.85,1012.7,30,109.52,-999,-999,347.3,426.4,-999,-999,-999,-999,-999,-999
DABOB_122W_478N,47.803,-122.803,8/6/2012,0:17,311.8,2,26.23,409.3,2,26.14,1011.7,34.7,109.78,-999,-999,320.2,420.3,-999,-999,-999,-999,-999,-999
DABOB_122W_478N,47.803,-122.803,8/6/2012,3:17,328,2,25.41,414.1,2,24.18,1012.1,34.1,109.53,-999,-999,336.6,424.4,-999,-999,-999,-999,-999,-999
DABOB_122W_478N,47.803,-122.803,8/6/2012,6:17,318.7,2,19.82,410,2,19.31,1014.1,29,109.66,-999,-999,325.2,418.1,-999,-999,-999,-999,-999,-999
DABOB_122W_478N,47.803,-122.803,8/6/2012,9:17,282.1,2,16.57,413.7,2,16.2,1015.9,25,110.45,-999,-999,286.8,420.6,-999,-999,-999,-999,-999,-999
DABOB_122W_478N,47.803,-122.803,8/6/2012,12:17,293.7,2,14.43,408.8,2,14.41,1017.1,22,110.33,-999,-999,298,414.8,-999,-999,-999,-999,-999,-999
DABOB_122W_478N,47.803,-122.803,8/6/2012,15:17,297,2,14.18,408.5,2,13.95,1018,20.6,110.03,-999,-999,301.3,414.3,-999,-999,-999,-999,-999,-999
DABOB_122W_478N,47.803,-122.803,8/6/2012,18:17,289,2,14.67,406,2,14.19,1019,21.2,109.69,-999,-999,293.4,411.9,-999,-999,-999,-999,-999,-999
DABOB_122W_478N,47.803,-122.803,8/6/2012,21:17,301.3,2,15.66,399.3,2,15.15,1019.4,22.3,109.03,-999,-999,306.1,405.5,-999,-999,-999,-999,-999,-999
DABOB_122W_478N,47.803,-122.803,8/7/2012,0:17,309.2,2,19.02,396,2,17.73,1017.9,25.8,108.01,-999,-999,315.2,403.1,-999,-999,-999,-999,-999,-999
DABOB_122W_478N,47.803,-122.803,8/7/2012,3:17,317.1,2,18.32,399.6,2,17.58,1017.2,26.4,107.61,-999,-999,323.1,406.8,-999,-999,-999,-999,-999,-999
DABOB_122W_478N,47.803,-122.803,8/7/2012,6:17,319.8,2,15.24,421.5,2,14.91,1018.2,23.3,107.01,-999,-999,324.8,427.9,-999,-999,-999,-999,-999,-999
DABOB_122W_478N,47.803,-122.803,8/7/2012,9:17,305.6,2,13.76,415.5,2,13.75,1018.7,20.7,106.82,-999,-999,309.9,421.3,-999,-999,-999,-999,-999,-999
DABOB_122W_478N,47.803,-122.803,8/7/2012,12:17,298.6,2,12.8,415.1,2,12.79,1019.3,19.5,106.68,-999,-999,302.5,420.5,-999,-999,-999,-999,-999,-999
DABOB_122W_478N,47.803,-122.803,8/7/2012,15:17,302.8,2,12.67,420.1,2,12.47,1018.7,18.4,106.46,-999,-999,306.7,425.4,-999,-999,-999,-999,-999,-999
DABOB_122W_478N,47.803,-122.803,8/7/2012,18:17,300.8,2,13.64,413,2,13.44,1018.5,19.4,106.41,-999,-999,304.9,418.6,-999,-999,-999,-999,-999,-999
DABOB_122W_478N,47.803,-122.803,8/7/2012,21:17,290.7,2,14.68,407.6,2,14.23,1017.7,20.6,106.55,-999,-999,295,413.5,-999,-999,-999,-999,-999,-999
DABOB_122W_478N,47.803,-122.803,8/8/2012,0:17,287.8,2,15.54,397.3,2,15.04,1017.2,21.8,106.87,-999,-999,292.4,403.3,-999,-999,-999,-999,-999,-999
DABOB_122W_478N,47.803,-122.803,8/8/2012,3:17,294.6,2,15.28,388.3,2,15.02,1017.1,22.1,106.98,-999,-999,299.2,394.2,-999,-999,-999,-999,-999,-999
DABOB_122W_478N,47.803,-122.803,8/8/2012,6:17,297.9,2,14.08,404.9,2,13.81,1018.3,21,106.85,-999,-999,302.2,410.6,-999,-999,-999,-999,-999,-999
DABOB_122W_478N,47.803,-122.803,8/8/2012,9:17,306.6,2,12.85,400.2,2,12.84,1018.7,19.5,106.4,-999,-999,310.6,405.4,-999,-999,-999,-999,-999,-999
DABOB_122W_478N,47.803,-122.803,8/8/2012,12:17,303.1,2,11.99,409,2,11.98,1019.3,18.1,106.35,-999,-999,306.8,414,-999,-999,-999,-999,-999,-999
DABOB_122W_478N,47.803,-122.803,8/8/2012,15:17,293.6,2,12.04,403.4,2,11.84,1020.9,17.6,106.31,-999,-999,297.2,408.2,-999,-999,-999,-999,-999,-999
DABOB_122W_478N,47.803,-122.803,8/8/2012,18:17,292.6,2,12.94,397,2,12.55,1022.3,18.3,106.29,-999,-999,296.4,402,-999,-999,-999,-999,-999,-999
DABOB_122W_478N,47.803,-122.803,8/8/2012,21:17,293.8,2,13.64,391.3,2,13.21,1023.4,19.8,106.28,-999,-999,297.9,396.5,-999,-999,-999,-999,-999,-999
DABOB_122W_478N,47.803,-122.803,8/9/2012,0:17,292.7,2,15.46,387,2,14.51,1023.4,21.3,106.38,-999,-999,297.4,392.7,-999,-999,-999,-999,-999,-999
DABOB_122W_478N,47.803,-122.803,8/9/2012,3:17,291.5,2,15.03,392.2,2,14.76,1023,22.2,106.56,-999,-999,296,398.1,-999,-999,-999,-999,-999,-999
DABOB_122W_478N,47.803,-122.803,8/9/2012,6:17,290.7,2,13.41,417.8,2,13.14,1023.5,20.6,106.56,-999,-999,294.7,423.4,-999,-999,-999,-999,-999,-999
DABOB_122W_478N,47.803,-122.803,8/9/2012,9:17,296.8,2,12.45,429.1,2,12.44,1023.5,18.8,106.47,-999,-999,300.6,434.5,-999,-999,-999,-999,-999,-999
DABOB_122W_478N,47.803,-122.803,8/9/2012,12:17,306.8,2,11.66,435.6,2,11.45,1023.3,17.7,106.03,-999,-999,310.4,440.7,-999,-999,-999,-999,-999,-999
DABOB_122W_478N,47.803,-122.803,8/9/2012,15:17,295.8,2,11.97,421.6,2,12.2,1023.3,17.1,106,-999,-999,299.4,426.8,-999,-999,-999,-999,-999,-999
DABOB_122W_478N,47.803,-122.803,8/9/2012,18:17,311.7,2,15.59,388,2,15.41,1021.8,21.2,105.78,-999,-999,316.6,394.1,-999,-999,-999,-999,-999,-999
DABOB_122W_478N,47.803,-122.803,8/9/2012,21:17,307,2,17.4,387.3,2,15.94,1020.7,24.1,105.67,-999,-999,312.5,393.6,-999,-999,-999,-999,-999,-999
DABOB_122W_478N,47.803,-122.803,8/10/2012,0:17,307.9,2,17.62,390,2,16.09,1019.7,24.6,105.65,-999,-999,313.4,396.4,-999,-999,-999,-999,-999,-999
DABOB_122W_478N,47.803,-122.803,8/10/2012,3:17,296.4,2,17.19,405.2,2,16.24,1019.1,24.7,106.21,-999,-999,301.6,411.9,-999,-999,-999,-999,-999,-999
DABOB_122W_478N,47.803,-122.803,8/10/2012,6:17,300,2,14.01,415.2,2,13.7,1020.2,21.9,106.43,-999,-999,304.2,421,-999,-999,-999,-999,-999,-999
DABOB_122W_478N,47.803,-122.803,8/10/2012,9:17,306.2,2,12.26,411.3,2,12.03,1020.6,19.1,106.13,-999,-999,310,416.3,-999,-999,-999,-999,-999,-999
DABOB_122W_478N,47.803,-122.803,8/10/2012,12:17,310.1,2,11.09,430.3,2,11.08,1020.7,17.1,105.8,-999,-999,313.6,435.1,-999,-999,-999,-999,-999,-999
DABOB_122W_478N,47.803,-122.803,8/10/2012,15:17,302.8,2,11.49,417.2,2,11.71,1021.4,16.3,105.68,-999,-999,306.3,422.1,-999,-999,-999,-999,-999,-999
DABOB_122W_478N,47.803,-122.803,8/10/2012,18:17,306.5,2,14.82,417.4,2,14.41,1020,20.3,105.59,-999,-999,311.1,423.6,-999,-999,-999,-999,-999,-999
DABOB_122W_478N,47.803,-122.803,8/10/2012,21:17,305.2,2,17.56,385.2,2,16.65,1018.7,24.8,105.38,-999,-999,310.7,391.8,-999,-999,-999,-999,-999,-999
DABOB_122W_478N,47.803,-122.803,8/11/2012,0:17,328.8,2,20.71,382.8,2,18.91,1017.5,27.6,105.64,-999,-999,335.8,390.2,-999,-999,-999,-999,-999,-999
DABOB_122W_478N,47.803,-122.803,8/11/2012,3:17,301.4,2,18.82,390.8,2,17.68,1017.4,27.2,105.83,-999,-999,307.2,397.8,-999,-999,-999,-999,-999,-999
DABOB_122W_478N,47.803,-122.803,8/11/2012,6:17,300.1,2,15.03,415.7,2,14.69,1018,23.3,105.96,-999,-999,304.7,421.9,-999,-999,-999,-999,-999,-999
DABOB_122W_478N,47.803,-122.803,8/11/2012,9:17,299.8,2,12.97,416.6,2,12.94,1018.5,20.3,106.05,-999,-999,303.8,422,-999,-999,-999,-999,-999,-999
DABOB_122W_478N,47.803,-122.803,8/11/2012,12:17,304.7,2,11.76,432.7,2,11.75,1018.9,18.1,105.76,-999,-999,308.4,437.9,-999,-999,-999,-999,-999,-999
DABOB_122W_478N,47.803,-122.803,8/11/2012,15:17,301.7,2,12.18,423.5,2,12.21,1019.8,17,105.77,-999,-999,305.4,428.8,-999,-999,-999,-999,-999,-999
DABOB_122W_478N,47.803,-122.803,8/11/2012,18:17,305.1,2,15.5,404.5,2,15.09,1018.3,21,105.48,-999,-999,309.9,410.7,-999,-999,-999,-999,-999,-999
DABOB_122W_478N,47.803,-122.803,8/11/2012,21:17,305.9,2,19.58,384,2,17.74,1016.7,25.2,105.38,-999,-999,312,390.9,-999,-999,-999,-999,-999,-999
DABOB_122W_478N,47.803,-122.803,8/12/2012,0:17,317.7,2,21.61,386.1,2,18.69,1015.1,27.7,105.19,-999,-999,324.7,393.4,-999,-999,-999,-999,-999,-999
DABOB_122W_478N,47.803,-122.803,8/12/2012,3:17,319.8,2,20.19,393.7,2,19.37,1014.7,28.3,105.35,-999,-999,326.4,401.4,-999,-999,-999,-999,-999,-999
DABOB_122W_478N,47.803,-122.803,8/12/2012,6:17,304.3,2,16.37,423.7,2,15.68,1015.5,24.7,105.51,-999,-999,309.3,430.4,-999,-999,-999,-999,-999,-999
DABOB_122W_478N,47.803,-122.803,8/12/2012,9:17,302.2,2,13.59,436.6,2,13.3,1015.8,21,105.78,-999,-999,306.4,442.5,-999,-999,-999,-999,-999,-999
DABOB_122W_478N,47.803,-122.803,8/12/2012,12:17,305.7,2,12.06,448.6,2,12.05,1015.8,18.4,105.49,-999,-999,309.4,454.1,-999,-999,-999,-999,-999,-999
DABOB_122W_478N,47.803,-122.803,8/12/2012,15:17,316,2,12.68,431.8,2,12.71,1016.7,17.6,105.16,-999,-999,320.1,437.4,-999,-999,-999,-999,-999,-999
DABOB_122W_478N,47.803,-122.803,8/12/2012,18:17,311.8,2,15.4,412.5,2,14.74,1015,20.8,105.09,-999,-999,316.7,418.6,-999,-999,-999,-999,-999,-999
DABOB_122W_478N,47.803,-122.803,8/12/2012,21:17,317.9,2,19.11,393.9,2,17.88,1013.9,25.3,105.04,-999,-999,324.1,401.1,-999,-999,-999,-999,-999,-999
DABOB_122W_478N,47.803,-122.803,8/13/2012,0:17,325.2,2,21.79,391.4,2,20.64,1012.8,28.7,105.07,-999,-999,332.5,399.7,-999,-999,-999,-999,-999,-999
DABOB_122W_478N,47.803,-122.803,8/13/2012,3:17,315.2,2,21.72,403.6,2,21.21,1013.1,29.9,105.32,-999,-999,322.2,412.3,-999,-999,-999,-999,-999,-999
DABOB_122W_478N,47.803,-122.803,8/13/2012,6:17,312.4,2,17.41,426.6,2,16.67,1014.1,25.8,105.38,-999,-999,317.9,433.8,-999,-999,-999,-999,-999,-999
DABOB_122W_478N,47.803,-122.803,8/13/2012,9:17,308.5,2,14.6,436.9,2,14.29,1015.4,22.2,105.35,-999,-999,313.1,443.2,-999,-999,-999,-999,-999,-999
DABOB_122W_478N,47.803,-122.803,8/13/2012,12:17,310.8,2,12.97,448.3,2,12.73,1016.1,19.6,105.06,-999,-999,314.9,454.1,-999,-999,-999,-999,-999,-999
DABOB_122W_478N,47.803,-122.803,8/13/2012,15:17,311.3,2,13.09,436.4,2,12.92,1017.3,18.2,104.85,-999,-999,315.5,442.1,-999,-999,-999,-999,-999,-999
DABOB_122W_478N,47.803,-122.803,8/13/2012,18:17,306.3,2,16.4,428.7,2,16.24,1016.8,21.9,104.96,-999,-999,311.4,435.8,-999,-999,-999,-999,-999,-999
DABOB_122W_478N,47.803,-122.803,8/13/2012,21:17,310.5,2,20.79,408.1,2,19.73,1016,27.6,105.05,-999,-999,317.1,416.3,-999,-999,-999,-999,-999,-999
DABOB_122W_478N,47.803,-122.803,8/14/2012,0:17,326.6,2,23.1,384.6,2,20.46,1015.2,30.4,104.94,-999,-999,334.4,392.7,-999,-999,-999,-999,-999,-999
DABOB_122W_478N,47.803,-122.803,8/14/2012,3:17,319,2,18.16,392.1,2,17,1015.2,27.2,105.15,-999,-999,324.9,398.9,-999,-999,-999,-999,-999,-999
DABOB_122W_478N,47.803,-122.803,8/14/2012,6:17,317.6,2,14.9,401.2,2,14.3,1015.6,22.8,105.2,-999,-999,322.4,407,-999,-999,-999,-999,-999,-999
DABOB_122W_478N,47.803,-122.803,8/14/2012,9:17,316.4,2,12.93,403,2,12.67,1016.3,19.9,105.1,-999,-999,320.6,408.2,-999,-999,-999,-999,-999,-999
DABOB_122W_478N,47.803,-122.803,8/14/2012,12:17,327.3,2,11.98,425.8,2,11.77,1016,18,104.77,-999,-999,331.3,430.9,-999,-999,-999,-999,-999,-999
DABOB_122W_478N,47.803,-122.803,8/14/2012,15:17,313.7,2,12.48,406.2,2,12.51,1016.3,17.4,104.78,-999,-999,317.7,411.4,-999,-999,-999,-999,-999,-999
DABOB_122W_478N,47.803,-122.803,8/14/2012,18:17,329.8,2,16.34,394.6,2,16.71,1015.1,21.8,104.78,-999,-999,335.3,401.3,-999,-999,-999,-999,-999,-999
DABOB_122W_478N,47.803,-122.803,8/14/2012,21:17,321.6,2,21.69,387.8,2,19.78,1013.7,28.6,104.94,-999,-999,328.7,395.6,-999,-999,-999,-999,-999,-999
DABOB_122W_478N,47.803,-122.803,8/15/2012,0:17,309.2,2,23.17,387,2,21.39,1012.5,30.4,105.4,-999,-999,316.5,395.5,-999,-999,-999,-999,-999,-999
DABOB_122W_478N,47.803,-122.803,8/15/2012,3:17,314.9,2,19.69,393.9,2,18.85,1012.1,27.9,105.72,-999,-999,321.2,401.5,-999,-999,-999,-999,-999,-999
DABOB_122W_478N,47.803,-122.803,8/15/2012,6:17,305,2,16.34,410.9,2,15.99,1012.8,24.1,106.34,-999,-999,310,417.6,-999,-999,-999,-999,-999,-999
DABOB_122W_478N,47.803,-122.803,8/15/2012,9:17,290.8,2,13.97,414.6,2,13.7,1013.6,21.1,107.18,-999,-999,294.9,420.3,-999,-999,-999,-999,-999,-999
DABOB_122W_478N,47.803,-122.803,8/15/2012,12:17,298.1,2,12.33,414.4,2,12.32,1013.7,18.8,107.27,-999,-999,301.8,419.5,-999,-999,-999,-999,-999,-999
DABOB_122W_478N,47.803,-122.803,8/15/2012,15:17,306.5,2,13.18,407.3,2,13.43,1014.5,18.2,107.11,-999,-999,310.6,412.8,-999,-999,-999,-999,-999,-999
DABOB_122W_478N,47.803,-122.803,8/15/2012,18:17,281.6,2,16.89,392.3,2,16.43,1013.9,22.1,107.79,-999,-999,286.4,398.8,-999,-999,-999,-999,-999,-999
DABOB_122W_478N,47.803,-122.803,8/15/2012,21:17,275.2,2,18.82,392.9,2,16.9,1013.2,25.6,108.96,-999,-999,280.5,399.7,-999,-999,-999,-999,-999,-999
DABOB_122W_478N,47.803,-122.803,8/16/2012,0:17,260,2,19.1,391.3,2,17.31,1011.3,27,110.87,-999,-999,265,398.2,-999,-999,-999,-999,-999,-999
DABOB_122W_478N,47.803,-122.803,8/16/2012,3:17,254.4,2,18.4,402.7,2,17.3,1010.8,26.7,111.98,-999,-999,259.2,409.8,-999,-999,-999,-999,-999,-999
DABOB_122W_478N,47.803,-122.803,8/16/2012,6:17,275.6,2,16.31,435.3,2,15.68,1012.1,24,112.01,-999,-999,280.2,442.3,-999,-999,-999,-999,-999,-999
DABOB_122W_478N,47.803,-122.803,8/16/2012,9:17,280.9,2,14.55,445.1,2,14.01,1012.7,21.8,112.2,-999,-999,285,451.4,-999,-999,-999,-999,-999,-999
DABOB_122W_478N,47.803,-122.803,8/16/2012,12:17,293,2,12.78,469.1,2,12.53,1013.3,19.6,111.88,-999,-999,296.8,475.1,-999,-999,-999,-999,-999,-999
DABOB_122W_478N,47.803,-122.803,8/16/2012,15:17,278.2,2,13.3,462.4,2,13.13,1014.5,18.4,111.88,-999,-999,281.9,468.5,-999,-999,-999,-999,-999,-999
DABOB_122W_478N,47.803,-122.803,8/16/2012,18:17,289.8,2,16.72,429.4,2,16.25,1014.4,22.7,111.44,-999,-999,294.7,436.5,-999,-999,-999,-999,-999,-999
DABOB_122W_478N,47.803,-122.803,8/16/2012,21:17,304.5,2,21.57,407.8,2,20.8,1012.9,29.2,111.53,-999,-999,311.2,416.5,-999,-999,-999,-999,-999,-999
DABOB_122W_478N,47.803,-122.803,8/17/2012,0:17,291.5,2,26.37,400.1,2,23.8,1011.3,33.3,111.31,-999,-999,299.4,409.9,-999,-999,-999,-999,-999,-999
DABOB_122W_478N,47.803,-122.803,8/17/2012,3:17,290,2,23.38,422.8,2,21.88,1011.7,31.5,111.68,-999,-999,297,432.2,-999,-999,-999,-999,-999,-999
DABOB_122W_478N,47.803,-122.803,8/17/2012,6:17,305.9,2,18.16,454.7,2,17.72,1012.8,26.8,111.36,-999,-999,311.5,462.9,-999,-999,-999,-999,-999,-999
DABOB_122W_478N,47.803,-122.803,8/17/2012,9:17,312,2,15.4,474.1,2,15.36,1013.4,23.1,110.43,-999,-999,316.9,481.5,-999,-999,-999,-999,-999,-999
DABOB_122W_478N,47.803,-122.803,8/17/2012,12:17,305.8,2,13.84,474.3,2,13.58,1014.1,20.7,110.09,-999,-999,310.1,480.8,-999,-999,-999,-999,-999,-999
DABOB_122W_478N,47.803,-122.803,8/17/2012,15:17,305.7,2,14.36,466.1,2,14.18,1015.4,19.4,109.59,-999,-999,310.1,472.8,-999,-999,-999,-999,-999,-999
DABOB_122W_478N,47.803,-122.803,8/17/2012,18:17,318.8,2,18.05,458.3,2,16.95,1015.1,23.8,108.63,-999,-999,324.7,466.2,-999,-999,-999,-999,-999,-999
DABOB_122W_478N,47.803,-122.803,8/17/2012,21:17,348.1,2,22.62,429.5,2,21.05,1013.9,29.4,108.03,-999,-999,356.1,438.8,-999,-999,-999,-999,-999,-999
DABOB_122W_478N,47.803,-122.803,8/18/2012,0:17,334.7,2,27,411.4,2,24.97,1012.3,33.1,107.37,-999,-999,344,421.9,-999,-999,-999,-999,-999,-999
DABOB_122W_478N,47.803,-122.803,8/18/2012,3:17,337.6,2,24.69,434.2,2,23.1,1012.3,32.5,107.17,-999,-999,346.1,444.5,-999,-999,-999,-999,-999,-999
DABOB_122W_478N,47.803,-122.803,8/18/2012,6:17,322.6,2,18.95,436.7,2,18.49,1013.1,27.5,107.06,-999,-999,328.8,444.9,-999,-999,-999,-999,-999,-999
DABOB_122W_478N,47.803,-122.803,8/18/2012,9:17,301.2,2,16.32,421.2,2,16.28,1013.9,23.7,107.13,-999,-999,306.2,428.2,-999,-999,-999,-999,-999,-999
DABOB_122W_478N,47.803,-122.803,8/18/2012,12:17,309.2,2,14.4,410,2,14.38,1015,21.4,107.16,-999,-999,313.8,416,-999,-999,-999,-999,-999,-999
DABOB_122W_478N,47.803,-122.803,8/18/2012,15:17,311.7,2,13.2,409.5,2,13.19,1015.3,19.6,107.02,-999,-999,315.9,414.9,-999,-999,-999,-999,-999,-999
DABOB_122W_478N,47.803,-122.803,8/18/2012,18:17,305.3,2,13.82,405,2,13.63,1015.3,19.3,106.79,-999,-999,309.6,410.6,-999,-999,-999,-999,-999,-999
DABOB_122W_478N,47.803,-122.803,8/18/2012,21:17,306.9,2,15.2,398.5,2,14.75,1014.5,20.9,106.6,-999,-999,311.7,404.4,-999,-999,-999,-999,-999,-999
DABOB_122W_478N,47.803,-122.803,8/19/2012,0:17,305.2,2,16.26,391.4,2,15.74,1014.3,22.5,106.3,-999,-999,310.3,397.7,-999,-999,-999,-999,-999,-999
DABOB_122W_478N,47.803,-122.803,8/19/2012,3:17,303.2,2,15.64,395.5,2,15.36,1012.1,22.4,106.1,-999,-999,308,401.7,-999,-999,-999,-999,-999,-999
DABOB_122W_478N,47.803,-122.803,8/19/2012,6:17,307.6,2,14.38,408.4,2,14.12,1013.5,21,105.92,-999,-999,312,414.2,-999,-999,-999,-999,-999,-999
DABOB_122W_478N,47.803,-122.803,8/19/2012,9:17,304.2,2,13.64,402.3,2,13.64,1014.9,19.9,105.77,-999,-999,308.4,407.9,-999,-999,-999,-999,-999,-999
DABOB_122W_478N,47.803,-122.803,8/19/2012,12:17,305,2,12.88,404.6,2,12.89,1015.2,18.9,105.77,-999,-999,309,409.9,-999,-999,-999,-999,-999,-999
DABOB_122W_478N,47.803,-122.803,8/19/2012,15:17,308.3,2,12.59,403.3,2,12.6,1016.7,18.3,105.58,-999,-999,312.2,408.5,-999,-999,-999,-999,-999,-999
DABOB_122W_478N,47.803,-122.803,8/19/2012,18:17,304.6,2,13.09,396.7,2,12.89,1017.6,18.7,105.35,-999,-999,308.7,401.9,-999,-999,-999,-999,-999,-999
DABOB_122W_478N,47.803,-122.803,8/19/2012,21:17,304.8,2,14.42,389.3,2,13.99,1016.9,20,105.34,-999,-999,309.3,394.9,-999,-999,-999,-999,-999,-999
DABOB_122W_478N,47.803,-122.803,8/20/2012,0:17,305.1,2,15.13,389.7,2,14.4,1016,21.4,105.43,-999,-999,309.8,395.4,-999,-999,-999,-999,-999,-999
DABOB_122W_478N,47.803,-122.803,8/20/2012,3:17,300.6,2,14.38,394,2,13.87,1016.4,21.1,105.4,-999,-999,305,399.6,-999,-999,-999,-999,-999,-999
DABOB_122W_478N,47.803,-122.803,8/20/2012,6:17,307.3,2,12.89,406.9,2,12.65,1017.3,19.5,105.13,-999,-999,311.3,412.1,-999,-999,-999,-999,-999,-999
DABOB_122W_478N,47.803,-122.803,8/20/2012,9:17,308.3,2,12.74,407.8,2,12.32,1017.9,18.5,104.95,-999,-999,312.3,412.9,-999,-999,-999,-999,-999,-999
DABOB_122W_478N,47.803,-122.803,8/20/2012,12:17,301.6,2,12.37,400.6,2,11.97,1017.2,18,104.96,-999,-999,305.4,405.4,-999,-999,-999,-999,-999,-999
DABOB_122W_478N,47.803,-122.803,8/20/2012,15:17,311.4,2,12.79,420.9,2,12.39,1017.3,18,104.74,-999,-999,315.5,426.2,-999,-999,-999,-999,-999,-999
DABOB_122W_478N,47.803,-122.803,8/20/2012,18:17,313.3,2,15.08,401.3,2,14.92,1018,20.5,104.87,-999,-999,318.1,407.4,-999,-999,-999,-999,-999,-999
DABOB_122W_478N,47.803,-122.803,8/20/2012,21:17,317.7,2,19.35,389.9,2,17.35,1016.4,26.1,104.62,-999,-999,324,396.8,-999,-999,-999,-999,-999,-999
DABOB_122W_478N,47.803,-122.803,8/21/2012,0:17,309,2,20.56,387.6,2,18.74,1014.7,27.4,104.76,-999,-999,315.5,395.1,-999,-999,-999,-999,-999,-999
DABOB_122W_478N,47.803,-122.803,8/21/2012,3:17,300.3,2,17.49,394.3,2,16.43,1014.3,25.9,105.17,-999,-999,305.7,400.9,-999,-999,-999,-999,-999,-999
DABOB_122W_478N,47.803,-122.803,8/21/2012,6:17,307.9,2,14.38,409.4,2,13.81,1014.9,21.9,105.09,-999,-999,312.4,415.1,-999,-999,-999,-999,-999,-999
DABOB_122W_478N,47.803,-122.803,8/21/2012,9:17,318.2,2,12.66,409.7,2,12.43,1015.4,19.2,104.85,-999,-999,322.3,414.8,-999,-999,-999,-999,-999,-999
DABOB_122W_478N,47.803,-122.803,8/21/2012,12:17,318.6,2,11.66,418.2,2,11.66,1015.3,17.6,104.43,-999,-999,322.3,423.2,-999,-999,-999,-999,-999,-999
DABOB_122W_478N,47.803,-122.803,8/21/2012,15:17,311,2,11.95,422.4,2,11.78,1015.7,16.9,104.17,-999,-999,314.8,427.4,-999,-999,-999,-999,-999,-999
DABOB_122W_478N,47.803,-122.803,8/21/2012,18:17,305.7,2,13.55,404.4,2,12.95,1016.4,18.7,104.19,-999,-999,309.9,409.7,-999,-999,-999,-999,-999,-999
DABOB_122W_478N,47.803,-122.803,8/21/2012,21:17,299.7,2,14.68,396,2,13.97,1016.5,20.9,104.33,-999,-999,304.2,401.6,-999,-999,-999,-999,-999,-999
DABOB_122W_478N,47.803,-122.803,8/22/2012,0:17,296.8,2,14.1,395,2,13.61,1016.8,20.8,104.69,-999,-999,301,400.5,-999,-999,-999,-999,-999,-999
DABOB_122W_478N,47.803,-122.803,8/22/2012,3:17,307.9,2,13.55,396.3,2,13.09,1016.7,19.8,104.82,-999,-999,312.1,401.6,-999,-999,-999,-999,-999,-999
DABOB_122W_478N,47.803,-122.803,8/22/2012,6:17,308.1,2,12.29,398.7,2,12.07,1017.6,18.5,104.61,-999,-999,312,403.6,-999,-999,-999,-999,-999,-999
DABOB_122W_478N,47.803,-122.803,8/22/2012,9:17,313.5,2,11.36,412.8,2,11.15,1018.4,17.2,104.61,-999,-999,317.1,417.4,-999,-999,-999,-999,-999,-999
DABOB_122W_478N,47.803,-122.803,8/22/2012,12:17,301.1,2,10.77,439.3,2,10.77,1019.1,16,104.47,-999,-999,304.4,444.1,-999,-999,-999,-999,-999,-999
DABOB_122W_478N,47.803,-122.803,8/22/2012,15:17,312.4,2,10.75,421.6,2,10.77,1019.6,15.5,104.15,-999,-999,315.8,426.2,-999,-999,-999,-999,-999,-999
DABOB_122W_478N,47.803,-122.803,8/22/2012,18:17,305.4,2,12.15,403.8,2,12,1020.2,17,104.1,-999,-999,309.2,408.7,-999,-999,-999,-999,-999,-999
DABOB_122W_478N,47.803,-122.803,8/22/2012,21:17,296.1,2,14.61,399.6,2,13.73,1019.9,20,104.21,-999,-999,300.5,405.1,-999,-999,-999,-999,-999,-999
DABOB_122W_478N,47.803,-122.803,8/23/2012,0:17,301.3,2,16.59,393,2,15.29,1018.5,22.4,104.47,-999,-999,306.4,399.1,-999,-999,-999,-999,-999,-999
DABOB_122W_478N,47.803,-122.803,8/23/2012,3:17,290,2,15.93,389.5,2,15.01,1017.5,23.7,104.71,-999,-999,294.7,395.5,-999,-999,-999,-999,-999,-999
DABOB_122W_478N,47.803,-122.803,8/23/2012,6:17,291.4,2,13.02,403.9,2,12.53,1018,20,105.15,-999,-999,295.3,409,-999,-999,-999,-999,-999,-999
DABOB_122W_478N,47.803,-122.803,8/23/2012,9:17,290.5,2,11.93,401.6,2,11.52,1018,18,105.26,-999,-999,294.1,406.3,-999,-999,-999,-999,-999,-999
DABOB_122W_478N,47.803,-122.803,8/23/2012,12:17,292.2,2,11.38,425.2,2,11.18,1018.4,16.9,105.4,-999,-999,295.6,430,-999,-999,-999,-999,-999,-999
DABOB_122W_478N,47.803,-122.803,8/23/2012,15:17,288.8,2,11.33,414.4,2,10.97,1018.9,16.3,105.42,-999,-999,292.1,419,-999,-999,-999,-999,-999,-999
DABOB_122W_478N,47.803,-122.803,8/23/2012,18:17,294.4,2,13.22,393.2,2,12.86,1018.9,18.4,105.36,-999,-999,298.4,398.3,-999,-999,-999,-999,-999,-999
DABOB_122W_478N,47.803,-122.803,8/23/2012,21:17,290.7,2,13.73,393.2,2,13.01,1019.2,20.3,105.23,-999,-999,294.7,398.3,-999,-999,-999,-999,-999,-999
DABOB_122W_478N,47.803,-122.803,8/24/2012,0:17,284,2,13.02,385.9,2,12.36,1018.7,19.2,105.47,-999,-999,287.8,390.7,-999,-999,-999,-999,-999,-999
DABOB_122W_478N,47.803,-122.803,8/24/2012,3:17,288.1,2,12.31,389.3,2,11.69,1018.5,18.2,105.74,-999,-999,291.7,393.9,-999,-999,-999,-999,-999,-999
DABOB_122W_478N,47.803,-122.803,8/24/2012,6:17,292.2,2,10.86,402.2,2,10.66,1019.8,17,106.09,-999,-999,295.4,406.5,-999,-999,-999,-999,-999,-999
DABOB_122W_478N,47.803,-122.803,8/24/2012,9:17,286.4,2,9.92,418.5,2,9.91,1021.1,15.3,106.18,-999,-999,289.3,422.7,-999,-999,-999,-999,-999,-999
DABOB_122W_478N,47.803,-122.803,8/24/2012,12:17,285.8,2,9.33,417.8,2,9.32,1022.4,14,106.13,-999,-999,288.5,421.8,-999,-999,-999,-999,-999,-999
DABOB_122W_478N,47.803,-122.803,8/24/2012,15:17,280.1,2,9.49,414.1,2,9.66,1023.3,13.2,106.31,-999,-999,282.8,418.1,-999,-999,-999,-999,-999,-999
DABOB_122W_478N,47.803,-122.803,8/24/2012,18:17,290,2,11.97,391.8,2,11.82,1023,16.8,106.23,-999,-999,293.5,396.5,-999,-999,-999,-999,-999,-999
DABOB_122W_478N,47.803,-122.803,8/24/2012,21:17,315.4,2,15.44,387.5,2,14.21,1021.8,21.5,105.74,-999,-999,320.4,393.1,-999,-999,-999,-999,-999,-999
DABOB_122W_478N,47.803,-122.803,8/25/2012,0:17,298.4,2,16.8,387.1,2,15.36,1019.5,23.7,105.54,-999,-999,303.5,393.2,-999,-999,-999,-999,-999,-999
DABOB_122W_478N,47.803,-122.803,8/25/2012,3:17,285,2,14.63,392.1,2,13.77,1018,22.6,105.94,-999,-999,289.2,397.6,-999,-999,-999,-999,-999,-999
DABOB_122W_478N,47.803,-122.803,8/25/2012,6:17,285.7,2,12.51,397.4,2,12.04,1017.1,19.3,106.39,-999,-999,289.3,402.3,-999,-999,-999,-999,-999,-999
DABOB_122W_478N,47.803,-122.803,8/25/2012,9:17,288.1,2,11.33,407.4,2,10.94,1015.4,17.1,106.64,-999,-999,291.4,411.9,-999,-999,-999,-999,-999,-999
DABOB_122W_478N,47.803,-122.803,8/25/2012,12:17,289.5,2,10.97,401.3,2,10.44,1014.4,16,106.95,-999,-999,292.7,405.6,-999,-999,-999,-999,-999,-999
DABOB_122W_478N,47.803,-122.803,8/25/2012,15:17,306.8,2,11.23,402.5,2,10.72,1013.7,15.6,107.18,-999,-999,310.2,406.9,-999,-999,-999,-999,-999,-999
DABOB_122W_478N,47.803,-122.803,8/25/2012,18:17,344,2,12.93,387.6,2,12.56,1012.3,17.9,106.88,-999,-999,348.5,392.6,-999,-999,-999,-999,-999,-999
DABOB_122W_478N,47.803,-122.803,8/25/2012,21:17,329.7,2,15.26,390.6,2,13.8,1010.3,21.1,106.59,-999,-999,334.8,396.1,-999,-999,-999,-999,-999,-999
DABOB_122W_478N,47.803,-122.803,8/26/2012,0:17,342.4,2,18.11,386.5,2,16.56,1007.8,24.8,106.37,-999,-999,348.7,393,-999,-999,-999,-999,-999,-999
DABOB_122W_478N,47.803,-122.803,8/26/2012,3:17,306.1,2,16.19,393.8,2,15.23,1007.3,24.1,106.98,-999,-999,311.2,399.9,-999,-999,-999,-999,-999,-999
DABOB_122W_478N,47.803,-122.803,8/26/2012,6:17,313.8,2,13.04,422.6,2,12.75,1007.6,20.5,107.36,-999,-999,318,428.1,-999,-999,-999,-999,-999,-999
DABOB_122W_478N,47.803,-122.803,8/26/2012,9:17,336,2,11.26,436,2,11.24,1007.8,17.4,107.31,-999,-999,339.8,441,-999,-999,-999,-999,-999,-999
DABOB_122W_478N,47.803,-122.803,8/26/2012,12:17,309,2,10.43,439.5,2,10.43,1008,15.6,106.7,-999,-999,312.2,444.2,-999,-999,-999,-999,-999,-999
DABOB_122W_478N,47.803,-122.803,8/26/2012,15:17,297.3,2,11.06,408.9,2,11.09,1008.3,15.2,106.36,-999,-999,300.6,413.5,-999,-999,-999,-999,-999,-999
DABOB_122W_478N,47.803,-122.803,8/26/2012,18:17,305.5,2,12.7,387.9,2,12.35,1008,17.5,106.53,-999,-999,309.4,392.8,-999,-999,-999,-999,-999,-999
DABOB_122W_478N,47.803,-122.803,8/26/2012,21:17,289,2,14.81,384.9,2,14.12,1008.2,20.6,106.61,-999,-999,293.4,390.4,-999,-999,-999,-999,-999,-999
DABOB_122W_478N,47.803,-122.803,8/27/2012,0:17,282.6,2,14.51,386.1,2,13.51,1008.7,21.1,106.57,-999,-999,286.8,391.4,-999,-999,-999,-999,-999,-999
DABOB_122W_478N,47.803,-122.803,8/27/2012,3:17,277.6,2,13.97,387.9,2,13.23,1010.2,20.8,106.72,-999,-999,281.5,393.1,-999,-999,-999,-999,-999,-999
DABOB_122W_478N,47.803,-122.803,8/27/2012,6:17,283.2,2,12.66,393.2,2,12.42,1013,19.2,106.49,-999,-999,286.8,398.1,-999,-999,-999,-999,-999,-999
DABOB_122W_478N,47.803,-122.803,8/27/2012,9:17,281.7,2,11.91,394.2,2,11.5,1015,17.9,106.33,-999,-999,285.1,398.8,-999,-999,-999,-999,-999,-999
DABOB_122W_478N,47.803,-122.803,8/27/2012,12:17,286.9,2,11.12,398.2,2,10.93,1015.8,16.8,105.94,-999,-999,290.1,402.6,-999,-999,-999,-999,-999,-999
DABOB_122W_478N,47.803,-122.803,8/27/2012,15:17,291.7,2,11.76,404.5,2,11.6,1017.2,16.4,105.64,-999,-999,295.1,409.3,-999,-999,-999,-999,-999,-999
DABOB_122W_478N,47.803,-122.803,8/27/2012,18:17,288.4,2,12.42,391.1,2,12.05,1017.5,17.8,105.5,-999,-999,292,395.8,-999,-999,-999,-999,-999,-999
DABOB_122W_478N,47.803,-122.803,8/27/2012,21:17,287,2,14.1,388.4,2,13.4,1016.8,20.8,105.37,-999,-999,291.1,393.7,-999,-999,-999,-999,-999,-999
DABOB_122W_478N,47.803,-122.803,8/28/2012,0:17,284,2,15.13,387.7,2,14.32,1015.9,22.5,105.5,-999,-999,288.3,393.3,-999,-999,-999,-999,-999,-999
DABOB_122W_478N,47.803,-122.803,8/28/2012,3:17,282.2,2,14.83,392.6,2,14.25,1016.8,22.8,105.44,-999,-999,286.4,398.3,-999,-999,-999,-999,-999,-999
DABOB_122W_478N,47.803,-122.803,8/28/2012,6:17,280.4,2,12.71,415,2,12.45,1017.3,19.9,105.55,-999,-999,284,420.2,-999,-999,-999,-999,-999,-999
DABOB_122W_478N,47.803,-122.803,8/28/2012,9:17,289.3,2,11.41,416.8,2,11.21,1017.6,17.5,105.4,-999,-999,292.7,421.5,-999,-999,-999,-999,-999,-999
DABOB_122W_478N,47.803,-122.803,8/28/2012,12:17,287.5,2,11.03,425.6,2,10.84,1016.9,16.4,105.23,-999,-999,290.7,430.2,-999,-999,-999,-999,-999,-999
DABOB_122W_478N,47.803,-122.803,8/28/2012,15:17,290.7,2,11.06,429.7,2,10.89,1017.5,15.9,104.95,-999,-999,293.9,434.5,-999,-999,-999,-999,-999,-999
DABOB_122W_478N,47.803,-122.803,8/28/2012,18:17,296.6,2,13.17,408.9,2,12.83,1017.1,18.3,105.05,-999,-999,300.6,414.3,-999,-999,-999,-999,-999,-999
DABOB_122W_478N,47.803,-122.803,8/28/2012,21:17,293.7,2,16.7,389.7,2,15.23,1016.2,23.9,104.58,-999,-999,298.7,395.8,-999,-999,-999,-999,-999,-999
DABOB_122W_478N,47.803,-122.803,8/29/2012,0:17,285.9,2,14.91,382.8,2,14.61,1016.8,22.3,104.86,-999,-999,290.3,388.4,-999,-999,-999,-999,-999,-999
DABOB_122W_478N,47.803,-122.803,8/29/2012,3:17,285.6,2,13.35,392,2,13.09,1017.1,20.4,104.94,-999,-999,289.4,397.2,-999,-999,-999,-999,-999,-999
DABOB_122W_478N,47.803,-122.803,8/29/2012,6:17,287.2,2,11.8,409.5,2,11.78,1018.4,18.1,104.87,-999,-999,290.6,414.4,-999,-999,-999,-999,-999,-999
DABOB_122W_478N,47.803,-122.803,8/29/2012,9:17,285.4,2,11.08,400.2,2,10.89,1018.9,16.5,104.88,-999,-999,288.6,404.6,-999,-999,-999,-999,-999,-999
DABOB_122W_478N,47.803,-122.803,8/29/2012,12:17,289.1,2,10.58,413.2,2,10.58,1019.3,15.8,104.74,-999,-999,292.2,417.6,-999,-999,-999,-999,-999,-999
DABOB_122W_478N,47.803,-122.803,8/29/2012,15:17,291,2,10.74,414.2,2,10.58,1020.4,15.2,104.51,-999,-999,294.2,418.7,-999,-999,-999,-999,-999,-999
DABOB_122W_478N,47.803,-122.803,8/29/2012,18:17,299.4,2,12.38,401.1,2,12.25,1021.1,17.3,104.45,-999,-999,303.2,406.1,-999,-999,-999,-999,-999,-999
DABOB_122W_478N,47.803,-122.803,8/29/2012,21:17,291.5,2,15.93,387.8,2,15.49,1019.5,21.5,104.44,-999,-999,296.2,393.9,-999,-999,-999,-999,-999,-999
DABOB_122W_478N,47.803,-122.803,8/30/2012,0:17,282.6,2,17.42,384.2,2,16.15,1018.5,24.9,104.55,-999,-999,287.6,390.5,-999,-999,-999,-999,-999,-999
DABOB_122W_478N,47.803,-122.803,8/30/2012,3:17,283.8,2,14.97,391.6,2,14.65,1018,23,104.84,-999,-999,288.1,397.5,-999,-999,-999,-999,-999,-999
DABOB_122W_478N,47.803,-122.803,8/30/2012,6:17,286.7,2,12.77,405.5,2,12.52,1018.4,19.7,104.92,-999,-999,290.4,410.7,-999,-999,-999,-999,-999,-999
DABOB_122W_478N,47.803,-122.803,8/30/2012,9:17,288.9,2,11.8,422.9,2,11.8,1017.5,17.8,105.02,-999,-999,292.4,427.9,-999,-999,-999,-999,-999,-999
DABOB_122W_478N,47.803,-122.803,8/30/2012,12:17,299.3,2,11.06,409.8,2,11.05,1016.8,16.7,104.74,-999,-999,302.6,414.4,-999,-999,-999,-999,-999,-999
DABOB_122W_478N,47.803,-122.803,8/30/2012,15:17,297.8,2,11.18,407,2,11.2,1017.1,15.6,104.67,-999,-999,301.2,411.7,-999,-999,-999,-999,-999,-999
DABOB_122W_478N,47.803,-122.803,8/30/2012,18:17,299.4,2,13,405.5,2,12.86,1016.4,18,104.73,-999,-999,303.4,410.8,-999,-999,-999,-999,-999,-999
DABOB_122W_478N,47.803,-122.803,8/30/2012,21:17,294.1,2,16.76,387.6,2,15.58,1014.5,24.2,104.56,-999,-999,299.2,393.8,-999,-999,-999,-999,-999,-999
DABOB_122W_478N,47.803,-122.803,8/31/2012,0:17,283.9,2,16.3,388.4,2,15.14,1013.3,23.4,104.99,-999,-999,288.6,394.4,-999,-999,-999,-999,-999,-999
DABOB_122W_478N,47.803,-122.803,8/31/2012,3:17,287.5,2,14.13,393.3,2,13.83,1013,21.6,105.44,-999,-999,291.6,398.8,-999,-999,-999,-999,-999,-999
DABOB_122W_478N,47.803,-122.803,8/31/2012,6:17,292.7,2,11.98,408.9,2,11.96,1013.4,18.6,105.66,-999,-999,296.2,413.9,-999,-999,-999,-999,-999,-999
DABOB_122W_478N,47.803,-122.803,8/31/2012,9:17,297.6,2,10.61,420,2,10.59,1014,16.3,105.45,-999,-999,300.8,424.5,-999,-999,-999,-999,-999,-999
DABOB_122W_478N,47.803,-122.803,8/31/2012,12:17,308.4,2,9.65,420.7,2,9.65,1014.4,14.4,105.08,-999,-999,311.5,424.8,-999,-999,-999,-999,-999,-999
DABOB_122W_478N,47.803,-122.803,8/31/2012,15:17,309.6,2,9.75,418.5,2,9.76,1015.4,13.8,105.15,-999,-999,312.6,422.6,-999,-999,-999,-999,-999,-999
DABOB_122W_478N,47.803,-122.803,8/31/2012,18:17,310.1,2,11.79,407.9,2,11.66,1015.4,16.4,105.04,-999,-999,313.8,412.7,-999,-999,-999,-999,-999,-999
DABOB_122W_478N,47.803,-122.803,8/31/2012,21:17,302,2,15.6,391.9,2,14.57,1014.5,22.1,104.72,-999,-999,306.8,397.7,-999,-999,-999,-999,-999,-999
DABOB_122W_478N,47.803,-122.803,9/1/2012,0:17,308.2,2,16.13,386.9,2,15.03,1014.1,22.7,105.01,-999,-999,313.3,392.8,-999,-999,-999,-999,-999,-999
DABOB_122W_478N,47.803,-122.803,9/1/2012,3:17,296.8,2,14.05,397.8,2,13.52,1014.8,21.2,105.29,-999,-999,301,403.2,-999,-999,-999,-999,-999,-999
DABOB_122W_478N,47.803,-122.803,9/1/2012,6:17,301,2,11.79,411,2,11.55,1015.8,18.6,105.21,-999,-999,304.6,415.8,-999,-999,-999,-999,-999,-999
DABOB_122W_478N,47.803,-122.803,9/1/2012,9:17,296.5,2,10.42,416.7,2,10.23,1017.2,16,105.3,-999,-999,299.7,421,-999,-999,-999,-999,-999,-999
DABOB_122W_478N,47.803,-122.803,9/1/2012,12:17,299.4,2,9.48,418.6,2,9.48,1018.2,14.2,105.25,-999,-999,302.2,422.6,-999,-999,-999,-999,-999,-999
DABOB_122W_478N,47.803,-122.803,9/1/2012,15:17,295.1,2,9.6,417.3,2,9.61,1019.9,13.6,105.18,-999,-999,298,421.3,-999,-999,-999,-999,-999,-999
DABOB_122W_478N,47.803,-122.803,9/1/2012,18:17,316.8,2,10.56,404.6,2,10.42,1021.4,14.7,105.07,-999,-999,320.2,408.9,-999,-999,-999,-999,-999,-999
DABOB_122W_478N,47.803,-122.803,9/1/2012,21:17,301.5,2,13.07,393.1,2,12.48,1020.4,18.7,105.14,-999,-999,305.5,398.1,-999,-999,-999,-999,-999,-999
DABOB_122W_478N,47.803,-122.803,9/2/2012,0:17,296.6,2,16.14,386.7,2,14.85,1019.4,22.2,105.45,-999,-999,301.5,392.5,-999,-999,-999,-999,-999,-999
DABOB_122W_478N,47.803,-122.803,9/2/2012,3:17,288.5,2,14,393.6,2,13.46,1020.3,21.6,105.6,-999,-999,292.6,399,-999,-999,-999,-999,-999,-999
DABOB_122W_478N,47.803,-122.803,9/2/2012,6:17,291,2,11.58,397.7,2,11.35,1020.8,18.4,105.47,-999,-999,294.4,402.3,-999,-999,-999,-999,-999,-999
DABOB_122W_478N,47.803,-122.803,9/2/2012,9:17,286.6,2,10.32,409.2,2,10.12,1021.8,15.9,105.51,-999,-999,289.6,413.4,-999,-999,-999,-999,-999,-999
DABOB_122W_478N,47.803,-122.803,9/2/2012,12:17,282.9,2,9.42,414.6,2,9.42,1022,14.2,105.56,-999,-999,285.6,418.6,-999,-999,-999,-999,-999,-999
DABOB_122W_478N,47.803,-122.803,9/2/2012,15:17,290.3,2,9.38,412.8,2,9.39,1023.2,13.3,105.54,-999,-999,293,416.7,-999,-999,-999,-999,-999,-999
DABOB_122W_478N,47.803,-122.803,9/2/2012,18:17,312.8,2,10.71,392.9,2,10.76,1023.4,15,105.48,-999,-999,316.2,397.1,-999,-999,-999,-999,-999,-999
DABOB_122W_478N,47.803,-122.803,9/2/2012,21:17,296.8,2,14.96,389.3,2,14.05,1022.1,21,105.09,-999,-999,301.3,394.9,-999,-999,-999,-999,-999,-999
DABOB_122W_478N,47.803,-122.803,9/3/2012,0:17,308.8,2,16.85,387.8,2,16.27,1020.7,24.4,105.29,-999,-999,314.1,394.2,-999,-999,-999,-999,-999,-999
DABOB_122W_478N,47.803,-122.803,9/3/2012,3:17,295.5,2,15.25,398.7,2,14.63,1020.7,23.3,105.54,-999,-999,300.1,404.6,-999,-999,-999,-999,-999,-999
DABOB_122W_478N,47.803,-122.803,9/3/2012,6:17,298.4,2,12.52,414.6,2,12.27,1021.2,19.4,105.37,-999,-999,302.1,419.7,-999,-999,-999,-999,-999,-999
DABOB_122W_478N,47.803,-122.803,9/3/2012,9:17,293.2,2,10.82,419.5,2,10.8,1021.5,16.7,105.37,-999,-999,296.4,424.1,-999,-999,-999,-999,-999,-999
DABOB_122W_478N,47.803,-122.803,9/3/2012,12:17,287,2,9.81,416.3,2,9.8,1021.8,14.8,105.32,-999,-999,289.9,420.5,-999,-999,-999,-999,-999,-999
DABOB_122W_478N,47.803,-122.803,9/3/2012,15:17,288.8,2,9.57,407.3,2,9.58,1022.5,13.9,105.39,-999,-999,291.6,411.3,-999,-999,-999,-999,-999,-999
DABOB_122W_478N,47.803,-122.803,9/3/2012,18:17,299.4,2,11.71,398.2,2,11.58,1022.3,16.7,105.42,-999,-999,302.9,402.9,-999,-999,-999,-999,-999,-999
DABOB_122W_478N,47.803,-122.803,9/3/2012,21:17,299.8,2,14.92,389.6,2,13.71,1021.6,21.2,105.25,-999,-999,304.3,395.1,-999,-999,-999,-999,-999,-999
DABOB_122W_478N,47.803,-122.803,9/4/2012,0:17,295.5,2,16.46,389.4,2,14.86,1020.2,22.6,105.38,-999,-999,300.5,395.3,-999,-999,-999,-999,-999,-999
DABOB_122W_478N,47.803,-122.803,9/4/2012,3:17,293.8,2,14.57,402.2,2,14,1020.4,22.2,105.79,-999,-999,298.2,407.9,-999,-999,-999,-999,-999,-999
DABOB_122W_478N,47.803,-122.803,9/4/2012,6:17,293.6,2,12.36,415,2,11.89,1021.6,19.2,105.8,-999,-999,297.2,420,-999,-999,-999,-999,-999,-999
DABOB_122W_478N,47.803,-122.803,9/4/2012,9:17,290.1,2,10.83,417.4,2,10.62,1022.2,16.7,105.84,-999,-999,293.3,421.9,-999,-999,-999,-999,-999,-999
DABOB_122W_478N,47.803,-122.803,9/4/2012,12:17,295.3,2,9.88,428.9,2,9.88,1022.9,15,105.8,-999,-999,298.3,433.2,-999,-999,-999,-999,-999,-999
DABOB_122W_478N,47.803,-122.803,9/4/2012,15:17,296.6,2,10.1,419.3,2,10.12,1023.5,14,105.69,-999,-999,299.6,423.6,-999,-999,-999,-999,-999,-999
DABOB_122W_478N,47.803,-122.803,9/4/2012,18:17,314.1,2,12.66,392.1,2,12.72,1023.3,17.7,105.59,-999,-999,318.1,397.2,-999,-999,-999,-999,-999,-999
DABOB_122W_478N,47.803,-122.803,9/4/2012,21:17,311.6,2,16.02,385.7,2,15.02,1021.8,22.1,105.31,-999,-999,316.7,391.6,-999,-999,-999,-999,-999,-999
DABOB_122W_478N,47.803,-122.803,9/5/2012,0:17,322.9,2,18.67,387.2,2,16.78,1019.9,25.3,105.12,-999,-999,329.1,393.8,-999,-999,-999,-999,-999,-999
DABOB_122W_478N,47.803,-122.803,9/5/2012,3:17,306.6,2,16.39,406.1,2,15.42,1019.4,24.5,105.52,-999,-999,311.7,412.5,-999,-999,-999,-999,-999,-999
DABOB_122W_478N,47.803,-122.803,9/5/2012,6:17,303.6,2,13.49,417.1,2,12.97,1020.2,20.6,105.62,-999,-999,307.8,422.6,-999,-999,-999,-999,-999,-999
DABOB_122W_478N,47.803,-122.803,9/5/2012,9:17,310.4,2,11.43,421.3,2,11.22,1020.2,17.6,105.47,-999,-999,314,426.1,-999,-999,-999,-999,-999,-999
DABOB_122W_478N,47.803,-122.803,9/5/2012,12:17,322.4,2,10.24,431.7,2,10.24,1019.2,15.5,105.53,-999,-999,325.8,436.2,-999,-999,-999,-999,-999,-999
DABOB_122W_478N,47.803,-122.803,9/5/2012,15:17,312,2,10.32,432.5,2,10.51,1019.2,14.3,105.66,-999,-999,315.2,437.1,-999,-999,-999,-999,-999,-999
DABOB_122W_478N,47.803,-122.803,9/5/2012,18:17,307.4,2,13.11,419.1,2,13.18,1017.5,18.2,105.79,-999,-999,311.5,424.7,-999,-999,-999,-999,-999,-999
DABOB_122W_478N,47.803,-122.803,9/5/2012,21:17,302.6,2,17.74,389.8,2,16.32,1015.9,24,105.64,-999,-999,308.1,396.3,-999,-999,-999,-999,-999,-999
DABOB_122W_478N,47.803,-122.803,9/6/2012,0:17,301.1,2,18.85,390.8,2,17.13,1014.3,26.2,105.89,-999,-999,306.9,397.6,-999,-999,-999,-999,-999,-999
DABOB_122W_478N,47.803,-122.803,9/6/2012,3:17,290.4,2,15.77,403,2,15.15,1013.7,23.5,106.18,-999,-999,295,409.2,-999,-999,-999,-999,-999,-999
DABOB_122W_478N,47.803,-122.803,9/6/2012,6:17,292.1,2,13.77,417.9,2,13.51,1014.4,20.6,106.63,-999,-999,296.2,423.6,-999,-999,-999,-999,-999,-999
DABOB_122W_478N,47.803,-122.803,9/6/2012,9:17,296.1,2,13.04,403.3,2,12.6,1014.9,19.1,106.49,-999,-999,300,408.4,-999,-999,-999,-999,-999,-999
DABOB_122W_478N,47.803,-122.803,9/6/2012,12:17,291.7,2,12.43,421.5,2,12.21,1015.4,18.4,106.63,-999,-999,295.3,426.8,-999,-999,-999,-999,-999,-999
DABOB_122W_478N,47.803,-122.803,9/6/2012,15:17,298.3,2,12.36,417.3,2,12.18,1016.4,17.2,106.94,-999,-999,302,422.5,-999,-999,-999,-999,-999,-999
DABOB_122W_478N,47.803,-122.803,9/6/2012,18:17,296.2,2,14.67,390.7,2,14.27,1017.2,19.8,106.91,-999,-999,300.6,396.4,-999,-999,-999,-999,-999,-999
DABOB_122W_478N,47.803,-122.803,9/6/2012,21:17,291.5,2,17.26,392.5,2,15.56,1016.8,23.6,106.8,-999,-999,296.6,398.7,-999,-999,-999,-999,-999,-999
DABOB_122W_478N,47.803,-122.803,9/7/2012,0:17,291.9,2,18.73,392.8,2,16.57,1015.9,25,107.22,-999,-999,297.5,399.4,-999,-999,-999,-999,-999,-999
DABOB_122W_478N,47.803,-122.803,9/7/2012,3:17,293.9,2,16.51,408.2,2,15.57,1016.4,24.3,107.66,-999,-999,298.8,414.7,-999,-999,-999,-999,-999,-999
DABOB_122W_478N,47.803,-122.803,9/7/2012,6:17,270.4,2,13.78,426.8,2,13.25,1017.7,21,108.64,-999,-999,274.2,432.6,-999,-999,-999,-999,-999,-999
DABOB_122W_478N,47.803,-122.803,9/7/2012,9:17,272.8,2,12.02,432.9,2,11.79,1018.5,18.4,109.15,-999,-999,276.1,438.1,-999,-999,-999,-999,-999,-999
DABOB_122W_478N,47.803,-122.803,9/7/2012,12:17,293.1,2,10.98,445,2,10.78,1019.8,16.6,108.9,-999,-999,296.4,449.8,-999,-999,-999,-999,-999,-999
DABOB_122W_478N,47.803,-122.803,9/7/2012,15:17,288.9,2,11.33,431.6,2,11.18,1020.8,15.6,108.92,-999,-999,292.2,436.4,-999,-999,-999,-999,-999,-999
DABOB_122W_478N,47.803,-122.803,9/7/2012,18:17,283.3,2,14.05,416.7,2,13.91,1020.6,19.1,109.25,-999,-999,287.4,422.6,-999,-999,-999,-999,-999,-999
DABOB_122W_478N,47.803,-122.803,9/7/2012,21:17,320.9,2,18.19,405.1,2,17.29,1018.8,25.4,109.11,-999,-999,326.9,412.3,-999,-999,-999,-999,-999,-999
DABOB_122W_478N,47.803,-122.803,9/8/2012,0:17,329.5,2,21.17,411.4,2,19.63,1016.8,28.3,108.73,-999,-999,336.7,419.6,-999,-999,-999,-999,-999,-999
DABOB_122W_478N,47.803,-122.803,9/8/2012,3:17,299.4,2,18.14,420.9,2,17.35,1016.9,26.9,108.8,-999,-999,304.9,428.4,-999,-999,-999,-999,-999,-999
DABOB_122W_478N,47.803,-122.803,9/8/2012,6:17,303.4,2,14.81,443.3,2,14.49,1017.2,22.5,108.69,-999,-999,308,449.9,-999,-999,-999,-999,-999,-999
DABOB_122W_478N,47.803,-122.803,9/8/2012,9:17,295.8,2,12.75,447,2,12.5,1017.2,19.4,108.53,-999,-999,299.6,452.7,-999,-999,-999,-999,-999,-999
DABOB_122W_478N,47.803,-122.803,9/8/2012,12:17,297.6,2,11.47,441.1,2,11.26,1016.8,17.3,108.21,-999,-999,301,446.1,-999,-999,-999,-999,-999,-999
DABOB_122W_478N,47.803,-122.803,9/8/2012,15:17,292.3,2,11.78,442.4,2,11.44,1016.4,16.2,108.03,-999,-999,295.8,447.5,-999,-999,-999,-999,-999,-999
DABOB_122W_478N,47.803,-122.803,9/8/2012,18:17,285.4,2,14.02,434.7,2,13.65,1015.3,19,107.71,-999,-999,289.5,440.7,-999,-999,-999,-999,-999,-999
DABOB_122W_478N,47.803,-122.803,9/8/2012,21:17,310.1,2,17.95,412,2,16.84,1013.1,23.9,107.25,-999,-999,315.8,419.1,-999,-999,-999,-999,-999,-999
DABOB_122W_478N,47.803,-122.803,9/9/2012,0:17,291.7,2,18.18,390.5,2,17.82,1012.1,26.2,107.59,-999,-999,297.1,397.6,-999,-999,-999,-999,-999,-999
DABOB_122W_478N,47.803,-122.803,9/9/2012,3:17,286.2,2,16.14,394.7,2,15.77,1012.8,24.5,107.66,-999,-999,290.9,401.1,-999,-999,-999,-999,-999,-999
DABOB_122W_478N,47.803,-122.803,9/9/2012,6:17,288.2,2,13.84,398,2,13.55,1014.5,21,107.77,-999,-999,292.3,403.5,-999,-999,-999,-999,-999,-999
DABOB_122W_478N,47.803,-122.803,9/9/2012,9:17,286.4,2,12.39,398.2,2,12.15,1014.8,18.8,107.57,-999,-999,290,403.1,-999,-999,-999,-999,-999,-999
DABOB_122W_478N,47.803,-122.803,9/9/2012,12:17,281.9,2,11.72,398.1,2,11.53,1014.8,17.4,107.29,-999,-999,285.3,402.8,-999,-999,-999,-999,-999,-999
DABOB_122W_478N,47.803,-122.803,9/9/2012,15:17,278.2,2,11.65,399.5,2,11.47,1015.4,16.7,107.26,-999,-999,281.5,404.2,-999,-999,-999,-999,-999,-999
DABOB_122W_478N,47.803,-122.803,9/9/2012,18:17,272.5,2,12.49,395.7,2,12.12,1015.8,17.6,107.21,-999,-999,276,400.6,-999,-999,-999,-999,-999,-999
DABOB_122W_478N,47.803,-122.803,9/9/2012,21:17,269.3,2,13.05,389.6,2,12.65,1015.3,18.6,107.35,-999,-999,272.8,394.5,-999,-999,-999,-999,-999,-999
DABOB_122W_478N,47.803,-122.803,9/10/2012,0:17,271.1,2,13.14,389.4,2,12.92,1014.4,19.3,107.25,-999,-999,274.7,394.5,-999,-999,-999,-999,-999,-999
DABOB_122W_478N,47.803,-122.803,9/10/2012,3:17,275,2,12.33,392.8,2,12.33,1013.6,18.2,106.99,-999,-999,278.5,397.7,-999,-999,-999,-999,-999,-999
DABOB_122W_478N,47.803,-122.803,9/10/2012,6:17,277.3,2,11.75,395.4,2,11.95,1013.1,17.4,106.7,-999,-999,280.6,400.1,-999,-999,-999,-999,-999,-999
DABOB_122W_478N,47.803,-122.803,9/10/2012,9:17,292.2,2,10.74,394.9,2,10.73,1014.9,16.5,106.29,-999,-999,295.4,399.2,-999,-999,-999,-999,-999,-999
DABOB_122W_478N,47.803,-122.803,9/10/2012,12:17,292.5,2,10.13,397.9,2,10.13,1017.2,15,105.8,-999,-999,295.5,401.9,-999,-999,-999,-999,-999,-999
DABOB_122W_478N,47.803,-122.803,9/10/2012,15:17,282.1,2,9.77,389.3,2,9.78,1020.6,14.2,105.56,-999,-999,284.9,393.2,-999,-999,-999,-999,-999,-999
DABOB_122W_478N,47.803,-122.803,9/10/2012,18:17,292.2,2,11.26,392,2,11.13,1021.4,15.8,105.4,-999,-999,295.5,396.4,-999,-999,-999,-999,-999,-999
DABOB_122W_478N,47.803,-122.803,9/10/2012,21:17,291,2,13.68,388.3,2,12.98,1021.2,20.3,104.9,-999,-999,295,393.4,-999,-999,-999,-999,-999,-999
DABOB_122W_478N,47.803,-122.803,9/11/2012,0:17,283.1,2,13.37,386.8,2,12.66,1021.3,19.9,104.85,-999,-999,287,391.8,-999,-999,-999,-999,-999,-999
DABOB_122W_478N,47.803,-122.803,9/11/2012,3:17,286.3,2,11.58,392,2,11.35,1022.2,18.1,104.73,-999,-999,289.7,396.5,-999,-999,-999,-999,-999,-999
DABOB_122W_478N,47.803,-122.803,9/11/2012,6:17,284.7,2,10.02,402.2,2,9.82,1023.1,15.8,104.57,-999,-999,287.6,406.2,-999,-999,-999,-999,-999,-999
DABOB_122W_478N,47.803,-122.803,9/11/2012,9:17,283.6,2,9,408,2,8.99,1024.8,13.7,104.38,-999,-999,286.1,411.7,-999,-999,-999,-999,-999,-999
DABOB_122W_478N,47.803,-122.803,9/11/2012,12:17,287.3,2,8.37,412.1,2,8.22,1026.2,12.3,104.15,-999,-999,289.7,415.5,-999,-999,-999,-999,-999,-999
DABOB_122W_478N,47.803,-122.803,9/11/2012,15:17,287.9,2,8.39,408.8,2,8.26,1027.7,11.2,104.02,-999,-999,290.3,412.2,-999,-999,-999,-999,-999,-999
DABOB_122W_478N,47.803,-122.803,9/11/2012,18:17,288.8,2,10.29,387.7,2,10.02,1027.2,14.4,103.96,-999,-999,291.8,391.7,-999,-999,-999,-999,-999,-999
DABOB_122W_478N,47.803,-122.803,9/11/2012,21:17,303.6,2,12.87,387.7,2,11.8,1026.1,19.1,103.54,-999,-999,307.5,392.4,-999,-999,-999,-999,-999,-999
DABOB_122W_478N,47.803,-122.803,9/12/2012,0:17,287.1,2,13.35,388.8,2,12,1025.7,19.7,103.66,-999,-999,291,393.5,-999,-999,-999,-999,-999,-999
DABOB_122W_478N,47.803,-122.803,9/12/2012,3:17,296.5,2,12.14,394.5,2,11.27,1026.2,18.7,103.87,-999,-999,300.2,399,-999,-999,-999,-999,-999,-999
DABOB_122W_478N,47.803,-122.803,9/12/2012,6:17,331,2,10.54,398.2,2,9.97,1026.8,16.4,103.53,-999,-999,334.5,402.2,-999,-999,-999,-999,-999,-999
DABOB_122W_478N,47.803,-122.803,9/12/2012,9:17,374.3,2,9.93,403,2,9.43,1026.6,14.8,102.73,-999,-999,378,406.9,-999,-999,-999,-999,-999,-999
DABOB_122W_478N,47.803,-122.803,9/12/2012,12:17,371.3,2,9.52,395.1,2,9.04,1027,13.9,102.45,-999,-999,374.8,398.7,-999,-999,-999,-999,-999,-999
DABOB_122W_478N,47.803,-122.803,9/12/2012,15:17,369.7,2,9.91,395.4,2,9.46,1028.6,13.8,102.22,-999,-999,373.4,399.2,-999,-999,-999,-999,-999,-999
DABOB_122W_478N,47.803,-122.803,9/12/2012,18:17,383.3,2,10.8,392.9,2,10.31,1028.3,15.4,101.81,-999,-999,387.5,397,-999,-999,-999,-999,-999,-999
DABOB_122W_478N,47.803,-122.803,9/12/2012,21:17,482.7,2,12.55,390.5,2,11.35,1026.6,18.1,100.67,-999,-999,488.8,394.9,-999,-999,-999,-999,-999,-999
DABOB_122W_478N,47.803,-122.803,9/13/2012,0:17,589,2,13.26,391.8,2,12.38,1024.5,19.3,99.24,-999,-999,596.9,396.8,-999,-999,-999,-999,-999,-999
DABOB_122W_478N,47.803,-122.803,9/13/2012,3:17,673.7,2,12.04,401.8,2,11.18,1024.6,18.5,97.6,-999,-999,681.9,406.3,-999,-999,-999,-999,-999,-999
DABOB_122W_478N,47.803,-122.803,9/13/2012,6:17,704.4,2,10.24,415.4,2,10.04,1024.7,15.9,96.28,-999,-999,711.7,419.6,-999,-999,-999,-999,-999,-999
DABOB_122W_478N,47.803,-122.803,9/13/2012,9:17,801,2,9.58,419,2,9.26,1023.9,14.2,94.68,-999,-999,808.7,423,-999,-999,-999,-999,-999,-999
DABOB_122W_478N,47.803,-122.803,9/13/2012,12:17,699.8,2,9.14,414.2,2,8.83,1023.5,13.4,93.86,-999,-999,706.2,417.9,-999,-999,-999,-999,-999,-999
DABOB_122W_478N,47.803,-122.803,9/13/2012,15:17,611.5,2,9.05,406.7,2,8.91,1023.9,12.7,93.99,-999,-999,617.1,410.3,-999,-999,-999,-999,-999,-999
DABOB_122W_478N,47.803,-122.803,9/13/2012,18:17,449.3,2,10.5,390.2,2,10.23,1022.7,14.4,95.02,-999,-999,454,394.3,-999,-999,-999,-999,-999,-999
DABOB_122W_478N,47.803,-122.803,9/13/2012,21:17,450.8,2,14.29,390,2,13.7,1019.5,19.7,96.11,-999,-999,457.3,395.4,-999,-999,-999,-999,-999,-999
DABOB_122W_478N,47.803,-122.803,9/14/2012,0:17,409,2,17.3,395.2,2,15.52,1017.5,24.2,97,-999,-999,416.2,401.4,-999,-999,-999,-999,-999,-999
DABOB_122W_478N,47.803,-122.803,9/29/2012,0:17,324.2,2,16.65,396.6,2,15.33,1014.4,22.4,101.47,-999,-999,329.7,402.8,-999,-999,-999,-999,-999,-999
DABOB_122W_478N,47.803,-122.803,9/29/2012,3:17,315.6,2,14.71,414.3,2,14.43,1015.4,21.7,102.04,-999,-999,320.3,420.4,-999,-999,-999,-999,-999,-999
DABOB_122W_478N,47.803,-122.803,9/29/2012,6:17,308.1,2,13.1,418.1,2,13.09,1016.4,19.5,102.52,-999,-999,312.2,423.7,-999,-999,-999,-999,-999,-999
DABOB_122W_478N,47.803,-122.803,9/29/2012,9:17,303.5,2,11.96,416.6,2,11.96,1018.1,17.8,103,-999,-999,307.2,421.7,-999,-999,-999,-999,-999,-999
DABOB_122W_478N,47.803,-122.803,9/29/2012,12:17,306.3,2,11.43,405.1,2,11.44,1019.8,16.8,103.09,-999,-999,309.9,409.8,-999,-999,-999,-999,-999,-999
DABOB_122W_478N,47.803,-122.803,9/29/2012,15:17,304.4,2,10.45,407.7,2,10.63,1021.9,15.6,103.17,-999,-999,307.6,412.1,-999,-999,-999,-999,-999,-999
DABOB_122W_478N,47.803,-122.803,9/29/2012,18:17,309.5,2,11.04,398.6,2,10.9,1023.8,15.2,103.25,-999,-999,312.9,403,-999,-999,-999,-999,-999,-999
DABOB_122W_478N,47.803,-122.803,9/29/2012,21:17,309.5,2,13.12,394.3,2,12.56,1023.4,17.8,103.27,-999,-999,313.7,399.3,-999,-999,-999,-999,-999,-999
