expocode: 316420170311,,,,,,,,,,,,,,,,,,,,,,,,,,,,,,,
vessel name: CCE2_121W_34N,,,,,,,,,,,,,,,,,,,,,,,,,,,,,,,
PIs:  Sutton, A.; Send, U.; Ohman, M.,,,,,,,,,,,,,,,,,,,,,,,,,,,,
vessel type: Mooring,,,,,,,,,,,,,,,,,,,,,,,,,,,,,,,
Mooring Name,Latitude,Longitude,Date,Time,xCO2 SW (wet) (umol/mol),CO2 SW QF,H2O SW (mmol/mol),xCO2 Air (wet) (umol/mol),CO2 Air QF,H2O Air (mmol/mol),Licor Atm Pressure (hPa),Licor Temp (C),MAPCO2 %O2,SST (C),Salinity,xCO2 SW (dry) (umol/mol),xCO2 Air (dry) (umol/mol),fCO2 SW (sat) uatm,fCO2 Air (sat) uatm,dfCO2,pCO2 SW (sat) uatm,pCO2 Air (sat) uatm,dpCO2,pH (total scale),pH QF,CHL,CHL QF,NTU,NTU QF,DOXY,DOXY QF
CCE2_121W_34N,34.306,-120.806,03/11/2017,07:17,403.1,2,3.19,408.7,2,3.35,1016.1,14.1,100.11,13.036,33.283,404.4,410,398.2,403.7,-5.6,399.7,405.3,-5.6,8.06,2,-999,5,-999,5,279.2,2
CCE2_121W_34N,34.306,-120.806,03/11/2017,07:47,405.2,2,2.39,410.7,2,2.51,1016.3,14.7,100.08,13.005,33.288,406.2,411.7,400,405.4,-5.4,401.5,406.9,-5.4,8.058,2,-999,5,-999,5,279,2
CCE2_121W_34N,34.306,-120.806,03/11/2017,08:17,405,2,2.37,410,2,2.44,1016.1,15,100.07,12.988,33.29,405.9,411,399.7,404.7,-5,401.2,406.2,-5.1,8.055,2,-999,5,-999,5,278.7,2
CCE2_121W_34N,34.306,-120.806,03/11/2017,08:47,407.3,2,2.43,412.1,2,2.51,1016.3,15.2,100.05,12.976,33.291,408.3,413.1,402.1,406.9,-4.8,403.6,408.4,-4.8,8.056,2,-999,5,-999,5,278.3,2
CCE2_121W_34N,34.306,-120.806,03/11/2017,09:17,405.3,2,2.47,410.4,2,2.49,1016.4,15.3,100.04,12.97,33.291,406.3,411.4,400.2,405.2,-5,401.7,406.7,-5,8.055,2,-999,5,-999,5,278.3,2
CCE2_121W_34N,34.306,-120.806,03/11/2017,09:47,405.5,2,2.47,410.6,2,2.53,1016,15.4,100.01,12.961,33.292,406.5,411.6,400.3,405.3,-5,401.8,406.8,-5,8.056,2,-999,5,-999,5,277.9,2
CCE2_121W_34N,34.306,-120.806,03/11/2017,10:17,405.5,2,2.51,410.5,2,2.55,1015.8,15.4,100.04,12.951,33.294,406.5,411.5,400.2,405.1,-4.9,401.7,406.6,-4.9,8.054,2,-999,5,-999,5,277.7,2
CCE2_121W_34N,34.306,-120.806,03/11/2017,10:47,406,2,2.56,410.5,2,2.58,1015.8,15.5,100.06,12.945,33.295,407,411.6,400.6,405.1,-4.5,402.1,406.6,-4.5,8.054,2,-999,5,-999,5,277.5,2
CCE2_121W_34N,34.306,-120.806,03/11/2017,12:17,406.6,2,3.22,411.8,2,3.25,1015.4,14.7,100.06,12.918,33.298,407.9,413.1,401.4,406.5,-5.1,402.9,408,-5.1,8.049,2,-999,5,-999,5,276.2,2
CCE2_121W_34N,34.306,-120.806,03/11/2017,15:17,409.2,2,3.33,414,2,3.4,1015.9,14.2,100.11,12.896,33.299,410.6,415.4,404.2,409,-4.8,405.7,410.6,-4.8,8.039,2,-999,5,-999,5,274.9,2
CCE2_121W_34N,34.306,-120.806,03/11/2017,18:17,404.2,2,3.3,409.4,2,3.29,1017.7,14.2,100.02,12.936,33.303,405.5,410.7,400,405.1,-5.1,401.5,406.6,-5.1,8.059,2,-999,5,-999,5,279.9,2
CCE2_121W_34N,34.306,-120.806,03/11/2017,21:17,401.9,2,3.38,409.5,2,3.4,1017.3,14.2,100.04,13.109,33.291,403.2,410.9,397.5,405.1,-7.6,399,406.6,-7.6,8.074,2,-999,5,-999,5,286.6,2
CCE2_121W_34N,34.306,-120.806,03/12/2017,00:17,399.1,2,3.36,407.9,2,3.35,1016.1,14.3,100.03,13.157,33.285,400.5,409.3,394.3,402.9,-8.7,395.7,404.4,-8.7,8.082,2,-999,5,-999,5,287.1,2
CCE2_121W_34N,34.306,-120.806,03/12/2017,03:17,400.1,2,3.28,408.2,2,3.18,1017,14.2,100.07,13.103,33.286,401.4,409.5,395.5,403.5,-8,397,405,-8,8.072,2,-999,5,-999,5,281.1,2
CCE2_121W_34N,34.306,-120.806,03/12/2017,06:17,401.2,2,3.29,408,2,3.29,1017.5,14.1,100.03,13.042,33.291,402.5,409.4,396.9,403.6,-6.8,398.4,405.1,-6.8,8.066,2,-999,5,-999,5,277.2,2
CCE2_121W_34N,34.306,-120.806,03/12/2017,09:17,402.8,2,3.36,407.8,2,3.39,1016.6,14.1,100.02,12.996,33.293,404.1,409.2,398.1,403.1,-5,399.6,404.6,-5,8.056,2,-999,5,-999,5,273.8,2
CCE2_121W_34N,34.306,-120.806,03/12/2017,12:17,405.7,2,3.34,410.8,2,3.28,1015.5,14.1,100.06,12.942,33.302,407.1,412.2,400.6,405.6,-5,402.1,407.1,-5,8.053,2,-999,5,-999,5,272.5,2
CCE2_121W_34N,34.306,-120.806,03/12/2017,15:17,404.4,2,3.33,409.8,2,3.32,1016.7,14.1,100.05,12.94,33.301,405.8,411.1,399.8,405.1,-5.2,401.3,406.6,-5.3,8.051,2,-999,5,-999,5,271.6,2
CCE2_121W_34N,34.306,-120.806,03/12/2017,18:17,408.2,2,3.43,414.7,2,3.39,1016.5,14.1,100.01,12.998,33.302,409.6,416.1,403.4,409.9,-6.5,404.9,411.4,-6.5,8.06,2,-999,5,-999,5,274,2
CCE2_121W_34N,34.306,-120.806,03/12/2017,21:17,401.4,2,3.44,410.5,2,3.38,1016.3,14.2,100.06,13.084,33.302,402.8,411.9,396.7,405.6,-8.9,398.1,407.1,-9,8.067,2,-999,5,-999,5,278.2,2
CCE2_121W_34N,34.306,-120.806,03/13/2017,00:17,403.9,2,3.43,411.8,2,3.4,1015.6,14.3,100.03,13.109,33.301,405.3,413.2,398.9,406.6,-7.8,400.3,408.1,-7.8,8.07,2,-999,5,-999,5,280.4,2
CCE2_121W_34N,34.306,-120.806,03/13/2017,03:17,403.3,2,3.3,408.1,2,3.26,1016.1,14.2,100.04,12.977,33.307,404.7,409.5,398.4,403.2,-4.7,399.9,404.7,-4.7,8.058,2,-999,5,-999,5,275.6,2
CCE2_121W_34N,34.306,-120.806,03/13/2017,06:17,403.8,2,3.35,407.5,2,3.31,1016,14.1,100.02,12.894,33.314,405.2,408.9,399,402.6,-3.7,400.4,404.1,-3.7,8.048,2,-999,5,-999,5,271.6,2
CCE2_121W_34N,34.306,-120.806,03/13/2017,09:17,404.7,2,3.36,408.4,2,3.33,1016.2,14,100.05,12.861,33.329,406.1,409.8,399.9,403.6,-3.7,401.4,405.1,-3.7,8.049,2,-999,5,-999,5,272.6,2
CCE2_121W_34N,34.306,-120.806,03/13/2017,12:17,405.7,2,3.23,408.5,2,3.22,1015.3,14,100.02,12.841,33.316,407,409.8,400.5,403.2,-2.8,402,404.7,-2.8,8.042,2,-999,5,-999,5,268.4,2
CCE2_121W_34N,34.306,-120.806,03/13/2017,15:17,409.8,2,3.15,412.4,2,3.15,1016.3,13.9,100.03,12.833,33.322,411.1,413.7,404.9,407.4,-2.5,406.5,409,-2.5,8.043,2,-999,5,-999,5,269.6,2
CCE2_121W_34N,34.306,-120.806,03/13/2017,18:17,409.8,2,3.22,412.3,2,3.21,1016.9,13.9,100.07,13.004,33.322,411.1,413.6,405.1,407.6,-2.4,406.6,409.1,-2.4,8.055,2,-999,5,-999,5,273.7,2
CCE2_121W_34N,34.306,-120.806,03/13/2017,21:17,410.9,2,3.37,412.8,2,3.36,1015.8,14.3,100.04,13.349,33.342,412.3,414.2,405.7,407.6,-1.9,407.2,409.1,-1.9,8.056,2,-999,5,-999,5,278.2,2
CCE2_121W_34N,34.306,-120.806,03/14/2017,00:17,408.2,2,3.31,413.1,2,3.28,1015.1,14.7,100.07,13.64,33.326,409.6,414.5,402.6,407.5,-4.8,404.1,409,-4.8,8.074,2,-999,5,-999,5,287.1,2
CCE2_121W_34N,34.306,-120.806,03/14/2017,03:17,404.3,2,3.08,410.7,2,3.05,1015.6,14.4,100.04,13.478,33.314,405.6,412,399,405.3,-6.3,400.4,406.8,-6.3,8.083,2,-999,5,-999,5,288.2,2
CCE2_121W_34N,34.306,-120.806,03/14/2017,06:17,404.2,2,3.04,411.3,2,3,1016.1,14,100.05,13.43,33.313,405.4,412.5,399,406,-7,400.5,407.5,-7,8.093,2,-999,5,-999,5,294.1,2
CCE2_121W_34N,34.306,-120.806,03/14/2017,09:17,408.4,2,3.07,413.9,2,3.06,1017.3,13.7,100.05,13.259,33.316,409.6,415.2,403.7,409.2,-5.5,405.2,410.7,-5.5,8.094,2,-999,5,-999,5,294.1,2
CCE2_121W_34N,34.306,-120.806,03/14/2017,12:17,404.9,2,3.15,413.2,2,3.15,1016.2,13.7,100.04,13.131,33.316,406.2,414.5,399.9,408.1,-8.1,401.4,409.6,-8.2,8.089,2,-999,5,-999,5,292.3,2
CCE2_121W_34N,34.306,-120.806,03/14/2017,15:17,404.3,2,3.06,412.1,2,3.06,1017.9,13.7,100.04,13.082,33.318,405.5,413.4,400,407.8,-7.8,401.5,409.3,-7.8,8.092,2,-999,5,-999,5,291.2,2
CCE2_121W_34N,34.306,-120.806,03/14/2017,18:17,408.3,2,3.12,414,2,3.13,1018.5,13.7,100.03,13.109,33.318,409.6,415.3,404.2,409.8,-5.6,405.7,411.4,-5.6,8.096,2,-999,5,-999,5,291.8,2
CCE2_121W_34N,34.306,-120.806,03/14/2017,21:17,412.8,2,3.35,417.4,2,3.38,1017.9,13.9,100.03,13.297,33.321,414.2,418.9,408.4,413,-4.6,409.9,414.6,-4.6,8.094,2,-999,5,-999,5,291.4,2
CCE2_121W_34N,34.306,-120.806,03/15/2017,00:17,409.5,2,3.22,412.4,2,3.26,1018,14.2,100.02,13.503,33.32,410.8,413.7,405.1,407.9,-2.9,406.6,409.5,-2.9,8.098,2,-999,5,-999,5,293.7,2
CCE2_121W_34N,34.306,-120.806,03/15/2017,03:17,407.5,2,3.14,410.4,2,3.16,1018.1,14.1,100.03,13.323,33.321,408.8,411.7,403.2,406.1,-2.9,404.7,407.6,-2.9,8.1,2,-999,5,-999,5,295.5,2
CCE2_121W_34N,34.306,-120.806,03/15/2017,06:17,405.1,2,3.1,410.2,2,3.1,1018.9,13.8,100.04,13.351,33.34,406.4,411.5,401.1,406.2,-5.1,402.6,407.7,-5.1,8.117,2,-999,5,-999,5,297.3,2
CCE2_121W_34N,34.306,-120.806,03/15/2017,09:17,397.1,2,3.19,410.4,2,3.19,1019,13.8,100.06,13.272,33.335,398.3,411.7,393.2,406.5,-13.2,394.7,408,-13.3,8.11,2,-999,5,-999,5,294.8,2
CCE2_121W_34N,34.306,-120.806,03/15/2017,12:17,401.9,2,3.06,415.7,2,3.08,1017.8,13.9,100.04,13.225,33.345,403.1,417,397.5,411.2,-13.6,399,412.7,-13.7,8.11,2,-999,5,-999,5,293.1,2
CCE2_121W_34N,34.306,-120.806,03/15/2017,15:17,406.9,2,3.05,414,2,3.05,1019,13.7,100,13.107,33.342,408.2,415.3,403,410,-7,404.5,411.6,-7,8.096,2,-999,5,-999,5,286.2,2
CCE2_121W_34N,34.306,-120.806,03/15/2017,18:17,399.9,2,3.28,411.4,2,3.3,1021.7,13.7,100.1,13.192,33.337,401.2,412.7,397.2,408.6,-11.4,398.7,410.1,-11.5,8.1,2,-999,5,-999,5,289.7,2
CCE2_121W_34N,34.306,-120.806,03/15/2017,21:17,400,2,3.43,408.8,2,3.45,1020,14,100.02,13.377,33.334,401.4,410.2,396.6,405.3,-8.7,398.1,406.8,-8.8,8.082,2,-999,5,-999,5,290.3,2
CCE2_121W_34N,34.306,-120.806,03/16/2017,00:17,398.2,2,3.44,408.1,2,3.5,1019.2,14.2,100.06,13.302,33.331,399.6,409.5,394.5,404.4,-9.8,396,405.9,-9.9,8.09,2,-999,5,-999,5,287.8,2
CCE2_121W_34N,34.306,-120.806,03/16/2017,03:17,400.5,2,3.25,409.8,2,3.27,1019.8,14.2,100.08,13.167,33.335,401.8,411.1,397,406.2,-9.2,398.5,407.8,-9.2,8.078,2,-999,5,-999,5,282,2
CCE2_121W_34N,34.306,-120.806,03/16/2017,06:17,407.1,2,3.21,413.1,2,3.27,1021.3,14,100.06,13.021,33.342,408.4,414.4,404.2,410.2,-6,405.7,411.7,-6,8.062,2,-999,5,-999,5,273.1,2
CCE2_121W_34N,34.306,-120.806,03/16/2017,09:17,404.5,2,3.18,407.3,2,3.23,1020.2,13.9,100.02,12.894,33.348,405.8,408.6,401.3,404,-2.8,402.8,405.5,-2.8,8.047,2,-999,5,-999,5,265.8,2
CCE2_121W_34N,34.306,-120.806,03/16/2017,12:17,408.3,2,3.31,407.5,2,3.35,1019.8,13.8,99.97,12.77,33.344,409.6,408.9,404.9,404.2,0.7,406.4,405.7,0.7,8.029,2,-999,5,-999,5,261.5,2
CCE2_121W_34N,34.306,-120.806,03/16/2017,15:17,407,2,3.28,406.9,2,3.31,1020.3,13.8,100.02,12.796,33.344,408.4,408.3,403.8,403.7,0.1,405.4,405.2,0.1,8.028,2,-999,5,-999,5,260.7,2
CCE2_121W_34N,34.306,-120.806,03/16/2017,18:17,407.9,2,3.39,407.1,2,3.43,1020.9,13.9,100.02,12.764,33.35,409.3,408.5,405,404.2,0.8,406.6,405.7,0.8,8.026,2,-999,5,-999,5,259.5,2
CCE2_121W_34N,34.306,-120.806,03/16/2017,21:17,405.9,2,3.45,407,2,3.51,1019.7,13.9,100.05,12.777,33.364,407.3,408.4,402.6,403.7,-1.1,404.1,405.2,-1.1,8.033,2,-999,5,-999,5,260.3,2
CCE2_121W_34N,34.306,-120.806,03/17/2017,00:17,407.3,2,3.35,408,2,3.37,1018,14,100.07,12.864,33.357,408.6,409.3,403.1,403.9,-0.7,404.7,405.4,-0.7,8.036,2,-999,5,-999,5,263.1,2
CCE2_121W_34N,34.306,-120.806,03/17/2017,03:17,403,2,3.33,407,2,3.36,1018.1,14,100.03,12.891,33.371,404.3,408.3,399,402.9,-4,400.5,404.4,-4,8.055,2,-999,5,-999,5,268.8,2
CCE2_121W_34N,34.306,-120.806,03/17/2017,06:17,402.6,2,3.41,407.7,2,3.42,1018.7,14,100.03,12.869,33.376,404,409.1,398.9,403.9,-5,400.4,405.4,-5.1,8.059,2,-999,5,-999,5,269.1,2
CCE2_121W_34N,34.306,-120.806,03/17/2017,09:17,404,2,3.36,408.1,2,3.36,1017.8,14,100.03,12.897,33.379,405.3,409.5,399.8,403.9,-4.1,401.3,405.4,-4.1,8.062,2,-999,5,-999,5,268.2,2
CCE2_121W_34N,34.306,-120.806,03/17/2017,12:17,403.6,2,3.37,408.5,2,3.39,1016.3,14,100.01,12.935,33.386,404.9,409.9,398.8,403.7,-4.9,400.3,405.2,-5,8.066,2,-999,5,-999,5,268.6,2
CCE2_121W_34N,34.306,-120.806,03/17/2017,15:17,403.8,2,3.39,409.1,2,3.42,1016.8,14,100.03,12.927,33.383,405.2,410.5,399.3,404.5,-5.2,400.8,406,-5.2,8.066,2,-999,5,-999,5,268.3,2
CCE2_121W_34N,34.306,-120.806,03/17/2017,18:17,404.1,2,3.29,411.1,2,3.34,1017.6,14.1,100.04,13.064,33.381,405.4,412.5,399.7,406.7,-7,401.2,408.3,-7,8.071,2,-999,5,-999,5,271.8,2
CCE2_121W_34N,34.306,-120.806,03/17/2017,21:17,407.8,2,3.45,412.2,2,3.49,1016.5,14.2,100.06,13.596,33.403,409.2,413.6,402.9,407.2,-4.3,404.4,408.7,-4.3,8.076,2,-999,5,-999,5,274.5,2
CCE2_121W_34N,34.306,-120.806,03/18/2017,00:17,408.4,2,3.8,412.5,2,3.82,1015.5,14.9,100.04,13.685,33.374,410,414.1,403.2,407.3,-4.1,404.7,408.8,-4.1,8.082,2,-999,5,-999,5,279.3,2
CCE2_121W_34N,34.306,-120.806,03/18/2017,03:17,403.9,2,3.6,409.9,2,3.62,1015.6,15.1,100.05,13.815,33.389,405.3,411.4,398.6,404.6,-6,400.1,406,-6,8.085,2,-999,5,-999,5,280.5,2
CCE2_121W_34N,34.306,-120.806,03/18/2017,06:17,406.5,2,3.57,409.7,2,3.57,1016.4,14.9,100.03,13.722,33.383,407.9,411.2,401.5,404.7,-3.2,403,406.2,-3.2,8.068,2,-999,5,-999,5,271.6,2
CCE2_121W_34N,34.306,-120.806,03/18/2017,09:17,406,2,3.37,410.9,2,3.38,1017.1,14.5,100.05,13.081,33.378,407.3,412.3,401.4,406.4,-4.9,402.9,407.9,-4.9,8.073,2,-999,5,-999,5,274.5,2
CCE2_121W_34N,34.306,-120.806,03/18/2017,12:17,408.7,2,3.24,410.7,2,3.24,1017.2,14.1,100,13.125,33.371,410,412,404.1,406.1,-2,405.6,407.6,-2,8.053,2,-999,5,-999,5,266.6,2
CCE2_121W_34N,34.306,-120.806,03/18/2017,15:17,406.6,2,3.24,411.1,2,3.23,1018.7,14.1,100,13.252,33.383,407.9,412.4,402.6,407,-4.4,404.1,408.5,-4.4,8.065,2,-999,5,-999,5,268.7,2
CCE2_121W_34N,34.306,-120.806,03/18/2017,18:17,405.2,2,3.35,411.2,2,3.33,1020.2,14,100.03,13.282,33.395,406.5,412.6,401.8,407.8,-6,403.3,409.3,-6,8.086,2,-999,5,-999,5,274.8,2
CCE2_121W_34N,34.306,-120.806,03/18/2017,21:17,405.9,2,3.59,409,2,3.62,1017.8,14.2,100.04,13.549,33.403,407.3,410.5,401.6,404.6,-3.1,403.1,406.1,-3.1,8.091,2,-999,5,-999,5,276.9,2
CCE2_121W_34N,34.306,-120.806,03/19/2017,00:17,412.9,2,3.48,407.7,2,3.45,1016.8,14.5,100.01,13.482,33.352,414.3,409.1,408,402.9,5.2,409.6,404.4,5.2,8.058,2,-999,5,-999,5,269.9,2
CCE2_121W_34N,34.306,-120.806,03/19/2017,03:17,413.9,2,3.44,410.1,2,3.37,1017.9,14.4,100.01,13.495,33.338,415.3,411.5,409.5,405.7,3.8,411,407.2,3.8,8.052,2,-999,5,-999,5,268.2,2
CCE2_121W_34N,34.306,-120.806,03/19/2017,06:17,412.5,2,3.41,411.9,2,3.33,1018.2,14.3,100.01,13.255,33.339,413.9,413.3,408.3,407.7,0.6,409.9,409.2,0.6,8.052,2,-999,5,-999,5,267.5,2
CCE2_121W_34N,34.306,-120.806,03/19/2017,09:17,410,2,3.32,409.7,2,3.27,1016.9,14.2,99.99,13.117,33.351,411.3,411,405.3,405,0.3,406.8,406.5,0.3,8.045,2,-999,5,-999,5,266.2,2
CCE2_121W_34N,34.306,-120.806,03/19/2017,12:17,413.5,2,3.22,411.8,2,3.18,1016.9,14,99.99,13.425,33.41,414.8,413.1,408.6,406.9,1.7,410.1,408.4,1.7,8.078,2,-999,5,-999,5,269,2
CCE2_121W_34N,34.306,-120.806,03/19/2017,15:17,403.7,2,3.21,409.5,2,3.16,1018.6,14.1,100,13.569,33.403,405,410.8,399.6,405.3,-5.7,401,406.8,-5.7,8.101,2,-999,5,-999,5,273.4,2
CCE2_121W_34N,34.306,-120.806,03/19/2017,18:17,403.4,2,3.5,407.9,2,3.42,1019.1,14.1,100.01,13.574,33.404,404.8,409.3,399.6,404,-4.4,401.1,405.5,-4.4,8.101,2,-999,5,-999,5,273.3,2
CCE2_121W_34N,34.306,-120.806,03/19/2017,21:17,414.7,2,3.61,409.1,2,3.56,1018.1,14.3,100.01,13.451,33.403,416.2,410.6,410.5,404.9,5.6,412,406.4,5.6,8.09,2,-999,5,-999,5,272.8,2
CCE2_121W_34N,34.306,-120.806,03/20/2017,00:17,419.7,2,3.59,408.4,2,3.53,1017.1,14.5,100,13.612,33.391,421.2,409.9,415,403.8,11.2,416.5,405.3,11.2,8.073,2,-999,5,-999,5,269.1,2
CCE2_121W_34N,34.306,-120.806,03/20/2017,03:17,411.5,2,3.5,408.3,2,3.4,1017.8,14.7,100,13.8,33.397,412.9,409.7,407,403.8,3.1,408.5,405.3,3.1,8.11,2,-999,5,-999,5,276,2
CCE2_121W_34N,34.306,-120.806,03/20/2017,06:17,403.3,2,3.55,408.2,2,3.45,1017.8,14.6,100.01,13.643,33.404,404.7,409.6,399,403.8,-4.8,400.5,405.3,-4.8,8.099,2,-999,5,-999,5,271.5,2
CCE2_121W_34N,34.306,-120.806,03/20/2017,09:17,401.7,2,3.52,407.6,2,3.46,1017.6,14.5,100,13.298,33.421,403.1,409,397.4,403.2,-5.8,398.9,404.7,-5.8,8.087,2,-999,5,-999,5,267.7,2
CCE2_121W_34N,34.306,-120.806,03/20/2017,12:17,401.4,2,3.5,407.8,2,3.43,1018,14.4,100.03,13.279,33.429,402.8,409.2,397.2,403.5,-6.3,398.7,405,-6.3,8.095,2,-999,5,-999,5,269.6,2
CCE2_121W_34N,34.306,-120.806,03/20/2017,15:17,403.3,2,3.63,410.4,2,3.57,1018.3,14.3,100.03,13.224,33.437,404.8,411.9,399.4,406.4,-7,400.9,407.9,-7.1,8.096,2,-999,5,-999,5,269.9,2
CCE2_121W_34N,34.306,-120.806,03/20/2017,18:17,405.1,2,3.59,409.2,2,3.53,1019.4,14.3,99.99,13.073,33.441,406.6,410.6,401.6,405.6,-4,403.1,407.2,-4.1,8.065,2,-999,5,-999,5,260.6,2
CCE2_121W_34N,34.306,-120.806,03/20/2017,21:17,402.3,2,3.63,407.3,2,3.57,1018.5,14.3,100.01,13.146,33.456,403.8,408.8,398.5,403.4,-4.9,400,404.9,-4.9,8.07,2,-999,5,-999,5,263,2
CCE2_121W_34N,34.306,-120.806,03/21/2017,00:17,402.7,2,3.56,408.1,2,3.49,1017.6,14.4,100,13.127,33.458,404.1,409.5,398.5,403.7,-5.3,399.9,405.2,-5.3,8.073,2,-999,5,-999,5,263.6,2
CCE2_121W_34N,34.306,-120.806,03/21/2017,03:17,402.1,2,3.6,407.2,2,3.54,1017.3,14.3,100.03,13.179,33.449,403.6,408.7,397.8,402.8,-5,399.3,404.3,-5.1,8.078,2,-999,5,-999,5,264.4,2
CCE2_121W_34N,34.306,-120.806,03/21/2017,06:17,402.9,2,3.62,407,2,3.55,1017.3,14.4,100.04,13.114,33.456,404.4,408.4,398.6,402.6,-4,400.1,404.1,-4,8.069,2,-999,5,-999,5,260.9,2
CCE2_121W_34N,34.306,-120.806,03/21/2017,09:17,405.6,2,3.57,406.6,2,3.56,1016.4,14.3,100.05,12.998,33.456,407.1,408,400.9,401.9,-1,402.4,403.4,-1,8.043,2,-999,5,-999,5,252.5,2
CCE2_121W_34N,34.306,-120.806,03/21/2017,12:17,404,2,3.63,405.7,2,3.63,1015,14.5,100.04,13.387,33.403,405.5,407.2,398.7,400.3,-1.7,400.1,401.8,-1.7,8.051,2,-999,5,-999,5,256.2,2
CCE2_121W_34N,34.306,-120.806,03/21/2017,15:17,400.9,2,3.66,406,2,3.66,1016.1,14.7,100.05,13.545,33.299,402.4,407.5,396,401,-5,397.5,402.5,-5,8.071,2,-999,5,-999,5,261.8,2
CCE2_121W_34N,34.306,-120.806,03/21/2017,18:17,401.3,2,3.75,405.4,2,3.77,1016.7,14.7,100.01,13.277,33.401,402.8,406.9,396.8,400.8,-4.1,398.2,402.3,-4.1,8.069,2,-999,5,-999,5,257.6,2
CCE2_121W_34N,34.306,-120.806,03/21/2017,21:17,407.9,2,3.66,414.2,2,3.7,1016.5,14.9,100.05,13.537,33.294,409.4,415.7,403.1,409.3,-6.2,404.6,410.8,-6.2,8.074,2,-999,5,-999,5,262.2,2
CCE2_121W_34N,34.306,-120.806,03/22/2017,00:17,411.7,2,3.82,418.4,2,3.85,1015.9,14.9,100.03,13.778,33.321,413.3,420,406.6,413.2,-6.6,408.1,414.7,-6.6,8.084,2,-999,5,-999,5,267,2
CCE2_121W_34N,34.306,-120.806,03/22/2017,03:17,410.8,2,3.56,416.2,2,3.63,1016.9,15,100.08,13.825,33.324,412.3,417.7,406,411.3,-5.4,407.5,412.8,-5.4,8.073,2,-999,5,-999,5,264.8,2
CCE2_121W_34N,34.306,-120.806,03/22/2017,06:17,407.4,2,3.55,411.2,2,3.58,1017.4,14.9,100.01,13.42,33.376,408.9,412.7,402.9,406.7,-3.8,404.4,408.2,-3.8,8.073,2,-999,5,-999,5,260.9,2
CCE2_121W_34N,34.306,-120.806,03/22/2017,09:17,408,2,3.43,409.1,2,3.47,1017.2,14.5,100.02,13.469,33.344,409.4,410.6,403.4,404.5,-1.1,404.9,406,-1.1,8.061,2,-999,5,-999,5,259.4,2
CCE2_121W_34N,34.306,-120.806,03/22/2017,12:17,407.1,2,3.54,408.3,2,3.55,1016.7,14.5,100.04,13.731,33.353,408.5,409.8,402.2,403.4,-1.2,403.7,404.9,-1.2,8.071,2,-999,5,-999,5,265.9,2
CCE2_121W_34N,34.306,-120.806,03/22/2017,15:17,408.3,2,3.69,408.5,2,3.69,1017.6,14.7,100.02,13.829,33.355,409.8,410,403.8,404,-0.2,405.3,405.5,-0.2,8.081,2,-999,5,-999,5,268.4,2
CCE2_121W_34N,34.306,-120.806,03/22/2017,18:17,407.1,2,4.02,408,2,4.05,1018.3,15.1,100.05,13.789,33.368,408.7,409.7,403,404,-1,404.5,405.5,-1,8.079,2,-999,5,-999,5,267.8,2
CCE2_121W_34N,34.306,-120.806,03/22/2017,21:17,403,2,3.8,407.8,2,3.87,1017.5,15.2,100.06,14.065,33.342,404.6,409.4,398.5,403.3,-4.8,400,404.8,-4.8,8.075,2,-999,5,-999,5,267.1,2
CCE2_121W_34N,34.306,-120.806,03/23/2017,00:17,400,2,3.8,407.4,2,3.83,1017.4,15.1,100.04,14.061,33.368,401.6,409,395.5,402.8,-7.3,397,404.3,-7.3,8.084,2,-999,5,-999,5,271,2
CCE2_121W_34N,34.306,-120.806,03/23/2017,03:17,400.6,2,3.5,407.5,2,3.56,1018.3,14.8,100.05,13.94,33.373,402,408.9,396.3,403.2,-6.9,397.8,404.7,-6.9,8.079,2,-999,5,-999,5,267.7,2
CCE2_121W_34N,34.306,-120.806,03/23/2017,06:17,403.7,2,3.37,407.5,2,3.38,1019.7,14.5,100.01,13.6,33.387,405.1,408.9,400.1,403.9,-3.8,401.6,405.4,-3.8,8.06,2,-999,5,-999,5,260.2,2
CCE2_121W_34N,34.306,-120.806,03/23/2017,09:17,409.6,2,3.29,408.2,2,3.33,1020.4,14,99.96,13.128,33.406,411,409.5,406.3,404.9,1.4,407.9,406.4,1.4,8.018,2,-999,5,-999,5,243.8,2
CCE2_121W_34N,34.306,-120.806,03/23/2017,12:17,411.2,2,3.37,408.4,2,3.34,1021,13.6,99.97,12.969,33.411,412.6,409.7,408.3,405.4,2.9,409.8,406.9,2.9,8.008,2,-999,5,-999,5,239.6,2
CCE2_121W_34N,34.306,-120.806,03/23/2017,15:17,410.6,2,3.32,407.8,2,3.33,1021.7,13.5,99.98,12.974,33.41,412,409.2,408,405.2,2.8,409.5,406.7,2.8,8.013,2,-999,5,-999,5,240.8,2
CCE2_121W_34N,34.306,-120.806,03/23/2017,18:17,411.4,2,3.3,409.4,2,3.34,1023.9,13.5,100.02,12.964,33.41,412.7,410.8,409.5,407.6,1.9,411.1,409.1,1.9,8.013,2,-999,5,-999,5,241.7,2
CCE2_121W_34N,34.306,-120.806,03/23/2017,21:17,409.3,2,3.29,407.7,2,3.32,1023.1,13.6,100,13.107,33.409,410.7,409.1,407.2,405.6,1.6,408.7,407.1,1.6,8.017,2,-999,5,-999,5,244.7,2
CCE2_121W_34N,34.306,-120.806,03/24/2017,00:17,403.7,2,3.44,407.5,2,3.44,1022.1,13.9,100.03,13.467,33.398,405.1,408.9,401.1,404.8,-3.7,402.6,406.3,-3.8,8.056,2,-999,5,-999,5,259.2,2
CCE2_121W_34N,34.306,-120.806,03/24/2017,03:17,404.2,2,3.31,408.1,2,3.38,1023.2,14.1,100.03,13.378,33.405,405.6,409.5,402,405.9,-3.9,403.5,407.4,-3.9,8.056,2,-999,5,-999,5,260.3,2
CCE2_121W_34N,34.306,-120.806,03/24/2017,06:17,405.8,2,3.35,408.1,2,3.36,1024,14,100.03,13.224,33.41,407.2,409.5,404,406.3,-2.3,405.5,407.8,-2.3,8.044,2,-999,5,-999,5,255.3,2
CCE2_121W_34N,34.306,-120.806,03/24/2017,09:17,408.7,2,3.37,408.4,2,3.39,1024,13.9,99.99,13.095,33.404,410.1,409.8,407,406.6,0.3,408.5,408.1,0.3,8.024,2,-999,5,-999,5,247.7,2
CCE2_121W_34N,34.306,-120.806,03/24/2017,12:17,406.6,2,3.4,408.5,2,3.38,1023.4,14,100.01,13.404,33.386,407.9,409.9,404.4,406.4,-1.9,406,407.9,-1.9,8.047,2,-999,5,-999,5,254.8,2
CCE2_121W_34N,34.306,-120.806,03/24/2017,15:17,408.9,2,3.6,408.3,2,3.53,1024.3,14,99.99,13.222,33.397,410.3,409.7,407.3,406.7,0.6,408.8,408.2,0.6,8.038,2,-999,5,-999,5,251.3,2
CCE2_121W_34N,34.306,-120.806,03/24/2017,18:17,407.4,2,3.68,408.2,2,3.74,1025.5,14.4,100.01,13.504,33.398,408.9,409.7,406.2,407,-0.8,407.7,408.5,-0.8,8.059,2,-999,5,-999,5,258.6,2
CCE2_121W_34N,34.306,-120.806,03/24/2017,21:17,411.8,2,3.82,409.4,2,3.78,1024.5,14.9,100.01,14.123,33.398,413.3,411,410,407.6,2.3,411.5,409.2,2.4,8.05,2,-999,5,-999,5,260.1,2
CCE2_121W_34N,34.306,-120.806,03/25/2017,00:17,415.1,2,3.95,409.1,2,3.9,1022.9,15.3,100.02,14.394,33.398,416.7,410.7,412.6,406.6,5.9,414.1,408.1,6,8.055,2,-999,5,-999,5,262.6,2
CCE2_121W_34N,34.306,-120.806,03/25/2017,03:17,408.9,2,3.81,407.3,2,3.76,1022.1,15.4,100.02,14.113,33.397,410.5,408.9,406.1,404.6,1.6,407.7,406.1,1.6,8.062,2,-999,5,-999,5,264.7,2
CCE2_121W_34N,34.306,-120.806,03/25/2017,06:17,412.7,2,3.83,407.8,2,3.81,1022,15.2,100,13.944,33.391,414.3,409.4,409.9,405.1,4.8,411.4,406.6,4.8,8.067,2,-999,5,-999,5,264.5,2
CCE2_121W_34N,34.306,-120.806,03/25/2017,09:17,408.8,2,3.82,408.1,2,3.81,1020.9,15.2,100.01,13.902,33.396,410.4,409.6,405.6,404.9,0.7,407.1,406.4,0.7,8.056,2,-999,5,-999,5,262.6,2
CCE2_121W_34N,34.306,-120.806,03/25/2017,12:17,406.9,2,3.81,408,2,3.79,1019,15.1,100,13.773,33.393,408.5,409.6,403,404.1,-1.1,404.5,405.6,-1.1,8.061,2,-999,5,-999,5,262,2
CCE2_121W_34N,34.306,-120.806,03/25/2017,15:17,405.3,2,3.72,408.4,2,3.7,1020,14.8,100,13.672,33.389,406.8,410,401.8,405,-3.1,403.3,406.5,-3.2,8.058,2,-999,5,-999,5,260,2
CCE2_121W_34N,34.306,-120.806,03/25/2017,18:17,404.7,2,3.78,408.3,2,3.73,1020.6,14.8,100,13.867,33.39,406.2,409.8,401.4,405,-3.5,402.9,406.5,-3.6,8.064,2,-999,5,-999,5,263.6,2
CCE2_121W_34N,34.306,-120.806,03/25/2017,21:17,403.2,2,3.66,408.5,2,3.73,1020.1,14.9,100.06,14,33.391,404.6,410,399.6,404.9,-5.3,401.1,406.4,-5.3,8.067,2,-999,5,-999,5,266.2,2
CCE2_121W_34N,34.306,-120.806,03/26/2017,00:17,403.6,2,3.67,409.4,2,3.77,1018.7,14.9,100.04,13.998,33.39,405.1,411,399.5,405.3,-5.8,401,406.8,-5.8,8.07,2,-999,5,-999,5,268,2
CCE2_121W_34N,34.306,-120.806,03/26/2017,03:17,405,2,3.62,408.9,2,3.64,1019,14.8,100,13.766,33.391,406.4,410.3,401.1,404.9,-3.8,402.6,406.4,-3.9,8.058,2,-999,5,-999,5,262.7,2
CCE2_121W_34N,34.306,-120.806,03/26/2017,06:17,404.2,2,3.6,407.9,2,3.57,1019.1,14.5,99.97,13.664,33.394,405.7,409.4,400.4,404.1,-3.7,401.9,405.6,-3.7,8.055,2,-999,5,-999,5,259.7,2
CCE2_121W_34N,34.306,-120.806,03/26/2017,09:17,409.3,2,3.57,409.1,2,3.52,1018.4,14.4,100.02,13.46,33.409,410.8,410.5,405.2,405,0.3,406.8,406.5,0.3,8.033,2,-999,5,-999,5,253.2,2
CCE2_121W_34N,34.306,-120.806,03/26/2017,12:17,413.1,2,3.56,409,2,3.53,1017.5,14.2,99.99,13.307,33.423,414.5,410.5,408.6,404.6,4,410.1,406.1,4,8.006,2,-999,5,-999,5,244.9,2
CCE2_121W_34N,34.306,-120.806,03/26/2017,15:17,412.9,2,3.57,409.2,2,3.58,1018.2,14.1,99.98,13.268,33.422,414.3,410.7,408.7,405.1,3.6,410.3,406.6,3.6,8.008,2,-999,5,-999,5,245.1,2
CCE2_121W_34N,34.306,-120.806,03/26/2017,18:17,412.5,2,3.54,409.3,2,3.52,1019.8,14.1,99.97,13.299,33.42,413.9,410.8,409,405.8,3.1,410.5,407.3,3.1,8.013,2,-999,5,-999,5,246.6,2
CCE2_121W_34N,34.306,-120.806,03/26/2017,21:17,412.1,2,3.65,409.3,2,3.61,1019.9,14.3,100,13.391,33.422,413.7,410.8,408.7,405.9,2.8,410.2,407.4,2.8,8.014,2,-999,5,-999,5,248.4,2
CCE2_121W_34N,34.306,-120.806,03/27/2017,00:17,406.5,2,3.73,409.1,2,3.74,1018.9,14.5,100.03,13.664,33.401,408.1,410.6,402.7,405.2,-2.5,404.2,406.7,-2.5,8.048,2,-999,5,-999,5,259.1,2
CCE2_121W_34N,34.306,-120.806,03/27/2017,03:17,409.3,2,3.71,409.2,2,3.69,1018.8,14.6,100.02,13.419,33.399,410.8,410.7,405.4,405.3,0.1,406.9,406.8,0.1,8.033,2,-999,5,-999,5,255.3,2
CCE2_121W_34N,34.306,-120.806,03/27/2017,06:17,411.2,2,3.66,409.9,2,3.64,1019.2,14.5,99.97,13.289,33.401,412.7,411.4,407.5,406.3,1.2,409,407.8,1.2,8.026,2,-999,5,-999,5,251,2
CCE2_121W_34N,34.306,-120.806,03/27/2017,09:17,410.6,2,3.6,408.6,2,3.59,1018.6,14.5,100.01,13.246,33.396,412,410.1,406.6,404.7,1.9,408.1,406.2,1.9,8.023,2,-999,5,-999,5,249,2
CCE2_121W_34N,34.306,-120.806,03/27/2017,12:17,411.6,2,3.59,409.3,2,3.58,1018.5,14.4,100,13.189,33.399,413.1,410.8,407.6,405.4,2.3,409.1,406.9,2.3,8.017,2,-999,5,-999,5,246.8,2
CCE2_121W_34N,34.306,-120.806,03/27/2017,15:17,412,2,3.49,409.7,2,3.54,1020.2,14.2,100.03,13.201,33.404,413.5,411.1,408.7,406.4,2.3,410.2,407.9,2.3,8.016,2,-999,5,-999,5,247.6,2
CCE2_121W_34N,34.306,-120.806,03/27/2017,18:17,412.1,2,3.46,410.5,2,3.5,1020.6,14.1,99.97,13.222,33.405,413.5,411.9,408.9,407.3,1.6,410.4,408.8,1.6,8.015,2,-999,5,-999,5,248.1,2
CCE2_121W_34N,34.306,-120.806,03/27/2017,21:17,411,2,3.5,409.3,2,3.57,1020.6,14.2,100,13.287,33.401,412.4,410.8,407.8,406.2,1.6,409.3,407.7,1.6,8.02,2,-999,5,-999,5,249.9,2
CCE2_121W_34N,34.306,-120.806,03/28/2017,00:17,411,2,3.52,409.5,2,3.59,1019.1,14.2,99.97,13.223,33.399,412.5,410.9,407.3,405.8,1.5,408.8,407.3,1.5,8.018,2,-999,5,-999,5,250.6,2
CCE2_121W_34N,34.306,-120.806,03/28/2017,03:17,412,2,3.4,409.9,2,3.39,1019.3,14.2,100,13.187,33.412,413.4,411.3,408.3,406.2,2.1,409.8,407.7,2.1,8.011,2,-999,5,-999,5,247.5,2
CCE2_121W_34N,34.306,-120.806,03/28/2017,06:17,414.6,2,3.4,410.1,2,3.43,1021.1,14,100.03,12.985,33.419,416,411.5,411.7,407.2,4.5,413.2,408.7,4.5,7.998,2,-999,5,-999,5,241.1,2
CCE2_121W_34N,34.306,-120.806,03/28/2017,09:17,417.5,2,3.45,409.3,2,3.43,1020.2,13.8,99.98,12.743,33.436,419,410.7,414.3,406.1,8.2,415.9,407.7,8.2,7.981,2,-999,5,-999,5,233.2,2
CCE2_121W_34N,34.306,-120.806,03/28/2017,12:17,419.4,2,3.45,408.4,2,3.42,1020,13.7,99.98,12.588,33.451,420.8,409.8,416.2,405.2,11,417.7,406.7,11,7.965,2,-999,5,-999,5,228.1,2
CCE2_121W_34N,34.306,-120.806,03/28/2017,15:17,417.7,2,3.5,407.7,2,3.49,1021.2,13.5,99.98,12.507,33.456,419.1,409.1,415,405.1,9.9,416.5,406.6,9.9,7.96,2,-999,5,-999,5,227.1,2
CCE2_121W_34N,34.306,-120.806,03/28/2017,18:17,417.3,2,3.53,407.5,2,3.47,1021.6,13.6,99.95,12.631,33.451,418.7,409,414.7,405,9.7,416.3,406.5,9.7,7.969,2,-999,5,-999,5,230.6,2
CCE2_121W_34N,34.306,-120.806,03/28/2017,21:17,417.7,2,3.48,408.5,2,3.53,1019.4,13.8,99.93,12.811,33.446,419.1,409.9,414.1,405,9.1,415.7,406.6,9.1,7.976,2,-999,5,-999,5,235.2,2
CCE2_121W_34N,34.306,-120.806,03/29/2017,00:17,413.1,2,3.57,408.8,2,3.64,1018.3,14,100.01,13.039,33.427,414.6,410.3,409.1,404.9,4.2,410.6,406.4,4.2,7.997,2,-999,5,-999,5,243.4,2
CCE2_121W_34N,34.306,-120.806,03/29/2017,03:17,413.4,2,3.5,408.8,2,3.49,1018.7,14.1,99.99,13.072,33.422,414.8,410.2,409.5,404.9,4.5,411,406.5,4.6,8,2,-999,5,-999,5,244.6,2
CCE2_121W_34N,34.306,-120.806,03/29/2017,06:17,415.3,2,3.6,409.1,2,3.59,1018.8,14,99.96,12.744,33.43,416.8,410.6,411.6,405.5,6.1,413.2,407,6.2,7.986,2,-999,5,-999,5,239.3,2
CCE2_121W_34N,34.306,-120.806,03/29/2017,09:17,419.1,2,3.59,411,2,3.55,1018.1,13.7,99.96,12.527,33.431,420.6,412.5,415.2,407.1,8.1,416.7,408.6,8.1,7.975,2,-999,5,-999,5,234.1,2
CCE2_121W_34N,34.306,-120.806,03/29/2017,12:17,422.8,2,3.6,412.3,2,3.61,1017.1,13.6,99.92,12.427,33.444,424.3,413.8,418.4,408.1,10.4,420,409.6,10.4,7.966,2,-999,5,-999,5,228.8,2
CCE2_121W_34N,34.306,-120.806,03/29/2017,15:17,420.6,2,3.58,412.4,2,3.53,1018,13.5,99.98,12.438,33.441,422.1,413.8,416.6,408.5,8.2,418.2,410,8.2,7.964,2,-999,5,-999,5,229.8,2
CCE2_121W_34N,34.306,-120.806,03/29/2017,18:17,422.6,2,3.53,412.7,2,3.55,1018.4,13.6,99.95,12.472,33.443,424.1,414.2,418.7,409,9.8,420.3,410.5,9.8,7.969,2,-999,5,-999,5,230.1,2
CCE2_121W_34N,34.306,-120.806,03/29/2017,21:17,421,2,3.61,410.9,2,3.6,1018.1,13.7,100,12.64,33.442,422.5,412.3,417,407,10,418.5,408.5,10,7.975,2,-999,5,-999,5,234.9,2
CCE2_121W_34N,34.306,-120.806,03/30/2017,00:17,416.9,2,3.57,409.3,2,3.65,1017.6,13.9,100.02,12.879,33.436,418.4,410.8,412.6,405.2,7.5,414.2,406.7,7.5,7.989,2,-999,5,-999,5,239.9,2
CCE2_121W_34N,34.306,-120.806,03/30/2017,03:17,416.1,2,3.49,409.1,2,3.52,1017.9,14,100,12.818,33.434,417.6,410.6,412,405,6.9,413.5,406.5,7,7.988,2,-999,5,-999,5,238.4,2
CCE2_121W_34N,34.306,-120.806,03/30/2017,06:17,422.3,2,3.49,408.8,2,3.48,1018.5,13.7,99.96,12.429,33.473,423.8,410.3,418.5,405.2,13.4,420.1,406.7,13.4,7.951,2,-999,5,-999,5,229.7,2
CCE2_121W_34N,34.306,-120.806,03/30/2017,09:17,427.1,2,3.47,408.9,2,3.44,1017.7,13.4,99.92,12.076,33.508,428.6,410.3,423.1,405,18.1,424.7,406.5,18.2,7.92,2,-999,5,-999,5,215.4,2
CCE2_121W_34N,34.306,-120.806,03/30/2017,12:17,424.5,2,3.35,408.1,2,3.33,1016.8,13.2,99.96,12.015,33.513,425.9,409.5,420,403.8,16.2,421.6,405.4,16.2,7.913,2,-999,5,-999,5,213.2,2
CCE2_121W_34N,34.306,-120.806,03/30/2017,15:17,425.5,2,3.44,405.1,2,3.42,1017.3,13.3,99.92,12.143,33.494,427,406.4,421.2,401,20.3,422.8,402.5,20.3,7.927,2,-999,5,-999,5,219.4,2
CCE2_121W_34N,34.306,-120.806,03/30/2017,18:17,423.1,2,3.47,409.5,2,3.49,1017.7,13.5,99.96,12.29,33.477,424.5,410.9,419,405.6,13.4,420.5,407.1,13.5,7.941,2,-999,5,-999,5,227.8,2
CCE2_121W_34N,34.306,-120.806,03/30/2017,21:17,424.3,2,3.27,410.1,2,3.34,1015.8,13.3,100,12.286,33.483,425.7,411.5,419.3,405.3,14,420.9,406.8,14.1,7.94,2,-999,5,-999,5,225.7,2
CCE2_121W_34N,34.306,-120.806,03/31/2017,00:17,424.6,2,3.38,410,2,3.44,1014.3,13.3,99.99,12.367,33.47,426.1,411.4,419,404.6,14.4,420.6,406.1,14.5,7.946,2,-999,5,-999,5,228.7,2
CCE2_121W_34N,34.306,-120.806,03/31/2017,03:17,427.2,2,3.3,410.3,2,3.3,1013.9,13.3,99.96,12.155,33.483,428.6,411.6,421.4,404.7,16.7,423,406.2,16.8,7.926,2,-999,5,-999,5,222.7,2
CCE2_121W_34N,34.306,-120.806,03/31/2017,06:17,438,2,3.18,410,2,3.2,1014.1,12.9,99.86,11.678,33.572,439.4,411.3,432.2,404.6,27.6,433.9,406.1,27.7,7.87,2,-999,5,-999,5,209.7,2
CCE2_121W_34N,34.306,-120.806,03/31/2017,09:17,428,2,3.22,409.5,2,3.22,1013.9,12.7,99.94,11.786,33.542,429.4,410.9,422.3,404.1,18.2,423.9,405.6,18.3,7.888,2,-999,5,-999,5,213.9,2
CCE2_121W_34N,34.306,-120.806,03/31/2017,12:17,435.4,2,3.28,409.4,2,3.26,1013.1,12.8,99.92,11.755,33.539,436.8,410.7,429.3,403.6,25.7,430.9,405.2,25.8,7.888,2,-999,5,-999,5,211.9,2
CCE2_121W_34N,34.306,-120.806,03/31/2017,15:17,441.3,2,3.28,410.9,2,3.28,1013.2,12.7,99.95,11.503,33.583,442.7,412.3,435.2,405.3,29.9,436.9,406.9,30,7.859,2,-999,5,-999,5,206.7,2
CCE2_121W_34N,34.306,-120.806,03/31/2017,18:17,442.2,2,3.25,412,2,3.27,1012.9,12.5,99.94,11.39,33.615,443.7,413.4,436.1,406.3,29.8,437.7,407.8,29.9,7.842,2,-999,5,-999,5,203.7,2
CCE2_121W_34N,34.306,-120.806,03/31/2017,21:17,434,2,3.25,412.3,2,3.28,1011.8,12.5,99.94,11.7,33.558,435.5,413.6,427.4,406,21.4,429.1,407.5,21.5,7.877,2,-999,5,-999,5,211.9,2
CCE2_121W_34N,34.306,-120.806,04/01/2017,00:17,437.9,2,3.41,411.5,2,3.35,1011.3,12.7,99.93,11.697,33.573,439.4,412.9,431.1,405.1,26,432.7,406.6,26.1,7.873,2,-999,5,-999,5,215.7,2
CCE2_121W_34N,34.306,-120.806,04/01/2017,03:17,442.7,2,3.25,410.5,2,3.22,1012.7,12.7,99.91,11.616,33.614,444.2,411.9,436.4,404.7,31.7,438,406.2,31.8,7.856,2,-999,5,-999,5,218.2,2
CCE2_121W_34N,34.306,-120.806,04/01/2017,06:17,444.3,2,3.26,410.5,2,3.22,1013.4,12.6,99.92,11.401,33.623,445.7,411.9,438.3,405,33.3,440,406.6,33.4,7.844,2,-999,5,-999,5,206.1,2
CCE2_121W_34N,34.306,-120.806,04/01/2017,09:17,441.8,2,3.24,411.6,2,3.2,1013.6,12.6,99.95,11.44,33.612,443.2,412.9,435.9,406.1,29.9,437.6,407.6,30,7.848,2,-999,5,-999,5,207.9,2
CCE2_121W_34N,34.306,-120.806,04/01/2017,12:17,432.1,2,3.2,412.7,2,3.15,1014.1,12.7,99.95,11.638,33.601,433.5,414,426.5,407.3,19.2,428.1,408.8,19.3,7.866,2,-999,5,-999,5,218.5,2
CCE2_121W_34N,34.306,-120.806,04/01/2017,15:17,434.5,2,3.41,411.7,2,3.34,1015.9,12.8,99.95,11.651,33.599,436,413.1,429.7,407.2,22.6,431.4,408.7,22.7,7.868,2,-999,5,-999,5,219,2
CCE2_121W_34N,34.306,-120.806,04/01/2017,18:17,430.9,2,3.41,411.4,2,3.37,1016.5,12.9,100.03,11.803,33.604,432.4,412.8,426.4,407,19.3,428,408.6,19.4,7.871,2,-999,5,-999,5,223.3,2
CCE2_121W_34N,34.306,-120.806,04/01/2017,21:17,438.5,2,3.5,411,2,3.46,1015.6,13.3,99.99,12.223,33.607,440,412.4,433.3,406.2,27.2,435,407.7,27.3,7.872,2,-999,5,-999,5,227.1,2
CCE2_121W_34N,34.306,-120.806,04/02/2017,00:17,432.6,2,3.67,412.8,2,3.64,1014.8,13.5,99.99,12.208,33.606,434.2,414.4,427.3,407.7,19.5,428.9,409.3,19.6,7.882,2,-999,5,-999,5,231,2
CCE2_121W_34N,34.306,-120.806,04/02/2017,03:17,438.3,2,3.4,420.2,2,3.35,1015.2,13.5,99.98,12.109,33.602,439.8,421.6,433,415.1,17.9,434.7,416.7,18,7.887,2,-999,5,-999,5,231.6,2
CCE2_121W_34N,34.306,-120.806,04/02/2017,06:17,434.2,2,3.4,412.3,2,3.35,1015.9,13.2,99.93,11.664,33.502,435.7,413.7,429.4,407.7,21.7,431.1,409.3,21.8,7.887,2,-999,5,-999,5,213.6,2
CCE2_121W_34N,34.306,-120.806,04/02/2017,09:17,432.1,2,3.39,410.1,2,3.35,1015.5,13,99.93,11.645,33.476,433.6,411.5,427.1,405.4,21.8,428.8,406.9,21.8,7.894,2,-999,5,-999,5,219.2,2
CCE2_121W_34N,34.306,-120.806,04/02/2017,12:17,435.2,2,3.22,410,2,3.19,1016.2,12.8,99.93,11.429,33.587,436.6,411.3,430.6,405.6,25,432.2,407.1,25.1,7.85,2,-999,5,-999,5,211.6,2
CCE2_121W_34N,34.306,-120.806,04/02/2017,15:17,441.6,2,3.19,408.9,2,3.15,1017.4,12.6,99.92,11.399,33.594,443,410.2,437.4,405,32.4,439,406.5,32.5,7.85,2,-999,5,-999,5,211.9,2
CCE2_121W_34N,34.306,-120.806,04/02/2017,18:17,434.1,2,3.31,408.9,2,3.25,1017.3,12.6,99.9,11.447,33.525,435.5,410.2,429.9,405,24.9,431.6,406.5,25,7.883,2,-999,5,-999,5,217.8,2
CCE2_121W_34N,34.306,-120.806,04/02/2017,21:17,425.6,2,3.36,408.8,2,3.32,1016,12.7,99.97,11.538,33.466,427,410.2,420.9,404.4,16.6,422.5,405.9,16.6,7.913,2,-999,5,-999,5,223.8,2
CCE2_121W_34N,34.306,-120.806,04/03/2017,00:17,423.6,2,3.34,408.4,2,3.28,1014.5,12.8,99.99,11.492,33.484,425.1,409.8,418.4,403.4,15,420,404.9,15.1,7.905,2,-999,5,-999,5,221.6,2
CCE2_121W_34N,34.306,-120.806,04/03/2017,03:17,425.8,2,3.27,409.4,2,3.22,1014.4,12.7,99.94,11.477,33.497,427.2,410.7,420.4,404.2,16.2,422,405.7,16.3,7.902,2,-999,5,-999,5,222.6,2
CCE2_121W_34N,34.306,-120.806,04/03/2017,06:17,424.6,2,3.23,410.1,2,3.19,1014.7,12.7,99.93,11.537,33.472,426,411.4,419.4,405.1,14.3,421,406.6,14.4,7.912,2,-999,5,-999,5,224.9,2
CCE2_121W_34N,34.306,-120.806,04/03/2017,09:17,426.1,2,3.21,410.4,2,3.15,1013.9,12.6,99.99,11.459,33.463,427.5,411.7,420.6,405.1,15.5,422.2,406.6,15.6,7.908,2,-999,5,-999,5,218.5,2
CCE2_121W_34N,34.306,-120.806,04/03/2017,12:17,426.4,2,3.08,410.9,2,3.04,1012.9,12.5,99.94,11.434,33.46,427.7,412.2,420.4,405.1,15.3,422,406.6,15.3,7.91,2,-999,5,-999,5,220.7,2
CCE2_121W_34N,34.306,-120.806,04/03/2017,15:17,427,2,3.15,412.4,2,3.09,1014.2,12.4,99.98,11.461,33.47,428.3,413.7,421.5,407.1,14.4,423.1,408.7,14.5,7.91,2,-999,5,-999,5,222.7,2
CCE2_121W_34N,34.306,-120.806,04/03/2017,18:17,430.1,2,3.29,414.2,2,3.22,1014.5,12.5,99.99,11.521,33.469,431.6,415.5,424.8,409,15.8,426.4,410.5,15.8,7.913,2,-999,5,-999,5,224.3,2
CCE2_121W_34N,34.306,-120.806,04/03/2017,21:17,433.8,2,3.41,413,2,3.37,1013.8,12.6,99.96,11.638,33.581,435.3,414.4,428.1,407.6,20.5,429.7,409.1,20.6,7.888,2,-999,5,-999,5,226,2
CCE2_121W_34N,34.306,-120.806,04/04/2017,00:17,427,2,3.54,411.9,2,3.46,1012.6,12.8,100.03,11.613,33.534,428.6,413.4,421,406.1,14.9,422.6,407.7,15,7.902,2,-999,5,-999,5,227,2
CCE2_121W_34N,34.306,-120.806,04/04/2017,03:17,430.3,2,3.29,411,2,3.23,1013.5,12.8,99.93,11.514,33.514,431.7,412.3,424.5,405.4,19.1,426.1,407,19.1,7.902,2,-999,5,-999,5,223.6,2
CCE2_121W_34N,34.306,-120.806,04/04/2017,06:17,433.9,2,3.26,411,2,3.21,1014,12.7,99.91,11.566,33.572,435.4,412.3,428.3,405.6,22.7,429.9,407.2,22.8,7.898,2,-999,5,-999,5,229.9,2
CCE2_121W_34N,34.306,-120.806,04/04/2017,09:17,432,2,3.25,411.7,2,3.19,1014.7,12.6,99.95,11.426,33.538,433.4,413.1,426.8,406.7,20.1,428.4,408.3,20.1,7.895,2,-999,5,-999,5,223.1,2
CCE2_121W_34N,34.306,-120.806,04/04/2017,12:17,432,2,3.11,414.4,2,3.06,1014.7,12.5,99.97,11.402,33.574,433.3,415.7,426.7,409.3,17.4,428.3,410.8,17.4,7.888,2,-999,5,-999,5,225.8,2
CCE2_121W_34N,34.306,-120.806,04/04/2017,15:17,429.3,2,3.18,413.8,2,3.1,1016.5,12.3,99.95,11.305,33.537,430.7,415.1,424.9,409.5,15.4,426.5,411.1,15.4,7.897,2,-999,5,-999,5,220.8,2
CCE2_121W_34N,34.306,-120.806,04/04/2017,18:17,427,2,3.37,413.3,2,3.26,1018.2,12.5,99.96,11.421,33.543,428.5,414.6,423.4,409.7,13.7,425,411.2,13.7,7.899,2,-999,5,-999,5,224,2
CCE2_121W_34N,34.306,-120.806,04/04/2017,21:17,427,2,3.63,413.1,2,3.46,1017.7,13,99.96,11.753,33.545,428.5,414.5,423.1,409.3,13.8,424.7,410.8,13.9,7.906,2,-999,5,-999,5,232.4,2
CCE2_121W_34N,34.306,-120.806,04/05/2017,00:17,423.3,2,3.67,412.5,2,3.5,1016.3,13.6,99.94,11.975,33.547,424.8,414,418.8,408.1,10.7,420.3,409.6,10.7,7.908,2,-999,5,-999,5,233.7,2
CCE2_121W_34N,34.306,-120.806,04/05/2017,03:17,425.3,2,3.36,411.9,2,3.27,1016.3,13.4,99.96,12.145,33.545,426.8,413.2,420.6,407.3,13.3,422.2,408.8,13.4,7.909,2,-999,5,-999,5,233.5,2
CCE2_121W_34N,34.306,-120.806,04/05/2017,06:17,430.7,2,3.39,412.2,2,3.31,1017.6,13.1,99.96,11.661,33.494,432.2,413.5,426.7,408.3,18.4,428.3,409.8,18.5,7.913,2,-999,5,-999,5,224.1,2
CCE2_121W_34N,34.306,-120.806,04/05/2017,09:17,423.7,2,3.37,411.1,2,3.3,1017.3,13.1,99.95,12.036,33.41,425.2,412.4,419.5,406.9,12.6,421.1,408.5,12.6,7.947,2,-999,5,-999,5,232,2
CCE2_121W_34N,34.306,-120.806,04/05/2017,12:17,422.8,2,3.31,410.9,2,3.25,1016,13.1,99.95,11.869,33.461,424.2,412.3,418.1,406.3,11.8,419.7,407.8,11.8,7.929,2,-999,5,-999,5,228,2
CCE2_121W_34N,34.306,-120.806,04/05/2017,15:17,427.3,2,3.39,417.3,2,3.32,1017.1,12.8,99.98,11.571,33.497,428.8,418.7,423.2,413.2,9.9,424.8,414.8,10,7.913,2,-999,5,-999,5,221.8,2
CCE2_121W_34N,34.306,-120.806,04/05/2017,18:17,430.5,2,3.47,417.1,2,3.44,1017.8,12.7,100,11.649,33.503,432,418.5,426.6,413.3,13.3,428.2,414.8,13.3,7.912,2,-999,5,-999,5,223.4,2
CCE2_121W_34N,34.306,-120.806,04/05/2017,21:17,426.2,2,3.72,410.6,2,3.65,1017.1,13.5,99.97,12.194,33.495,427.7,412.1,421.9,406.5,15.4,423.5,408,15.5,7.928,2,-999,5,-999,5,231.1,2
CCE2_121W_34N,34.306,-120.806,04/06/2017,00:17,427.7,2,4.11,410.5,2,4.06,1015.6,14.4,99.99,12.302,33.491,429.5,412.1,422.9,405.9,17.1,424.5,407.4,17.1,7.928,2,-999,5,-999,5,231.1,2
CCE2_121W_34N,34.306,-120.806,04/06/2017,03:17,421.9,2,3.5,410.4,2,3.43,1015.5,14.7,100,13.14,33.48,423.4,411.8,416.6,405.2,11.4,418.1,406.7,11.4,7.928,2,-999,5,-999,5,238.6,2
CCE2_121W_34N,34.306,-120.806,04/06/2017,06:17,429.3,2,3.59,410.6,2,3.52,1015.6,14.3,99.98,12.548,33.393,430.9,412.1,424.2,405.7,18.5,425.8,407.2,18.5,7.958,2,-999,5,-999,5,235.1,2
CCE2_121W_34N,34.306,-120.806,04/06/2017,09:17,430.9,2,3.62,411.3,2,3.54,1014.6,14.1,99.98,12.908,33.367,432.5,412.8,425.2,405.9,19.4,426.8,407.4,19.4,7.969,2,-999,5,-999,5,242.2,2
CCE2_121W_34N,34.306,-120.806,04/06/2017,12:17,426.8,2,3.65,410.5,2,3.57,1015.3,14,99.98,13.049,33.36,428.4,411.9,421.4,405.3,16.2,423,406.8,16.2,7.974,2,-999,5,-999,5,243.3,2
CCE2_121W_34N,34.306,-120.806,04/06/2017,15:17,420.1,2,3.43,410.7,2,3.37,1015.8,13.6,100.02,12.634,33.382,421.5,412.1,415.1,405.8,9.3,416.6,407.3,9.4,7.969,2,-999,5,-999,5,241.2,2
CCE2_121W_34N,34.306,-120.806,04/06/2017,18:17,417,2,3.53,410.5,2,3.47,1016.7,13.4,99.98,12.651,33.372,418.4,411.9,412.4,406,6.4,413.9,407.5,6.5,7.977,2,-999,5,-999,5,240.7,2
CCE2_121W_34N,34.306,-120.806,04/06/2017,21:17,420.8,2,3.8,410.5,2,3.72,1015.3,13.6,99.98,12.582,33.407,422.4,412,415.7,405.5,10.2,417.3,407,10.2,7.972,2,-999,5,-999,5,243,2
CCE2_121W_34N,34.306,-120.806,04/07/2017,00:17,420.1,2,3.9,410.1,2,3.8,1013.8,13.9,100.01,12.338,33.468,421.7,411.6,414.6,404.6,10,416.1,406.1,10,7.958,2,-999,5,-999,5,242,2
CCE2_121W_34N,34.306,-120.806,04/07/2017,03:17,426.7,2,3.65,410.3,2,3.59,1014.3,13.9,99.98,12.516,33.571,428.2,411.8,421.1,404.9,16.2,422.7,406.4,16.2,7.931,2,-999,5,-999,5,247.8,2
CCE2_121W_34N,34.306,-120.806,04/07/2017,06:17,416.1,2,3.66,409.7,2,3.59,1016.1,13.8,100.01,12.344,33.546,417.7,411.1,411.5,405,6.4,413,406.6,6.5,7.938,2,-999,5,-999,5,246.7,2
CCE2_121W_34N,34.306,-120.806,04/07/2017,09:17,417.6,2,3.59,410.3,2,3.52,1015.4,13.6,99.96,12.003,33.454,419.1,411.7,412.7,405.5,7.3,414.3,407,7.3,7.945,2,-999,5,-999,5,236.6,2
CCE2_121W_34N,34.306,-120.806,04/07/2017,12:17,424.9,2,3.5,410.7,2,3.44,1015,13.3,99.95,11.798,33.425,426.4,412.1,419.8,405.8,14,421.4,407.3,14,7.946,2,-999,5,-999,5,230.3,2
CCE2_121W_34N,34.306,-120.806,04/07/2017,15:17,434.3,2,3.49,410,2,3.48,1015.4,13.2,99.95,12.062,33.575,435.8,411.5,429.2,405.2,23.9,430.8,406.8,24,7.91,2,-999,5,-999,5,238,2
CCE2_121W_34N,34.306,-120.806,04/07/2017,18:17,428.6,2,3.55,409.8,2,3.47,1016.5,13.3,100,11.899,33.57,430.1,411.3,424.1,405.5,18.6,425.7,407,18.7,7.896,2,-999,5,-999,5,229,2
CCE2_121W_34N,34.306,-120.806,04/07/2017,21:17,426,2,3.54,409.6,2,3.53,1015.6,13.2,100,11.814,33.556,427.6,411.1,421.2,405,16.2,422.8,406.5,16.3,7.895,2,-999,5,-999,5,225.8,2
CCE2_121W_34N,34.306,-120.806,04/08/2017,00:17,422.8,2,3.56,410,2,3.52,1014.1,13.3,99.95,12.164,33.51,424.3,411.5,417.3,404.7,12.6,418.9,406.2,12.7,7.932,2,-999,5,-999,5,243.2,2
CCE2_121W_34N,34.306,-120.806,04/08/2017,03:17,420.6,2,3.54,410.2,2,3.5,1014.2,13.5,99.98,12.43,33.425,422.1,411.6,415.1,404.7,10.3,416.6,406.3,10.4,7.964,2,-999,5,-999,5,249.2,2
CCE2_121W_34N,34.306,-120.806,04/08/2017,06:17,420.6,2,3.52,410.2,2,3.49,1015.8,13.7,99.99,12.379,33.412,422.1,411.6,415.7,405.4,10.3,417.3,407,10.3,7.961,2,-999,5,-999,5,246.5,2
CCE2_121W_34N,34.306,-120.806,04/08/2017,09:17,413.5,2,3.56,409.4,2,3.51,1015.9,13.6,99.98,12.7,33.407,414.9,410.9,408.6,404.6,4,410.1,406.1,4,7.974,2,-999,5,-999,5,250.1,2
CCE2_121W_34N,34.306,-120.806,04/08/2017,12:17,414.3,2,3.59,410.2,2,3.53,1016.3,13.7,99.99,12.317,33.432,415.8,411.7,409.8,405.7,4.1,411.3,407.2,4.1,7.954,2,-999,5,-999,5,244.5,2
CCE2_121W_34N,34.306,-120.806,04/08/2017,15:17,428.5,2,3.55,410.5,2,3.47,1018.7,13.2,99.91,11.893,33.547,430,412,424.9,407.1,17.8,426.5,408.6,17.9,7.907,2,-999,5,-999,5,234.3,2
CCE2_121W_34N,34.306,-120.806,04/08/2017,18:17,426.8,2,3.48,409.7,2,3.38,1020.8,13,99.97,12.047,33.536,428.3,411.1,424.1,407.1,17,425.7,408.6,17.1,7.914,2,-999,5,-999,5,238.2,2
CCE2_121W_34N,34.306,-120.806,04/08/2017,21:17,420.8,2,3.49,409.5,2,3.4,1020.4,13.4,99.97,12.618,33.444,422.2,410.9,417.7,406.5,11.2,419.2,408,11.2,7.957,2,-999,5,-999,5,248.2,2
CCE2_121W_34N,34.306,-120.806,04/09/2017,00:17,425,2,3.36,410,2,3.29,1019.8,13.4,99.93,12.379,33.484,426.5,411.4,421.7,406.8,14.9,423.3,408.3,15,7.944,2,-999,5,-999,5,246.7,2
CCE2_121W_34N,34.306,-120.806,04/09/2017,03:17,424,2,3.34,409.6,2,3.16,1019.4,13.1,99.96,12.289,33.534,425.4,410.9,420.6,406.2,14.4,422.2,407.7,14.4,7.916,2,-999,5,-999,5,238.8,2
CCE2_121W_34N,34.306,-120.806,04/09/2017,06:17,431.5,2,3.26,409.8,2,3.12,1020.4,12.9,99.96,12.14,33.535,432.9,411.1,428.5,406.8,21.6,430.1,408.4,21.7,7.909,2,-999,5,-999,5,234.7,2
CCE2_121W_34N,34.306,-120.806,04/09/2017,09:17,431.4,2,3.24,410.4,2,3.15,1019.7,12.9,99.95,12.044,33.54,432.8,411.7,428.1,407.2,20.9,429.7,408.7,21,7.906,2,-999,5,-999,5,234,2
CCE2_121W_34N,34.306,-120.806,04/09/2017,12:17,432.9,2,3.18,411.4,2,3.01,1019.1,12.7,99.98,11.899,33.543,434.2,412.6,429.3,407.9,21.4,430.9,409.4,21.5,7.898,2,-999,5,-999,5,229.5,2
CCE2_121W_34N,34.306,-120.806,04/09/2017,15:17,429.2,2,3.25,411.2,2,3.09,1019.5,12.5,99.95,11.83,33.546,430.6,412.4,425.9,407.9,18,427.5,409.5,18.1,7.893,2,-999,5,-999,5,226.3,2
CCE2_121W_34N,34.306,-120.806,04/09/2017,18:17,422.2,2,3.35,412.1,2,3.2,1021.2,12.5,99.94,12.147,33.532,423.6,413.4,419.5,409.5,10.1,421.1,411,10.1,7.957,2,-999,5,-999,5,247.6,2
CCE2_121W_34N,34.306,-120.806,04/09/2017,21:17,-999,4,3.5,-999,4,3.31,1020.7,12.9,99.94,12.709,33.515,-999,-999,-999,-999,-999,-999,-999,-999,8.034,2,-999,5,-999,5,268.4,2
CCE2_121W_34N,34.306,-120.806,04/10/2017,00:17,409.3,2,3.56,410.8,2,3.44,1019.3,13.3,100,12.663,33.523,410.8,412.2,405.9,407.3,-1.4,407.4,408.8,-1.4,8.03,2,-999,5,-999,5,270.4,2
CCE2_121W_34N,34.306,-120.806,04/10/2017,03:17,410,2,3.45,410.1,2,3.35,1019.7,13.4,99.99,12.585,33.525,411.4,411.5,406.7,406.7,,408.2,408.3,,8.023,2,-999,5,-999,5,268.7,2
CCE2_121W_34N,34.306,-120.806,04/10/2017,06:17,409.4,2,3.51,409.7,2,3.38,1020.1,13.5,100.02,12.678,33.516,410.9,411.1,406.3,406.5,-0.2,407.8,408,-0.2,8.043,2,-999,5,-999,5,270,2
CCE2_121W_34N,34.306,-120.806,04/10/2017,09:17,407.3,2,3.44,409.6,2,3.31,1019.5,13.5,100,12.834,33.508,408.7,411,403.9,406.1,-2.2,405.4,407.6,-2.2,8.061,2,-999,5,-999,5,269.9,2
CCE2_121W_34N,34.306,-120.806,04/10/2017,12:17,-999,4,3.48,-999,4,3.36,1019.2,13.6,100.02,12.812,33.507,-999,-999,-999,-999,-999,-999,-999,-999,8.06,2,-999,5,-999,5,266.8,2
CCE2_121W_34N,34.306,-120.806,04/10/2017,15:17,408.8,2,3.67,411.9,2,3.47,1019.4,13.5,99.97,12.734,33.513,410.3,413.4,405.4,408.4,-3,406.9,410,-3.1,8.05,2,-999,5,-999,5,261.9,2
CCE2_121W_34N,34.306,-120.806,04/10/2017,18:17,408.4,2,3.68,411.5,2,3.46,1019.4,13.5,100.02,12.73,33.517,409.9,412.9,405.1,408.1,-3,406.6,409.6,-3,8.048,2,-999,5,-999,5,264.6,2
CCE2_121W_34N,34.306,-120.806,04/10/2017,21:17,406.8,2,3.76,409.9,2,3.57,1018.3,13.6,100.03,12.817,33.516,408.3,411.4,403,406,-3,404.5,407.5,-3,8.069,2,-999,5,-999,5,272.2,2
CCE2_121W_34N,34.306,-120.806,04/11/2017,00:17,405.7,2,3.79,410.5,2,3.67,1016.4,13.8,100.07,12.892,33.518,407.2,412,401.1,405.8,-4.7,402.6,407.3,-4.7,8.085,2,-999,5,-999,5,282.5,2
CCE2_121W_34N,34.306,-120.806,04/11/2017,03:17,407.2,2,3.62,410.8,2,3.48,1016.7,13.8,99.99,12.712,33.521,408.7,412.2,402.8,406.2,-3.4,404.3,407.7,-3.4,8.054,2,-999,5,-999,5,272.4,2
CCE2_121W_34N,34.306,-120.806,04/11/2017,06:17,410.6,2,3.66,410.3,2,3.54,1016.7,13.8,100,12.61,33.528,412.2,411.8,406.2,405.8,0.4,407.7,407.4,0.4,8.032,2,-999,5,-999,5,262.4,2
CCE2_121W_34N,34.306,-120.806,04/11/2017,09:17,412.6,2,3.63,410.3,2,3.55,1015.6,13.7,99.97,12.55,33.531,414.1,411.8,407.7,405.4,2.3,409.3,406.9,2.4,8.023,2,-999,5,-999,5,258.2,2
CCE2_121W_34N,34.306,-120.806,04/11/2017,12:17,420,2,3.51,410.5,2,3.43,1015.3,13.5,99.96,12.303,33.544,421.5,411.9,414.9,405.5,9.4,416.5,407,9.4,7.979,2,-999,5,-999,5,244.3,2
CCE2_121W_34N,34.306,-120.806,04/11/2017,15:17,418.8,2,3.58,410.9,2,3.48,1016.7,13.5,99.98,12.319,33.542,420.3,412.3,414.3,406.5,7.8,415.9,408,7.9,7.986,2,-999,5,-999,5,246.3,2
CCE2_121W_34N,34.306,-120.806,04/11/2017,18:17,415.9,2,3.71,410.7,2,3.59,1017.7,13.5,99.99,12.393,33.57,417.4,412.2,411.9,406.7,5.2,413.4,408.2,5.2,7.981,2,-999,5,-999,5,247.9,2
CCE2_121W_34N,34.306,-120.806,04/11/2017,21:17,414.8,2,3.78,411,2,3.66,1017.5,13.8,100.01,12.73,33.572,416.4,412.5,410.7,406.8,3.8,412.2,408.4,3.8,7.996,2,-999,5,-999,5,257.5,2
CCE2_121W_34N,34.306,-120.806,04/12/2017,00:17,408.8,2,4.04,409.9,2,3.97,1017.3,14.1,100.03,13.003,33.519,410.4,411.5,404.6,405.7,-1.1,406.1,407.2,-1.1,8.058,2,-999,5,-999,5,285,2
CCE2_121W_34N,34.306,-120.806,04/12/2017,03:17,407.4,2,3.7,409.9,2,3.62,1017.6,14.3,100.04,12.915,33.497,408.9,411.4,403.3,405.7,-2.5,404.8,407.3,-2.5,8.075,2,-999,5,-999,5,291.9,2
CCE2_121W_34N,34.306,-120.806,04/12/2017,06:17,424.4,2,3.63,411.3,2,3.54,1018,14.1,99.99,12.678,33.558,425.9,412.8,420.3,407.3,13,421.9,408.9,13,7.934,2,-999,5,-999,5,243.4,2
CCE2_121W_34N,34.306,-120.806,04/12/2017,09:17,423.8,2,3.64,410.9,2,3.54,1017.2,13.8,99.99,12.709,33.557,425.3,412.3,419.4,406.5,12.8,420.9,408,12.9,7.935,2,-999,5,-999,5,246.1,2
CCE2_121W_34N,34.306,-120.806,04/12/2017,12:17,425.4,2,3.66,412.4,2,3.56,1016.2,13.8,99.98,12.687,33.568,427,413.8,420.6,407.6,13,422.2,409.2,13,7.938,2,-999,5,-999,5,245.5,2
CCE2_121W_34N,34.306,-120.806,04/12/2017,15:17,428.3,2,3.75,410.4,2,3.64,1017.3,13.9,99.95,12.67,33.555,429.9,411.9,423.9,406.2,17.8,425.5,407.7,17.8,7.935,2,-999,5,-999,5,244.6,2
CCE2_121W_34N,34.306,-120.806,04/12/2017,18:17,427,2,3.95,410,2,3.84,1017.8,14,99.99,12.691,33.544,428.7,411.6,423,406.1,16.9,424.5,407.6,16.9,7.941,2,-999,5,-999,5,245.1,2
CCE2_121W_34N,34.306,-120.806,04/12/2017,21:17,420.7,2,4.2,409.3,2,4.09,1017.4,14.5,100.02,12.986,33.543,422.5,410.9,416.5,405.1,11.4,418.1,406.7,11.4,7.988,2,-999,5,-999,5,260.3,2
CCE2_121W_34N,34.306,-120.806,04/13/2017,00:17,412.8,2,3.99,408.8,2,3.95,1016.8,15,100.03,13.645,33.394,414.4,410.4,408.1,404.1,4,409.6,405.6,4,8.001,2,-999,5,-999,5,257.7,2
CCE2_121W_34N,34.306,-120.806,04/13/2017,03:17,413.5,2,3.68,409.3,2,3.62,1017,14.8,99.98,13.575,33.402,415,410.7,408.8,404.6,4.2,410.3,406.1,4.2,8.004,2,-999,5,-999,5,258.2,2
CCE2_121W_34N,34.306,-120.806,04/13/2017,06:17,419.2,2,3.83,410,2,3.75,1017,14.4,100.01,13.421,33.42,420.9,411.5,414.6,405.4,9.2,416.1,406.9,9.3,8.005,2,-999,5,-999,5,259.3,2
CCE2_121W_34N,34.306,-120.806,04/13/2017,09:17,423.2,2,3.83,409.6,2,3.75,1016,14.4,100.01,13.227,33.461,424.8,411.1,418.1,404.7,13.5,419.7,406.2,13.5,7.982,2,-999,5,-999,5,254.3,2
CCE2_121W_34N,34.306,-120.806,04/13/2017,12:17,421.8,2,3.78,409.8,2,3.7,1015.4,14.2,99.99,13.023,33.483,423.4,411.3,416.6,404.7,11.8,418.1,406.2,11.9,7.952,2,-999,5,-999,5,246.1,2
CCE2_121W_34N,34.306,-120.806,04/13/2017,15:17,422.1,2,3.86,411.4,2,3.75,1016.7,14.2,100.01,13.205,33.448,423.7,412.9,417.4,406.8,10.6,418.9,408.3,10.7,7.983,2,-999,5,-999,5,253.8,2
CCE2_121W_34N,34.306,-120.806,04/13/2017,18:17,411.6,2,4.01,409.6,2,3.92,1018.5,14.4,100.01,13.423,33.415,413.3,411.2,407.7,405.7,2.1,409.2,407.2,2.1,8.009,2,-999,5,-999,5,257.6,2
CCE2_121W_34N,34.306,-120.806,04/13/2017,21:17,414.8,2,4.06,409.6,2,3.96,1019,14.9,100.02,13.84,33.393,416.5,411.2,410.9,405.7,5.2,412.5,407.2,5.2,8.015,2,-999,5,-999,5,258.2,2
CCE2_121W_34N,34.306,-120.806,04/14/2017,00:17,416,2,4.18,409.5,2,4.02,1018.6,15,99.99,13.998,33.395,417.8,411.1,412,405.4,6.5,413.5,406.9,6.6,8.008,2,-999,5,-999,5,257.8,2
CCE2_121W_34N,34.306,-120.806,04/14/2017,03:17,414.6,2,3.67,410.6,2,3.57,1019.4,14.7,99.97,13.161,33.435,416.1,412.1,411,407,4,412.5,408.5,4,8.027,2,-999,5,-999,5,270.6,2
CCE2_121W_34N,34.306,-120.806,04/14/2017,06:17,422.8,2,3.48,411.6,2,3.42,1019.8,13.7,99.95,12.292,33.486,424.3,413,419.6,408.4,11.1,421.2,410,11.2,7.937,2,-999,5,-999,5,236.8,2
CCE2_121W_34N,34.306,-120.806,04/14/2017,09:17,427.1,2,3.33,411.2,2,3.25,1018.9,13.1,99.95,12.027,33.51,428.5,412.6,423.4,407.7,15.7,425,409.3,15.8,7.923,2,-999,5,-999,5,229.2,2
CCE2_121W_34N,34.306,-120.806,04/14/2017,12:17,433.9,2,3.19,413.8,2,3.09,1018.2,12.8,99.97,11.834,33.524,435.3,415.1,430,410,20,431.6,411.5,20.1,7.911,2,-999,5,-999,5,224.1,2
CCE2_121W_34N,34.306,-120.806,04/14/2017,15:17,436.4,2,3.2,413,2,3.14,1019,12.5,99.94,11.814,33.548,437.8,414.3,432.8,409.5,23.3,434.4,411.1,23.3,7.909,2,-999,5,-999,5,223.5,2
CCE2_121W_34N,34.306,-120.806,04/14/2017,18:17,429.6,2,3.17,413.3,2,2.97,1019.9,12.5,99.95,11.812,33.569,430.9,414.5,426.4,410.1,16.3,428,411.6,16.3,7.909,2,-999,5,-999,5,227.1,2
CCE2_121W_34N,34.306,-120.806,04/14/2017,21:17,427,2,3.48,411.3,2,3.35,1018.3,12.5,99.92,11.832,33.56,428.5,412.7,423.2,407.6,15.6,424.8,409.2,15.6,7.912,2,-999,5,-999,5,227,2
CCE2_121W_34N,34.306,-120.806,04/15/2017,00:17,432.6,2,3.46,410.8,2,3.38,1016.8,12.7,99.9,11.872,33.59,434.1,412.2,428.1,406.5,21.6,429.7,408.1,21.7,7.914,2,-999,5,-999,5,232.3,2
CCE2_121W_34N,34.306,-120.806,04/15/2017,03:17,433.7,2,3.38,411.2,2,3.29,1017,12.8,99.95,11.783,33.606,435.2,412.5,429.3,407,22.3,430.9,408.5,22.4,7.901,2,-999,5,-999,5,229.9,2
CCE2_121W_34N,34.306,-120.806,04/15/2017,06:17,432.3,2,3.45,410.7,2,3.37,1016.8,12.7,99.92,11.701,33.591,433.8,412.1,427.9,406.5,21.4,429.5,408,21.5,7.895,2,-999,5,-999,5,227.2,2
CCE2_121W_34N,34.306,-120.806,04/15/2017,09:17,427.7,2,3.44,411.2,2,3.3,1015.3,12.8,99.95,11.833,33.61,429.1,412.6,422.7,406.4,16.3,424.3,407.9,16.4,7.937,2,-999,5,-999,5,238,2
CCE2_121W_34N,34.306,-120.806,04/15/2017,12:17,431.5,2,3.4,414.1,2,3.26,1014.9,12.7,99.95,11.811,33.612,432.9,415.5,426.2,409.1,17.2,427.8,410.6,17.2,7.934,2,-999,5,-999,5,237,2
CCE2_121W_34N,34.306,-120.806,04/15/2017,15:17,432.1,2,3.5,414.3,2,3.39,1015.5,12.6,99.9,11.757,33.612,433.6,415.7,427.1,409.5,17.6,428.7,411,17.7,7.932,2,-999,5,-999,5,235.3,2
CCE2_121W_34N,34.306,-120.806,04/15/2017,18:17,419.8,2,3.56,412.2,2,3.39,1015.6,12.7,99.99,11.87,33.623,421.3,413.6,415.1,407.5,7.6,416.7,409,7.7,7.961,2,-999,5,-999,5,247.5,2
CCE2_121W_34N,34.306,-120.806,04/15/2017,21:17,418.1,2,3.69,412.7,2,3.51,1015.5,13,99.95,12.156,33.618,419.6,414.2,413.3,407.9,5.4,414.8,409.4,5.4,7.982,2,-999,5,-999,5,259.1,2
CCE2_121W_34N,34.306,-120.806,04/16/2017,00:17,418.1,2,3.83,415.3,2,3.68,1015,13.5,99.97,12.329,33.62,419.7,416.9,413.1,410.3,2.8,414.7,411.8,2.8,8.015,2,-999,5,-999,5,273.2,2
CCE2_121W_34N,34.306,-120.806,04/16/2017,03:17,420.8,2,3.53,415.9,2,3.38,1014.7,13.5,99.99,12.098,33.627,422.3,417.3,415.5,410.7,4.8,417.1,412.2,4.9,8.022,2,-999,5,-999,5,274.7,2
CCE2_121W_34N,34.306,-120.806,04/16/2017,06:17,421.3,2,3.51,410.7,2,3.36,1015.4,13.2,100,11.849,33.635,422.8,412.1,416.4,405.9,10.5,418,407.5,10.5,7.961,2,-999,5,-999,5,248.3,2
CCE2_121W_34N,34.306,-120.806,04/16/2017,09:17,418,2,3.46,411.1,2,3.33,1015.1,13,99.99,11.749,33.632,419.5,412.5,413.1,406.2,6.9,414.6,407.7,6.9,7.977,2,-999,5,-999,5,252.4,2
CCE2_121W_34N,34.306,-120.806,04/16/2017,12:17,419.1,2,3.4,411.6,2,3.28,1014.7,12.9,99.99,11.774,33.63,420.5,413,413.9,406.5,7.4,415.5,408.1,7.4,7.966,2,-999,5,-999,5,247.1,2
CCE2_121W_34N,34.306,-120.806,04/16/2017,15:17,417.3,2,3.61,411.1,2,3.5,1015.9,13,100.03,11.853,33.627,418.8,412.6,412.7,406.6,6.1,414.2,408.1,6.1,8.013,2,-999,5,-999,5,267.8,2
CCE2_121W_34N,34.306,-120.806,04/16/2017,18:17,422.5,2,3.77,411,2,3.63,1017.5,13.3,99.99,12.324,33.633,424.1,412.5,418.4,407,11.4,420,408.5,11.5,7.976,2,-999,5,-999,5,256.1,2
CCE2_121W_34N,34.306,-120.806,04/16/2017,21:17,414.5,2,3.92,410.8,2,3.74,1017.4,13.9,99.97,12.321,33.632,416.1,412.4,410.5,406.8,3.7,412.1,408.4,3.7,8.021,2,-999,5,-999,5,277.1,2
CCE2_121W_34N,34.306,-120.806,04/17/2017,00:17,414,2,4.07,411,2,3.87,1017,14.5,100.01,13.114,33.581,415.6,412.6,409.6,406.6,3,411.1,408.1,3,8.042,2,-999,5,-999,5,295.4,2
CCE2_121W_34N,34.306,-120.806,04/17/2017,03:17,423.6,2,3.75,414.5,2,3.6,1017.1,14.4,100,12.483,33.626,425.2,416,419.3,410.3,9,420.9,411.8,9.1,7.972,2,-999,5,-999,5,270.1,2
CCE2_121W_34N,34.306,-120.806,04/17/2017,06:17,441.2,2,3.77,414.7,2,3.62,1017.8,14.1,99.96,12.753,33.504,442.9,416.2,436.9,410.6,26.3,438.5,412.1,26.4,7.933,2,-999,5,-999,5,234.1,2
CCE2_121W_34N,34.306,-120.806,04/17/2017,09:17,442.9,2,3.7,410.1,2,3.58,1017.1,13.9,99.94,12.432,33.564,444.5,411.5,438.3,405.8,32.5,440,407.4,32.6,7.9,2,-999,5,-999,5,223.9,2
CCE2_121W_34N,34.306,-120.806,04/17/2017,12:17,421.6,2,3.7,408.1,2,3.59,1016.7,13.7,99.97,12.205,33.548,423.2,409.6,417.2,403.8,13.4,418.8,405.3,13.4,7.905,2,-999,5,-999,5,224.8,2
CCE2_121W_34N,34.306,-120.806,04/17/2017,15:17,419.7,2,3.71,408.2,2,3.61,1017.3,13.6,99.97,12.14,33.547,421.3,409.7,415.6,404.2,11.4,417.2,405.7,11.5,7.911,2,-999,5,-999,5,225.9,2
CCE2_121W_34N,34.306,-120.806,04/17/2017,18:17,427.9,2,3.81,415.3,2,3.7,1018.5,13.5,99.96,12.122,33.458,429.5,416.8,424.3,411.7,12.6,425.9,413.3,12.6,7.947,2,-999,5,-999,5,236.2,2
CCE2_121W_34N,34.306,-120.806,04/17/2017,21:17,429.5,2,4.1,415.1,2,4.04,1017.9,14,99.97,12.222,33.436,431.3,416.8,425.8,411.5,14.3,427.4,413,14.4,7.957,2,-999,5,-999,5,241.3,2
CCE2_121W_34N,34.306,-120.806,04/18/2017,00:17,-999,4,3.92,-999,4,3.85,1017.6,14.6,99.99,13.695,33.508,-999,-999,-999,-999,-999,-999,-999,-999,7.945,2,-999,5,-999,5,244.1,2
CCE2_121W_34N,34.306,-120.806,04/18/2017,03:17,418.5,2,3.85,407.6,2,3.78,1017.6,14.9,99.99,12.943,33.326,420.1,409.1,414.3,403.5,10.9,415.9,405,10.9,7.98,2,-999,5,-999,5,247,2
CCE2_121W_34N,34.306,-120.806,04/18/2017,06:17,418.6,2,3.81,408.1,2,3.71,1018,14.4,99.98,12.619,33.373,420.2,409.7,414.7,404.3,10.4,416.3,405.8,10.5,7.963,2,-999,5,-999,5,241.4,2
CCE2_121W_34N,34.306,-120.806,04/18/2017,09:17,-999,4,3.79,-999,4,3.69,1017.1,14.1,99.99,12.672,33.458,-999,-999,-999,-999,-999,-999,-999,-999,7.946,2,-999,5,-999,5,242,2
CCE2_121W_34N,34.306,-120.806,04/18/2017,12:17,-999,4,3.74,-999,4,3.65,1016.2,13.9,99.98,12.23,33.499,-999,-999,-999,-999,-999,-999,-999,-999,7.948,2,-999,5,-999,5,241.5,2
CCE2_121W_34N,34.306,-120.806,04/18/2017,15:17,-999,4,3.69,-999,4,3.61,1018.2,13.7,99.99,12.43,33.439,-999,-999,-999,-999,-999,-999,-999,-999,7.95,2,-999,5,-999,5,241.8,2
CCE2_121W_34N,34.306,-120.806,04/18/2017,18:17,417.7,2,3.73,409,2,3.66,1018.6,13.7,99.96,12.434,33.384,419.3,410.5,414.1,405.4,8.6,415.6,407,8.7,7.967,2,-999,5,-999,5,244.1,2
CCE2_121W_34N,34.306,-120.806,04/18/2017,21:17,414.6,2,3.87,407.8,2,3.82,1018.1,13.9,99.98,12.539,33.373,416.3,409.4,410.8,404,6.8,412.4,405.5,6.8,7.973,2,-999,5,-999,5,246.4,2
CCE2_121W_34N,34.306,-120.806,04/19/2017,00:17,419.4,2,4.04,414.5,2,3.97,1018,14.1,100,12.789,33.384,421.1,416.1,415.5,410.6,4.9,417.1,412.1,4.9,7.989,2,-999,5,-999,5,255.2,2
CCE2_121W_34N,34.306,-120.806,04/19/2017,03:17,424.4,2,3.71,414.8,2,3.67,1019.8,14.2,99.99,12.954,33.306,425.9,416.3,421,411.5,9.5,422.5,413,9.5,7.992,2,-999,5,-999,5,252.2,2
CCE2_121W_34N,34.306,-120.806,04/19/2017,06:17,417.9,2,3.79,409.6,2,3.73,1021,14.2,99.98,13.014,33.278,419.5,411.1,415.1,406.8,8.3,416.6,408.3,8.3,8.001,2,-999,5,-999,5,253.4,2
CCE2_121W_34N,34.306,-120.806,04/19/2017,09:17,423.9,2,3.69,408.1,2,3.64,1020.4,13.7,99.99,11.994,33.541,425.5,409.6,421.2,405.4,15.7,422.8,407,15.8,7.925,2,-999,5,-999,5,230.3,2
CCE2_121W_34N,34.306,-120.806,04/19/2017,12:17,439.6,2,3.54,410.2,2,3.54,1020.3,13.1,99.95,11.406,33.665,441.2,411.7,436.8,407.6,29.2,438.5,409.2,29.3,7.865,2,-999,5,-999,5,208.9,2
CCE2_121W_34N,34.306,-120.806,04/19/2017,15:17,446.1,2,3.57,414.3,2,3.54,1021.7,12.9,99.91,11.491,33.637,447.7,415.8,443.8,412.2,31.6,445.5,413.8,31.7,7.884,2,-999,5,-999,5,218.8,2
CCE2_121W_34N,34.306,-120.806,04/19/2017,18:17,429.5,2,3.59,413.2,2,3.58,1022.7,13.1,99.98,12.046,33.559,431,414.7,427.6,411.3,16.3,429.2,412.9,16.3,7.955,2,-999,5,-999,5,246.8,2
CCE2_121W_34N,34.306,-120.806,04/19/2017,21:17,422.2,2,3.67,409.3,2,3.64,1022.5,13.2,99.97,11.969,33.602,423.7,410.8,420.2,407.5,12.8,421.8,409,12.8,7.971,2,-999,5,-999,5,254.5,2
CCE2_121W_34N,34.306,-120.806,04/20/2017,00:17,416.4,2,3.72,408.9,2,3.68,1021.4,13.2,99.97,11.931,33.606,417.9,410.4,414.1,406.6,7.4,415.6,408.2,7.5,7.975,2,-999,5,-999,5,256.7,2
CCE2_121W_34N,34.306,-120.806,04/20/2017,03:17,421.5,2,3.57,413.1,2,3.48,1021.9,13.2,99.97,11.9,33.606,423,414.6,419.3,411,8.4,420.9,412.5,8.4,7.977,2,-999,5,-999,5,256,2
CCE2_121W_34N,34.306,-120.806,04/20/2017,06:17,418.8,2,3.61,413,2,3.54,1022.7,13.2,100,12.084,33.607,420.3,414.5,416.9,411.1,5.7,418.5,412.7,5.8,8.012,2,-999,5,-999,5,264.9,2
CCE2_121W_34N,34.306,-120.806,04/20/2017,09:17,413.8,2,3.69,409.9,2,3.65,1021.8,13.3,100.01,12.075,33.609,415.3,411.4,411.6,407.7,3.9,413.2,409.2,3.9,8.012,2,-999,5,-999,5,263.6,2
CCE2_121W_34N,34.306,-120.806,04/20/2017,12:17,412.2,2,3.68,408.5,2,3.62,1021.9,13.3,100,12.001,33.61,413.8,410,410.1,406.3,3.8,411.7,407.9,3.8,8.004,2,-999,5,-999,5,259.2,2
CCE2_121W_34N,34.306,-120.806,04/20/2017,15:17,415.3,2,3.65,411.1,2,3.64,1022.9,13.3,100,12.013,33.61,416.9,412.6,413.6,409.3,4.3,415.1,410.9,4.3,8.004,2,-999,5,-999,5,258.4,2
CCE2_121W_34N,34.306,-120.806,04/20/2017,18:17,414.1,2,3.71,412.4,2,3.68,1022.9,13.4,100,12.226,33.611,415.6,413.9,412.3,410.6,1.8,413.9,412.1,1.8,8.03,2,-999,5,-999,5,265.8,2
CCE2_121W_34N,34.306,-120.806,04/20/2017,21:17,414,2,3.74,414.4,2,3.71,1021.1,13.6,100.05,12.408,33.61,415.5,415.9,411.4,411.8,-0.4,413,413.3,-0.4,8.055,2,-999,5,-999,5,274.9,2
CCE2_121W_34N,34.306,-120.806,04/21/2017,00:17,410.1,2,3.82,408.7,2,3.81,1019.5,13.6,99.99,12.348,33.613,411.7,410.3,407,405.6,1.4,408.5,407.1,1.4,8.039,2,-999,5,-999,5,270.3,2
CCE2_121W_34N,34.306,-120.806,04/21/2017,03:17,410.8,2,3.63,410.5,2,3.57,1019.5,13.5,99.99,12.252,33.615,412.3,412,407.5,407.3,0.3,409.1,408.8,0.3,8.034,2,-999,5,-999,5,267.6,2
CCE2_121W_34N,34.306,-120.806,04/21/2017,06:17,411.2,2,3.63,411.9,2,3.57,1019.3,13.4,100,12.28,33.614,412.7,413.4,408,408.6,-0.6,409.5,410.1,-0.6,8.042,2,-999,5,-999,5,270.3,2
CCE2_121W_34N,34.306,-120.806,04/21/2017,09:17,415.8,2,3.72,413.1,2,3.65,1017.9,13.4,99.98,12.201,33.609,417.4,414.6,412,409.3,2.7,413.6,410.9,2.7,8.025,2,-999,5,-999,5,264.5,2
CCE2_121W_34N,34.306,-120.806,04/21/2017,12:17,416,2,3.67,413.4,2,3.58,1016.8,13.4,100.02,12.21,33.617,417.5,414.9,411.6,409.1,2.6,413.2,410.6,2.6,8.026,2,-999,5,-999,5,264,2
CCE2_121W_34N,34.306,-120.806,04/21/2017,15:17,412.2,2,3.63,412.6,2,3.61,1016.1,13.2,100.02,12.196,33.62,413.7,414.1,407.7,408,-0.3,409.2,409.5,-0.3,8.028,2,-999,5,-999,5,262.5,2
CCE2_121W_34N,34.306,-120.806,04/21/2017,18:17,413.8,2,3.69,413.1,2,3.58,1015.6,13.2,99.99,12.18,33.61,415.3,414.6,409,408.3,0.7,410.6,409.9,0.7,8.026,2,-999,5,-999,5,267.4,2
CCE2_121W_34N,34.306,-120.806,04/21/2017,21:17,417.5,2,3.73,415.8,2,3.64,1014.2,13.2,99.98,12.072,33.6,419,417.3,412.2,410.5,1.7,413.7,412,1.7,8.026,2,-999,5,-999,5,272.7,2
CCE2_121W_34N,34.306,-120.806,04/22/2017,00:17,415.3,2,3.88,414.4,2,3.81,1013.1,13.3,100.03,12.098,33.6,416.9,416,409.6,408.7,0.9,411.2,410.2,0.9,8.039,2,-999,5,-999,5,279,2
CCE2_121W_34N,34.306,-120.806,04/22/2017,03:17,414.8,2,3.71,411.8,2,3.59,1012.6,13.4,99.98,12.069,33.609,416.4,413.3,408.9,405.8,3,410.4,407.4,3.1,8.025,2,-999,5,-999,5,271.2,2
CCE2_121W_34N,34.306,-120.806,04/22/2017,06:17,415.2,2,3.63,409.4,2,3.53,1014,13.2,100.02,11.926,33.612,416.7,410.8,409.8,404.1,5.8,411.4,405.6,5.8,8.014,2,-999,5,-999,5,268,2
CCE2_121W_34N,34.306,-120.806,04/22/2017,09:17,423.9,2,3.55,409.5,2,3.5,1013.6,13.1,99.91,11.63,33.613,425.4,411,418.3,404.1,14.2,419.9,405.7,14.2,7.96,2,-999,5,-999,5,244.1,2
CCE2_121W_34N,34.306,-120.806,04/22/2017,12:17,425.3,2,3.52,411.6,2,3.42,1013.4,12.9,100,11.617,33.647,426.8,413,419.6,406.1,13.5,421.2,407.6,13.5,7.965,2,-999,5,-999,5,246.9,2
CCE2_121W_34N,34.306,-120.806,04/22/2017,15:17,417.2,2,3.69,410.1,2,3.55,1013.9,12.9,99.99,11.994,33.628,418.7,411.5,411.8,404.7,7.1,413.3,406.2,7.1,8.004,2,-999,5,-999,5,257.7,2
CCE2_121W_34N,34.306,-120.806,04/22/2017,18:17,412.5,2,3.72,409.1,2,3.51,1014.5,13.1,100,12.152,33.632,414,410.5,407.3,403.9,3.4,408.8,405.4,3.4,8.008,2,-999,5,-999,5,257.6,2
CCE2_121W_34N,34.306,-120.806,04/22/2017,21:17,412.6,2,3.71,411.3,2,3.6,1014.3,13.2,99.99,12.096,33.63,414.1,412.8,407.4,406.1,1.3,408.9,407.6,1.3,8.031,2,-999,5,-999,5,270.1,2
CCE2_121W_34N,34.306,-120.806,04/23/2017,00:17,430.4,2,3.78,411.8,2,3.71,1013.8,13,99.94,11.64,33.574,432.1,413.4,425,406.6,18.4,426.6,408.1,18.5,7.933,2,-999,5,-999,5,237.9,2
CCE2_121W_34N,34.306,-120.806,04/23/2017,03:17,431,2,3.62,413.9,2,3.54,1013.1,13.1,99.97,11.578,33.582,432.5,415.4,425.1,408.3,16.8,426.7,409.9,16.9,7.928,2,-999,5,-999,5,234.3,2
CCE2_121W_34N,34.306,-120.806,04/23/2017,06:17,431,2,3.52,411.2,2,3.44,1013.8,12.9,99.97,11.461,33.611,432.5,412.6,425.5,405.9,19.6,427.1,407.4,19.6,7.923,2,-999,5,-999,5,231.5,2
CCE2_121W_34N,34.306,-120.806,04/23/2017,09:17,433.9,2,3.48,410.6,2,3.44,1012.9,12.8,99.95,11.467,33.591,435.4,412,428,405,23,429.6,406.5,23.1,7.914,2,-999,5,-999,5,230.8,2
CCE2_121W_34N,34.306,-120.806,04/23/2017,12:17,433.8,2,3.46,412,2,3.37,1012.5,12.7,99.96,11.48,33.572,435.3,413.4,427.6,406.2,21.5,429.3,407.7,21.6,7.911,2,-999,5,-999,5,229.3,2
CCE2_121W_34N,34.306,-120.806,04/23/2017,15:17,433.3,2,3.46,412.3,2,3.46,1014.1,12.6,99.98,11.509,33.548,434.8,413.7,427.8,407.1,20.8,429.4,408.6,20.8,7.91,2,-999,5,-999,5,229,2
CCE2_121W_34N,34.306,-120.806,04/23/2017,18:17,430.6,2,3.5,410.7,2,3.42,1014.6,12.7,99.97,11.553,33.551,432.1,412.1,425.4,405.7,19.7,427,407.2,19.8,7.914,2,-999,5,-999,5,231,2
CCE2_121W_34N,34.306,-120.806,04/23/2017,21:17,429.9,2,3.51,409.8,2,3.52,1014.3,12.8,99.91,11.779,33.512,431.4,411.3,424.5,404.7,19.8,426.1,406.2,19.9,7.928,2,-999,5,-999,5,236.1,2
CCE2_121W_34N,34.306,-120.806,04/24/2017,00:17,433.2,2,3.57,413.2,2,3.56,1013.7,12.9,99.96,11.658,33.515,434.8,414.7,427.6,407.8,19.8,429.2,409.4,19.8,7.914,2,-999,5,-999,5,228.3,2
CCE2_121W_34N,34.306,-120.806,04/24/2017,03:17,431.6,2,3.5,413.1,2,3.43,1013.6,12.7,99.95,11.491,33.605,433.1,414.6,425.9,407.7,18.2,427.5,409.2,18.3,7.929,2,-999,5,-999,5,238.1,2
CCE2_121W_34N,34.306,-120.806,04/24/2017,06:17,430.7,2,3.53,411,2,3.46,1014.8,12.6,99.97,11.405,33.606,432.2,412.4,425.6,406.1,19.4,427.2,407.7,19.5,7.914,2,-999,5,-999,5,230.1,2
CCE2_121W_34N,34.306,-120.806,04/24/2017,09:17,434.1,2,3.42,411.4,2,3.38,1014.4,12.5,99.91,11.3,33.605,435.6,412.8,428.8,406.3,22.5,430.5,407.9,22.6,7.9,2,-999,5,-999,5,222.4,2
CCE2_121W_34N,34.306,-120.806,04/24/2017,12:17,443.1,2,3.33,412.8,2,3.28,1014.7,12.4,99.91,11.022,33.681,444.6,414.1,437.9,407.9,30,439.6,409.4,30.2,7.864,2,-999,5,-999,5,210.3,2
CCE2_121W_34N,34.306,-120.806,04/24/2017,15:17,447.1,2,3.43,412.5,2,3.41,1016.4,12.2,99.89,10.944,33.667,448.6,413.9,442.7,408.4,34.2,444.4,410,34.4,7.85,2,-999,5,-999,5,204.4,2
CCE2_121W_34N,34.306,-120.806,04/24/2017,18:17,444.2,2,3.42,410.4,2,3.37,1017.9,12.2,99.92,11.051,33.65,445.7,411.8,440.4,406.9,33.5,442,408.5,33.6,7.862,2,-999,5,-999,5,209.4,2
CCE2_121W_34N,34.306,-120.806,04/24/2017,21:17,440.7,2,3.48,409.2,2,3.43,1017.3,12.4,99.93,11.301,33.59,442.3,410.6,436.7,405.4,31.2,438.3,407,31.4,7.873,2,-999,5,-999,5,214.2,2
CCE2_121W_34N,34.306,-120.806,04/25/2017,00:17,443,2,3.61,412.9,2,3.61,1016,12.6,99.97,11.539,33.553,444.6,414.4,438.3,408.5,29.8,440,410.1,29.9,7.897,2,-999,5,-999,5,225.6,2
CCE2_121W_34N,34.306,-120.806,04/25/2017,03:17,442.8,2,3.49,412.6,2,3.48,1015.5,12.7,99.91,11.255,33.566,444.4,414.1,437.9,408.1,29.9,439.6,409.6,30,7.873,2,-999,5,-999,5,212.9,2
CCE2_121W_34N,34.306,-120.806,04/25/2017,06:17,445.3,2,3.53,410.9,2,3.46,1016.4,12.5,99.92,11.136,33.595,446.9,412.4,440.9,406.8,34.1,442.6,408.4,34.2,7.865,2,-999,5,-999,5,210.7,2
CCE2_121W_34N,34.306,-120.806,04/25/2017,09:17,436.7,2,3.42,410.4,2,3.38,1016,12.5,99.94,11.429,33.547,438.2,411.8,432,406,26,433.6,407.6,26.1,7.887,2,-999,5,-999,5,223.9,2
CCE2_121W_34N,34.306,-120.806,04/25/2017,12:17,441.2,2,3.41,411.2,2,3.33,1015.3,12.6,99.92,11.374,33.56,442.7,412.6,436.2,406.5,29.7,437.9,408.1,29.8,7.882,2,-999,5,-999,5,221.1,2
CCE2_121W_34N,34.306,-120.806,04/25/2017,15:17,441.9,2,3.49,413.9,2,3.51,1016.7,12.5,99.91,11.182,33.58,443.5,415.3,437.6,409.8,27.7,439.2,411.4,27.8,7.87,2,-999,5,-999,5,213.7,2
CCE2_121W_34N,34.306,-120.806,04/25/2017,18:17,445,2,3.5,412.7,2,3.42,1018.2,12.4,99.92,11.218,33.577,446.6,414.1,441.3,409.2,32.1,443,410.8,32.2,7.871,2,-999,5,-999,5,213.9,2
CCE2_121W_34N,34.306,-120.806,04/25/2017,21:17,441.9,2,3.48,412.3,2,3.42,1017.7,12.4,99.94,11.177,33.59,443.4,413.7,438,408.6,29.4,439.7,410.2,29.5,7.867,2,-999,5,-999,5,210.9,2
CCE2_121W_34N,34.306,-120.806,04/26/2017,00:17,441.2,2,3.55,411.5,2,3.56,1016.1,12.5,99.93,11.249,33.575,442.8,413,436.6,407.3,29.3,438.3,408.8,29.4,7.87,2,-999,5,-999,5,213.9,2
CCE2_121W_34N,34.306,-120.806,04/26/2017,03:17,441.9,2,3.48,412.4,2,3.43,1016.5,12.5,99.94,11.049,33.634,443.5,413.9,437.6,408.3,29.2,439.3,409.9,29.4,7.86,2,-999,5,-999,5,213.8,2
CCE2_121W_34N,34.306,-120.806,04/26/2017,06:17,449.5,2,3.36,414,2,3.37,1017.4,12.3,99.93,10.943,33.634,451,415.4,445.4,410.3,35.2,447.1,411.8,35.3,7.849,2,-999,5,-999,5,205.3,2
CCE2_121W_34N,34.306,-120.806,04/26/2017,09:17,443.6,2,3.4,412.7,2,3.39,1016.4,12.3,99.94,10.914,33.629,445.1,414.1,439.2,408.6,30.6,440.9,410.2,30.7,7.848,2,-999,5,-999,5,206.6,2
CCE2_121W_34N,34.306,-120.806,04/26/2017,12:17,446.4,2,3.42,412.8,2,3.4,1015.5,12.2,99.9,10.898,33.625,447.9,414.2,441.5,408.3,33.2,443.2,409.9,33.4,7.849,2,-999,5,-999,5,206.8,2
CCE2_121W_34N,34.306,-120.806,04/26/2017,15:17,450.3,2,3.42,414.1,2,3.41,1016.9,12,99.95,10.64,33.689,451.8,415.6,446.2,410.3,35.8,447.9,411.9,36,7.825,2,-999,5,-999,5,199.5,2
CCE2_121W_34N,34.306,-120.806,04/26/2017,18:17,441.8,2,3.41,414,2,3.4,1017.2,12.2,99.91,10.842,33.647,443.3,415.5,437.7,410.3,27.5,439.4,411.8,27.6,7.851,2,-999,5,-999,5,208.9,2
CCE2_121W_34N,34.306,-120.806,04/26/2017,21:17,449.8,2,3.48,410.3,2,3.5,1016.2,12.4,99.88,10.951,33.637,451.3,411.7,445.2,406.1,39.1,446.9,407.7,39.2,7.852,2,-999,5,-999,5,209.4,2
CCE2_121W_34N,34.306,-120.806,04/27/2017,00:17,439.7,2,3.49,411,2,3.51,1015.5,12.4,99.99,10.967,33.639,441.3,412.5,435,406.6,28.4,436.7,408.2,28.5,7.864,2,-999,5,-999,5,217,2
CCE2_121W_34N,34.306,-120.806,04/27/2017,03:17,453.5,2,3.43,413.8,2,3.42,1014.9,12.3,99.89,10.748,33.733,455,415.2,448.4,409.1,39.3,450.1,410.7,39.4,7.842,2,-999,5,-999,5,211.7,2
CCE2_121W_34N,34.306,-120.806,04/27/2017,06:17,454.9,2,3.4,416.7,2,3.42,1015,12.2,99.88,10.651,33.75,456.4,418.1,449.8,412.1,37.8,451.6,413.6,37.9,7.834,2,-999,5,-999,5,209,2
CCE2_121W_34N,34.306,-120.806,04/27/2017,09:17,443.7,2,3.36,410.5,2,3.34,1015,12.1,99.89,10.695,33.765,445.2,411.9,438.7,405.9,32.8,440.4,407.5,32.9,7.839,2,-999,5,-999,5,213.7,2
CCE2_121W_34N,34.306,-120.806,04/27/2017,12:17,457.1,2,3.34,413.9,2,3.34,1014.1,12,99.86,10.604,33.751,458.7,415.3,451.6,408.9,42.7,453.4,410.5,42.9,7.824,2,-999,5,-999,5,204.1,2
CCE2_121W_34N,34.306,-120.806,04/27/2017,15:17,454.2,2,3.3,415.2,2,3.29,1015,11.9,99.92,10.563,33.726,455.7,416.5,449.1,410.5,38.6,450.8,412.1,38.7,7.819,2,-999,5,-999,5,196.7,2
CCE2_121W_34N,34.306,-120.806,04/27/2017,18:17,453.3,2,3.39,415.7,2,3.38,1015.2,11.9,99.94,10.605,33.734,454.9,417.1,448.4,411.2,37.3,450.1,412.7,37.4,7.826,2,-999,5,-999,5,199.9,2
CCE2_121W_34N,34.306,-120.806,04/27/2017,21:17,455.5,2,3.36,417.2,2,3.37,1014.2,12,99.9,10.645,33.738,457,418.6,450,412.2,37.8,451.7,413.8,38,7.834,2,-999,5,-999,5,204.6,2
CCE2_121W_34N,34.306,-120.806,04/28/2017,00:17,454.5,2,3.34,415.4,2,3.34,1012.7,12,99.98,10.715,33.725,456,416.8,448.4,409.8,38.5,450.1,411.4,38.7,7.84,2,-999,5,-999,5,208.9,2
CCE2_121W_34N,34.306,-120.806,04/28/2017,03:17,469,2,3.24,418.5,2,3.25,1013,11.8,99.92,10.439,33.73,470.5,419.9,462.9,413.1,49.8,464.6,414.7,50,7.806,2,-999,5,-999,5,190.3,2
CCE2_121W_34N,34.306,-120.806,04/28/2017,06:17,463,2,3.23,414.5,2,3.21,1013.6,11.6,99.92,10.417,33.712,464.5,415.8,457.2,409.3,47.9,459,410.9,48.1,7.809,2,-999,5,-999,5,188.8,2
CCE2_121W_34N,34.306,-120.806,04/28/2017,09:17,469.6,2,3.22,415.2,2,3.23,1013.1,11.5,99.86,10.237,33.803,471.1,416.5,463.6,409.9,53.7,465.3,411.4,53.9,7.795,2,-999,5,-999,5,185.4,2
CCE2_121W_34N,34.306,-120.806,04/28/2017,12:17,464,2,3.12,412.8,2,3.14,1013.6,11.5,99.96,10.16,33.813,465.4,414.1,458.2,407.7,50.5,460,409.3,50.7,7.784,2,-999,5,-999,5,181.2,2
CCE2_121W_34N,34.306,-120.806,04/28/2017,15:17,469.3,2,3.21,415.1,2,3.23,1014.8,11.3,99.88,10.071,33.805,470.8,416.4,464.1,410.5,53.6,465.9,412.1,53.8,7.782,2,-999,5,-999,5,182.5,2
CCE2_121W_34N,34.306,-120.806,04/28/2017,18:17,465.1,2,3.24,416.1,2,3.23,1015.1,11.4,99.88,10.056,33.807,466.6,417.4,460.1,411.6,48.5,461.9,413.2,48.7,7.78,2,-999,5,-999,5,172.7,2
CCE2_121W_34N,34.306,-120.806,04/28/2017,21:17,456.4,2,3.3,412.2,2,3.29,1013.6,11.5,99.9,10.307,33.808,457.9,413.6,450.7,407.1,43.6,452.5,408.7,43.8,7.799,2,-999,5,-999,5,188.6,2
CCE2_121W_34N,34.306,-120.806,04/29/2017,00:17,467.7,2,3.22,414.5,2,3.23,1011.8,11.5,99.86,10.061,33.825,469.3,415.9,461.2,408.7,52.5,463,410.3,52.7,7.779,2,-999,5,-999,5,173.8,2
CCE2_121W_34N,34.306,-120.806,04/29/2017,03:17,460.9,2,3.13,414.8,2,3.16,1012.8,11.5,99.93,10.701,33.644,462.4,416.1,454.7,409.2,45.5,456.4,410.8,45.7,7.828,2,-999,5,-999,5,202.5,2
CCE2_121W_34N,34.306,-120.806,04/29/2017,06:17,460.2,2,3.24,412.8,2,3.21,1014.4,11.6,99.9,10.074,33.832,461.7,414.1,454.9,408,46.9,456.7,409.6,47.1,7.778,2,-999,5,-999,5,182.5,2
CCE2_121W_34N,34.306,-120.806,04/29/2017,09:17,441,2,3.27,413.7,2,3.2,1014.8,11.5,99.96,10.462,33.766,442.5,415,436,409,27.1,437.7,410.5,27.2,7.821,2,-999,5,-999,5,203.4,2
CCE2_121W_34N,34.306,-120.806,04/29/2017,12:17,450.5,2,3.17,415.1,2,3.13,1015,11.6,99.92,10.309,33.79,452,416.4,445.6,410.5,35.1,447.3,412.1,35.2,7.803,2,-999,5,-999,5,193.6,2
CCE2_121W_34N,34.306,-120.806,04/29/2017,15:17,451.4,2,3.31,418.3,2,3.31,1017.2,11.5,99.95,10.339,33.814,452.9,419.7,447.4,414.6,32.8,449.1,416.2,32.9,7.808,2,-999,5,-999,5,202.9,2
CCE2_121W_34N,34.306,-120.806,04/29/2017,18:17,450,2,3.32,414.6,2,3.31,1018.5,11.7,99.9,10.463,33.671,451.5,416,446.6,411.5,35.1,448.3,413,35.3,7.813,2,-999,5,-999,5,192.7,2
CCE2_121W_34N,34.306,-120.806,04/29/2017,21:17,433.8,2,3.5,414.8,2,3.45,1018.3,12.2,99.99,10.969,33.763,435.4,416.2,430.4,411.4,19,432,413,19,7.835,2,-999,5,-999,5,217.6,2
CCE2_121W_34N,34.306,-120.806,04/30/2017,00:17,439.6,2,3.61,418.5,2,3.56,1017.6,12.5,99.92,11.008,33.76,441.2,420,435.8,414.9,20.9,437.5,416.5,21,7.847,2,-999,5,-999,5,222.7,2
CCE2_121W_34N,34.306,-120.806,04/30/2017,03:17,442.5,2,3.36,418.1,2,3.34,1018.5,12.5,99.97,11.229,33.598,444,419.5,438.9,414.6,24.3,440.6,416.2,24.4,7.84,2,-999,5,-999,5,208.3,2
CCE2_121W_34N,34.306,-120.806,04/30/2017,06:17,431.6,2,3.34,412,2,3.3,1019.3,12.5,99.99,11.326,33.555,433,413.4,428.4,409,19.4,430,410.5,19.5,7.857,2,-999,5,-999,5,218,2
CCE2_121W_34N,34.306,-120.806,04/30/2017,09:17,437.1,2,3.39,411.1,2,3.35,1018.6,12.4,99.94,10.865,33.567,438.6,412.4,433.8,407.9,25.9,435.4,409.4,26,7.854,2,-999,5,-999,5,207.9,2
CCE2_121W_34N,34.306,-120.806,04/30/2017,12:17,446.8,2,3.32,414.3,2,3.29,1017.7,12.1,99.91,10.622,33.616,448.3,415.7,443,410.7,32.3,444.7,412.3,32.4,7.835,2,-999,5,-999,5,197.1,2
CCE2_121W_34N,34.306,-120.806,04/30/2017,15:17,445.8,2,3.42,415.5,2,3.43,1018.8,11.9,99.89,10.529,33.64,447.3,416.9,442.6,412.5,30.1,444.3,414,30.2,7.83,2,-999,5,-999,5,194.7,2
CCE2_121W_34N,34.306,-120.806,04/30/2017,18:17,443.3,2,3.4,412.6,2,3.35,1019.6,12,99.9,10.716,33.617,444.9,414,440.4,409.8,30.6,442.1,411.4,30.7,7.841,2,-999,5,-999,5,200,2
CCE2_121W_34N,34.306,-120.806,04/30/2017,21:17,440.1,2,3.44,411.9,2,3.43,1018.6,12.3,99.92,10.98,33.602,441.6,413.4,436.6,408.7,27.9,438.3,410.3,28,7.848,2,-999,5,-999,5,208.6,2
CCE2_121W_34N,34.306,-120.806,05/01/2017,00:17,441.1,2,3.58,415.6,2,3.54,1017.2,12.3,99.93,10.864,33.639,442.7,417.1,437.2,411.9,25.3,438.9,413.5,25.4,7.839,2,-999,5,-999,5,202.7,2
CCE2_121W_34N,34.306,-120.806,05/01/2017,03:17,447.2,2,3.32,418.7,2,3.28,1016.4,12.3,99.92,10.782,33.645,448.7,420.1,442.8,414.6,28.2,444.5,416.1,28.3,7.842,2,-999,5,-999,5,202.9,2
CCE2_121W_34N,34.306,-120.806,05/01/2017,06:17,439.3,2,3.4,413,2,3.35,1016.2,12.2,99.92,10.806,33.637,440.8,414.3,434.9,408.8,26.1,436.5,410.4,26.2,7.836,2,-999,5,-999,5,202.3,2
CCE2_121W_34N,34.306,-120.806,05/01/2017,09:17,442.2,2,3.35,411.9,2,3.31,1015,12.2,99.9,10.694,33.678,443.6,413.2,437.2,407.2,30,438.9,408.8,30.1,7.833,2,-999,5,-999,5,202.6,2
CCE2_121W_34N,34.306,-120.806,05/01/2017,12:17,450,2,3.31,417,2,3.27,1014.7,12,99.91,10.649,33.731,451.5,418.4,444.9,412.2,32.7,446.6,413.8,32.8,7.828,2,-999,5,-999,5,204.8,2
CCE2_121W_34N,34.306,-120.806,05/01/2017,15:17,447.6,2,3.5,417.2,2,3.46,1015.1,12,99.93,10.683,33.758,449.2,418.7,442.7,412.6,30.1,444.4,414.2,30.2,7.828,2,-999,5,-999,5,208.5,2
CCE2_121W_34N,34.306,-120.806,05/01/2017,18:17,453.4,2,3.47,426.1,2,3.4,1015.5,12.2,99.95,10.976,33.772,454.9,427.6,448.5,421.5,27,450.2,423.1,27.1,7.841,2,-999,5,-999,5,217.7,2
CCE2_121W_34N,34.306,-120.806,05/01/2017,21:17,448.6,2,3.77,416.2,2,3.7,1013.9,12.9,99.97,11.722,33.805,450.3,417.8,442.9,410.9,32,444.6,412.5,32.1,7.833,2,-999,5,-999,5,219.7,2
CCE2_121W_34N,34.306,-120.806,05/02/2017,00:17,448,2,3.8,417.8,2,3.81,1012,13.6,99.98,11.858,33.789,449.7,419.4,441.4,411.7,29.7,443.1,413.3,29.8,7.835,2,-999,5,-999,5,226.3,2
CCE2_121W_34N,34.306,-120.806,05/02/2017,03:17,442.7,2,3.63,417.3,2,3.61,1011.6,13.2,99.95,11.577,33.782,444.3,418.8,436.1,411,25,437.7,412.6,25.1,7.864,2,-999,5,-999,5,236.1,2
CCE2_121W_34N,34.306,-120.806,05/02/2017,06:17,438,2,3.57,417.9,2,3.52,1012,12.9,99.98,11.476,33.726,439.6,419.4,431.6,411.8,19.8,433.3,413.4,19.9,7.909,2,-999,5,-999,5,242.8,2
CCE2_121W_34N,34.306,-120.806,05/02/2017,09:17,440.1,2,3.54,414.6,2,3.49,1011.6,12.7,99.99,11.14,33.692,441.7,416.1,433.7,408.5,25.2,435.3,410,25.3,7.886,2,-999,5,-999,5,221.3,2
CCE2_121W_34N,34.306,-120.806,05/02/2017,12:17,431.8,2,3.56,412.3,2,3.49,1012.1,12.5,99.93,11.237,33.638,433.4,413.7,425.7,406.4,19.3,427.3,407.9,19.4,7.892,2,-999,5,-999,5,215.7,2
CCE2_121W_34N,34.306,-120.806,05/02/2017,15:17,428,2,3.78,418.2,2,3.73,1013.6,12.7,99.96,11.661,33.619,429.7,419.8,422.5,412.8,9.7,424.1,414.4,9.7,7.948,2,-999,5,-999,5,244.1,2
CCE2_121W_34N,34.306,-120.806,05/02/2017,18:17,422.6,2,3.85,416,2,3.76,1013.7,13.3,100.01,12.419,33.605,424.2,417.5,416.9,410.4,6.6,418.5,411.9,6.6,8.003,2,-999,5,-999,5,270.4,2
CCE2_121W_34N,34.306,-120.806,05/02/2017,21:17,424.1,2,4.18,413.9,2,4.07,1012.8,14.1,99.99,12.928,33.593,425.9,415.5,418,407.8,10.2,419.6,409.4,10.2,7.985,2,-999,5,-999,5,262.4,2
CCE2_121W_34N,34.306,-120.806,05/03/2017,00:17,418.5,2,4.35,411.7,2,4.21,1011.7,15.2,100.02,12.839,33.66,420.3,413.4,412.1,405.4,6.8,413.7,406.9,6.8,8.026,2,-999,5,-999,5,281.6,2
CCE2_121W_34N,34.306,-120.806,05/03/2017,03:17,415.7,2,3.99,412.7,2,3.94,1011.3,14.7,100,12.226,33.647,417.4,414.3,409.3,406.3,3,410.8,407.8,3,8.002,2,-999,5,-999,5,279,2
CCE2_121W_34N,34.306,-120.806,05/03/2017,06:17,422,2,3.84,416.1,2,3.77,1012.3,13.7,100.09,11.951,33.675,423.6,417.7,415.9,410.1,5.8,417.5,411.6,5.8,7.983,2,-999,5,-999,5,270.3,2
CCE2_121W_34N,34.306,-120.806,05/03/2017,09:17,430.4,2,3.73,415,2,3.65,1012.2,13.2,99.98,11.5,33.664,432,416.5,424.2,409.1,15.2,425.8,410.6,15.2,7.93,2,-999,5,-999,5,241.7,2
CCE2_121W_34N,34.306,-120.806,05/03/2017,12:17,417.6,2,3.91,414.7,2,3.83,1012.5,13.8,100.03,13.355,33.53,419.2,416.3,411.2,408.3,2.8,412.7,409.8,2.9,8.037,2,-999,5,-999,5,274,2
CCE2_121W_34N,34.306,-120.806,05/03/2017,15:17,404.9,2,3.94,409.5,2,3.87,1014.1,14.6,100.05,13.779,33.472,406.5,411.1,399.2,403.7,-4.5,400.7,405.2,-4.5,8.071,2,-999,5,-999,5,280.9,2
CCE2_121W_34N,34.306,-120.806,05/03/2017,18:17,405.4,2,4.29,410.1,2,4.22,1014.8,14.8,100.02,13.89,33.465,407.2,411.9,400.1,404.7,-4.6,401.6,406.2,-4.6,8.082,2,-999,5,-999,5,286.1,2
CCE2_121W_34N,34.306,-120.806,05/03/2017,21:17,413.6,2,4.39,415.7,2,4.34,1014.6,15.1,100.04,13.957,33.469,415.4,417.5,408.1,410.1,-2,409.6,411.6,-2.1,8.063,2,-999,5,-999,5,283.1,2
CCE2_121W_34N,34.306,-120.806,05/04/2017,00:17,411.8,2,4.09,414.8,2,4.07,1013.2,14.8,100.06,12.438,33.672,413.5,416.5,406.1,409.2,-3,407.7,410.7,-3,8.083,2,-999,5,-999,5,314.8,2
CCE2_121W_34N,34.306,-120.806,05/04/2017,03:17,428.2,2,3.58,414.9,2,3.53,1013.5,13.8,100.05,11.748,33.644,429.8,416.3,422.6,409.3,13.2,424.2,410.9,13.3,7.945,2,-999,5,-999,5,253.8,2
CCE2_121W_34N,34.306,-120.806,05/04/2017,06:17,419.3,2,3.5,411.1,2,3.44,1014.5,13.1,100.02,11.802,33.628,420.8,412.5,414.1,406,8.2,415.7,407.5,8.2,7.946,2,-999,5,-999,5,253.4,2
CCE2_121W_34N,34.306,-120.806,05/04/2017,09:17,412.7,2,3.46,409.5,2,3.4,1014.3,12.9,100.02,11.905,33.691,414.1,410.9,407.4,404.3,3.2,408.9,405.8,3.2,8.015,2,-999,5,-999,5,278.1,2
CCE2_121W_34N,34.306,-120.806,05/04/2017,12:17,427.7,2,3.38,418.3,2,3.31,1014.5,12.7,100,11.927,33.694,429.2,419.7,422.3,413,9.3,423.9,414.6,9.3,7.982,2,-999,5,-999,5,270.6,2
CCE2_121W_34N,34.306,-120.806,05/04/2017,15:17,426,2,3.46,416.2,2,3.39,1015.1,12.7,99.99,11.812,33.701,427.5,417.7,421,411.3,9.7,422.5,412.8,9.7,8.012,2,-999,5,-999,5,284.4,2
CCE2_121W_34N,34.306,-120.806,05/04/2017,18:17,424.7,2,3.74,410,2,3.67,1015.5,12.8,100.03,12.62,33.535,426.3,411.5,419.6,405.1,14.5,421.2,406.6,14.6,8.015,2,-999,5,-999,5,264.1,2
CCE2_121W_34N,34.306,-120.806,05/04/2017,21:17,426.4,2,4.15,407.8,2,4.04,1014.8,13.9,100,12.956,33.553,428.2,409.4,421,402.6,18.4,422.6,404.1,18.5,-999,4,-999,5,-999,5,290.2,2
CCE2_121W_34N,34.306,-120.806,05/05/2017,00:17,-999,4,4.08,-999,4,3.99,1013.7,14.4,100,12.93,33.575,-999,-999,-999,-999,-999,-999,-999,-999,8.083,2,-999,5,-999,5,301.1,2
CCE2_121W_34N,34.306,-120.806,05/05/2017,03:17,-999,4,3.8,-999,4,3.73,1012.8,14.1,100.04,12.633,33.58,-999,-999,-999,-999,-999,-999,-999,-999,8.073,2,-999,5,-999,5,297.6,2
CCE2_121W_34N,34.306,-120.806,05/05/2017,06:17,-999,4,3.72,-999,4,3.64,1013.8,13.5,99.99,11.923,33.555,-999,-999,-999,-999,-999,-999,-999,-999,7.958,2,-999,5,-999,5,253.9,2
CCE2_121W_34N,34.306,-120.806,05/05/2017,09:17,417,2,3.65,408.9,2,3.57,1013.1,13.1,99.97,11.869,33.518,418.5,410.4,411.2,403.3,8,412.8,404.8,8,7.952,2,-999,5,-999,5,246.9,2
CCE2_121W_34N,34.306,-120.806,05/05/2017,12:17,420.4,2,3.62,409.2,2,3.55,1012.4,13.1,100.01,11.765,33.596,421.9,410.7,414.4,403.4,11,416,404.9,11.1,7.934,2,-999,5,-999,5,246.6,2
CCE2_121W_34N,34.306,-120.806,05/05/2017,15:17,-999,4,3.66,-999,4,3.59,1013.2,13,100.02,12.255,33.595,-999,-999,-999,-999,-999,-999,-999,-999,8.012,2,-999,5,-999,5,268.4,2
CCE2_121W_34N,34.306,-120.806,05/05/2017,18:17,419.8,2,3.74,414.8,2,3.68,1014.1,13.2,99.99,12.213,33.622,421.4,416.3,414.4,409.4,5,416,410.9,5,8.024,2,-999,5,-999,5,273.9,2
CCE2_121W_34N,34.306,-120.806,05/05/2017,21:17,411,2,3.93,408.2,2,3.85,1013.3,13.3,100.02,12.084,33.643,412.6,409.7,405.5,402.6,2.8,407,404.1,2.9,8.02,2,-999,5,-999,5,273.9,2
CCE2_121W_34N,34.306,-120.806,05/06/2017,00:17,409.9,2,3.92,407.8,2,3.85,1011.3,13.3,100.02,12.124,33.646,411.5,409.4,403.5,401.5,2.1,405.1,403,2.1,8.033,2,-999,5,-999,5,279.8,2
CCE2_121W_34N,34.306,-120.806,05/06/2017,03:17,418.1,2,3.71,414.9,2,3.65,1011.4,13.3,100.01,12.006,33.662,419.7,416.4,411.6,408.5,3.2,413.2,410,3.2,8.014,2,-999,5,-999,5,272.4,2
CCE2_121W_34N,34.306,-120.806,05/06/2017,06:17,421.8,2,3.56,415.9,2,3.47,1012.2,13.1,100.02,11.849,33.718,423.3,417.4,415.6,409.8,5.8,417.2,411.3,5.8,8.016,2,-999,5,-999,5,268.9,2
CCE2_121W_34N,34.306,-120.806,05/06/2017,09:17,415.8,2,3.49,412.9,2,3.42,1011.7,12.8,100.02,11.923,33.747,417.2,414.4,409.4,406.6,2.8,411,408.1,2.8,8.017,2,-999,5,-999,5,263.8,2
CCE2_121W_34N,34.306,-120.806,05/06/2017,12:17,413.2,2,3.42,411.5,2,3.31,1011.8,12.8,100.01,12.005,33.764,414.6,412.9,406.9,405.2,1.7,408.4,406.7,1.7,8.026,2,-999,5,-999,5,263.9,2
CCE2_121W_34N,34.306,-120.806,05/06/2017,15:17,419.1,2,3.54,414.5,2,3.38,1012.7,12.2,100,11.653,33.774,420.6,415.9,413.2,408.6,4.6,414.8,410.1,4.6,7.978,2,-999,5,-999,5,241.3,2
CCE2_121W_34N,34.306,-120.806,05/06/2017,18:17,420.1,2,3.57,413.4,2,3.39,1013.2,12,99.95,11.588,33.785,421.6,414.9,414.5,407.8,6.7,416,409.3,6.7,7.985,2,-999,5,-999,5,243.2,2
CCE2_121W_34N,34.306,-120.806,05/06/2017,21:17,418.1,2,3.6,411.7,2,3.39,1012.3,12,99.99,11.621,33.788,419.7,413.1,412.2,405.7,6.5,413.7,407.3,6.5,7.998,2,-999,5,-999,5,250.7,2
CCE2_121W_34N,34.306,-120.806,05/07/2017,00:17,417.9,2,3.61,413.7,2,3.35,1010.2,12.1,99.96,11.62,33.793,419.4,415.1,411.1,406.8,4.2,412.6,408.4,4.2,8.011,2,-999,5,-999,5,257.1,2
CCE2_121W_34N,34.306,-120.806,05/07/2017,03:17,422.8,2,3.27,415.7,2,3.13,1008.9,12,99.99,11.394,33.779,424.2,417,415.2,408.2,7.1,416.8,409.7,7.1,7.958,2,-999,5,-999,5,239,2
CCE2_121W_34N,34.306,-120.806,05/07/2017,06:17,423.3,2,3.45,415.1,2,3.28,1008.6,11.9,99.97,11.36,33.779,424.7,416.4,415.7,407.6,8.1,417.3,409.1,8.2,7.951,2,-999,5,-999,5,238,2
CCE2_121W_34N,34.306,-120.806,05/07/2017,09:17,421.4,2,3.44,413.4,2,3.27,1008.6,12.1,99.96,11.379,33.781,422.8,414.7,413.8,405.9,7.9,415.4,407.4,8,7.957,2,-999,5,-999,5,240,2
CCE2_121W_34N,34.306,-120.806,05/07/2017,12:17,420,2,3.49,412.6,2,3.32,1009.3,12.2,99.96,11.408,33.788,421.5,414,412.8,405.4,7.3,414.3,407,7.3,7.965,2,-999,5,-999,5,242,2
CCE2_121W_34N,34.306,-120.806,05/07/2017,15:17,417.7,2,3.39,412.5,2,3.27,1010.8,12.3,99.98,11.763,33.767,419.1,413.8,410.9,405.8,5.1,412.5,407.3,5.2,8.005,2,-999,5,-999,5,256.6,2
CCE2_121W_34N,34.306,-120.806,05/07/2017,18:17,422,2,3.5,416.3,2,3.37,1011.6,12.4,99.95,11.788,33.765,423.5,417.7,415.6,409.9,5.7,417.1,411.4,5.7,8.015,2,-999,5,-999,5,261.8,2
CCE2_121W_34N,34.306,-120.806,05/07/2017,21:17,415.4,2,3.41,414.5,2,3.28,1012.1,12.4,100,11.774,33.76,416.8,415.9,409.2,408.3,0.9,410.8,409.8,0.9,8.054,2,-999,5,-999,5,279.5,2
CCE2_121W_34N,34.306,-120.806,05/08/2017,00:17,418.5,2,3.71,415.4,2,3.54,1011.9,12.5,100.03,11.766,33.757,420.1,416.9,412.3,409.2,3.2,413.9,410.7,3.2,8.052,2,-999,5,-999,5,285.1,2
