Mooring Name,Latitude,Longitude,Date,Time,xCO2  SW (wet) (umol/mol),CO2 SW QF,H2O SW (mmol/mol),xCO2  Air (wet) (umol/mol),CO2 Air QF,H2O Air (mmol/mol),Licor Atm Pressure  (hPa),Licor Temp (C),MAPCO2 %O2,SST (C),Salinity,xCO2  SW (dry) (umol/mol),xCO2  Air (dry) (umol/mol),fCO2  SW (sat) uatm,fCO2  Air (sat) uatm,dfCO2,pCO2 SW (sat) uatm,pCO2 Air (sat) uatm,dpCO2,     pH_SW (Total Scale),QF_pH
NH10,44.648,-124.298,10/12/2014,23:17,350.8,2,2.54,405.5,2,2.27,1020.5,18.7,100.32,-999,-999,351.7,406.4,-999,-999,-999,-999,-999,-999,-999,5
NH10,44.648,-124.298,10/12/2014,23:47,346.4,2,2.31,402.2,2,2.08,1020.1,19.2,100.75,-999,-999,347.2,403.1,-999,-999,-999,-999,-999,-999,-999,5
NH10,44.648,-124.298,10/13/2014,0:17,351.2,2,2.26,404.7,2,2.03,1019.8,19.6,100.98,16.7,31.928,352,405.5,346.5,399.2,-52.7,347.7,400.6,-52.9,-999,5
NH10,44.648,-124.298,10/13/2014,0:47,343.7,2,2.27,402,2,2.06,1019.4,19.9,101.25,16.7,31.928,344.5,402.9,339,396.5,-57.5,340.2,397.9,-57.7,-999,5
NH10,44.648,-124.298,10/13/2014,1:17,351.2,2,2.25,405.3,2,2.04,1019,20,101.47,16.7,31.928,352,406.1,346.3,399.6,-53.3,347.5,401,-53.4,-999,5
NH10,44.648,-124.298,10/13/2014,1:47,346.2,2,2.23,404.8,2,2,1018.8,20,101.6,-999,-999,347,405.6,-999,-999,-999,-999,-999,-999,-999,5
NH10,44.648,-124.298,10/13/2014,2:17,344.1,2,2.23,403.9,2,2.01,1018.6,19.8,101.69,-999,-999,344.9,404.7,-999,-999,-999,-999,-999,-999,-999,5
NH10,44.648,-124.298,10/13/2014,3:17,338.1,2,2.95,402.8,2,2.72,1018.6,18.7,101.83,16.434,31.923,339.1,403.9,333.5,397.3,-63.8,334.7,398.7,-64,-999,5
NH10,44.648,-124.298,10/13/2014,6:17,347.2,2,3.29,411.3,2,3.08,1016.3,17.2,101.85,16.349,31.923,348.4,412.6,341.9,405,-63,343.1,406.4,-63.3,-999,5
NH10,44.648,-124.298,10/13/2014,9:17,338.6,2,3.2,409.3,2,2.99,1014.1,16.6,101.9,15.953,31.967,339.7,410.5,332.8,402.2,-69.4,334,403.7,-69.7,-999,5
NH10,44.648,-124.298,10/13/2014,12:17,341.1,2,3.11,417.4,2,2.91,1011.4,16.4,102.06,15.957,31.967,342.1,418.6,334.3,409,-74.7,335.5,410.5,-75,-999,5
NH10,44.648,-124.298,10/13/2014,15:17,339.6,2,3.28,410,2,3,1011.4,16.1,102.08,15.927,31.975,340.7,411.2,332.9,401.8,-68.9,334.1,403.2,-69.1,-999,5
NH10,44.648,-124.298,10/13/2014,18:17,406.1,2,3.38,415,2,3.1,1011,16.6,100.1,15.699,31.99,407.5,416.2,398.1,406.7,-8.5,399.5,408.1,-8.6,-999,5
NH10,44.648,-124.298,10/13/2014,21:17,394.1,2,3.4,403.9,2,3.02,1009.8,16.7,99.98,15.729,32.014,395.4,405.1,385.9,395.3,-9.5,387.2,396.8,-9.5,-999,5
NH10,44.648,-124.298,10/14/2014,0:17,384.6,2,3.23,398.2,2,2.82,1008.4,16.6,99.97,15.63,32.016,385.8,399.4,376,389.2,-13.2,377.3,390.6,-13.2,-999,5
NH10,44.648,-124.298,10/14/2014,3:17,387.4,2,3.39,399,2,2.95,1007.9,16.7,99.97,15.761,31.945,388.7,400.1,378.6,389.7,-11.1,379.9,391.1,-11.2,-999,5
NH10,44.648,-124.298,10/14/2014,6:17,361.4,2,3.23,398.9,2,2.83,1010.6,16.6,99.97,15.649,31.919,362.5,400.1,354.1,390.7,-36.7,355.3,392.1,-36.8,-999,5
NH10,44.648,-124.298,10/14/2014,9:17,355.3,2,3.07,400.8,2,2.69,1010.5,16.4,99.87,15.48,31.913,356.4,401.9,348.1,392.5,-44.5,349.3,393.9,-44.6,-999,5
NH10,44.648,-124.298,10/14/2014,12:17,394.9,2,3.29,405.1,2,2.93,1009.9,16.3,99.98,15.639,31.926,396.2,406.3,386.7,396.5,-9.8,388.1,397.9,-9.9,-999,5
NH10,44.648,-124.298,10/14/2014,15:17,392.8,2,3.34,403.8,2,2.99,1009.9,16.5,99.98,15.648,31.948,394.1,405,384.6,395.2,-10.6,386,396.6,-10.6,-999,5
NH10,44.648,-124.298,10/14/2014,18:17,390.3,2,3.41,409,2,3.08,1007.8,16.4,100.04,15.356,32.017,391.7,410.2,381.6,399.7,-18.1,383,401.1,-18.1,-999,5
NH10,44.648,-124.298,10/14/2014,21:17,342.5,2,3.37,407,2,3.04,1005.1,16.2,100.55,15.207,31.999,343.7,408.2,334,396.7,-62.7,335.2,398.1,-63,-999,5
NH10,44.648,-124.298,10/14/2014,23:17,348.8,2,3.16,405.6,2,2.86,1003.1,16.3,100.85,-999,-999,349.9,406.8,-999,-999,-999,-999,-999,-999,-999,5
NH10,44.648,-124.298,10/14/2014,23:47,347.7,2,2.13,404.7,2,1.82,1002.7,16.8,101.11,-999,-999,348.4,405.4,-999,-999,-999,-999,-999,-999,-999,5
NH10,44.648,-124.298,10/15/2014,0:17,345.9,2,2.04,404.9,2,1.71,1002.4,17,101.3,15.422,31.954,346.7,405.6,335.9,393,-57.1,337,394.4,-57.3,-999,5
NH10,44.648,-124.298,10/15/2014,0:47,344.2,2,1.88,404.7,2,1.57,1001.9,17.2,101.53,15.422,31.954,344.8,405.4,333.9,392.5,-58.6,335.1,393.9,-58.9,-999,5
NH10,44.648,-124.298,10/15/2014,1:17,344,2,1.93,404.6,2,1.61,1001.7,17.3,101.6,15.422,31.954,344.6,405.3,333.6,392.4,-58.7,334.8,393.8,-58.9,-999,5
NH10,44.648,-124.298,10/15/2014,1:47,344.7,2,1.93,405.5,2,1.61,1001.2,17.4,101.73,-999,-999,345.3,406.2,-999,-999,-999,-999,-999,-999,-999,5
NH10,44.648,-124.298,10/15/2014,2:17,344.4,2,1.9,405.9,2,1.59,1001,17.4,101.82,-999,-999,345.1,406.6,-999,-999,-999,-999,-999,-999,-999,5
NH10,44.648,-124.298,10/15/2014,2:47,349.2,2,1.85,404.7,2,1.53,1001.1,17.5,101.59,-999,-999,349.8,405.4,-999,-999,-999,-999,-999,-999,-999,5
NH10,44.648,-124.298,10/15/2014,3:17,379.8,2,1.77,403.6,2,1.41,1001.2,17.5,100.48,15.436,31.942,380.5,404.1,368.2,391.1,-22.9,369.5,392.5,-23,-999,5
NH10,44.648,-124.298,10/15/2014,6:17,392.8,2,3.11,403.8,2,2.74,999.9,16.3,100.02,15.312,31.978,394,404.9,380.8,391.3,-10.5,382.2,392.7,-10.5,-999,5
NH10,44.648,-124.298,10/15/2014,9:17,384.5,2,3,400.4,2,2.62,999.6,16,100.03,14.398,32.151,385.7,401.5,373,388.3,-15.3,374.3,389.7,-15.4,-999,5
NH10,44.648,-124.298,10/15/2014,12:17,380.9,2,3.05,400.4,2,2.68,1000.5,15.5,100.03,14.507,32.049,382,401.5,369.8,388.6,-18.8,371.1,390,-18.9,-999,5
NH10,44.648,-124.298,10/15/2014,15:17,381.5,2,2.9,400,2,2.54,1004.7,15.4,99.91,14.444,32.067,382.6,401,371.9,389.9,-17.9,373.3,391.3,-18,-999,5
NH10,44.648,-124.298,10/15/2014,18:17,400.3,2,3.37,400.9,2,3.01,1008.5,15.3,99.97,14.419,32.051,401.6,402.1,391.9,392.4,-0.5,393.4,393.8,-0.5,-999,5
NH10,44.648,-124.298,10/15/2014,21:17,385.7,2,3.04,400.6,2,2.67,1011.1,15.4,99.93,14.388,32.07,386.9,401.7,378.6,393,-14.5,380,394.5,-14.5,-999,5
NH10,44.648,-124.298,10/16/2014,0:17,371.5,2,2.96,400.6,2,2.59,1013.2,15.4,100.01,14.614,32.139,372.6,401.7,365.2,393.7,-28.5,366.6,395.2,-28.6,-999,5
NH10,44.648,-124.298,10/16/2014,3:17,378.6,2,3.01,400,2,2.65,1014.4,15.7,99.92,14.706,32.198,379.7,401,372.6,393.5,-20.9,374,395,-21,-999,5
NH10,44.648,-124.298,10/16/2014,6:17,384.8,2,2.99,402.2,2,2.62,1015.3,15.5,99.89,14.819,32.128,386,403.2,379.1,396,-16.9,380.5,397.5,-17,-999,5
NH10,44.648,-124.298,10/16/2014,9:17,392.7,2,3.08,404.6,2,2.75,1015.5,15.8,99.99,15.221,32.011,394,405.7,386.8,398.4,-11.6,388.2,399.8,-11.6,-999,5
NH10,44.648,-124.298,10/16/2014,12:17,399.7,2,3.06,405.9,2,2.75,1014.4,15.7,99.94,14.5,32.187,400.9,407,393.6,399.5,-6,395,401,-6,-999,5
NH10,44.648,-124.298,10/16/2014,15:17,376.5,2,2.98,407,2,2.69,1014.2,15.4,99.88,14.848,32.157,377.6,408.1,370.5,400.3,-29.9,371.8,401.8,-30,-999,5
NH10,44.648,-124.298,10/16/2014,18:17,382.7,2,3.33,405.3,2,3,1014.4,15.7,100.02,14.981,32.161,384,406.5,376.7,398.8,-22.1,378.1,400.3,-22.2,-999,5
NH10,44.648,-124.298,10/16/2014,21:17,387.5,2,3.34,401.7,2,3.01,1012.3,15.9,99.97,15.21,32.107,388.8,403,380.5,394.4,-13.9,381.9,395.8,-13.9,-999,5
NH10,44.648,-124.298,10/17/2014,0:17,363,2,3.37,401.1,2,3.05,1011.2,16.2,100.13,15.773,32.012,364.3,402.3,355.9,393.1,-37.2,357.2,394.5,-37.3,-999,5
NH10,44.648,-124.298,10/17/2014,3:17,391.3,2,3.4,401.1,2,3.09,1009.7,16.5,99.97,15.897,31.97,392.7,402.3,383,392.5,-9.4,384.4,393.9,-9.5,-999,5
NH10,44.648,-124.298,10/17/2014,6:17,397.3,2,3.34,404.4,2,3.02,1008.5,16.6,99.97,15.496,31.966,398.6,405.7,388.6,395.4,-6.9,390,396.9,-6.9,-999,5
NH10,44.648,-124.298,10/17/2014,9:17,397.8,2,3.32,412.7,2,3.01,1008,16.3,99.96,15.294,32.046,399.1,413.9,388.9,403.4,-14.5,390.3,404.8,-14.5,-999,5
NH10,44.648,-124.298,10/17/2014,12:17,404.6,2,3.29,411.8,2,2.97,1006,16.1,99.95,15.229,32.106,406,413.1,394.8,401.7,-6.9,396.2,403.2,-6.9,-999,5
NH10,44.648,-124.298,10/17/2014,15:17,407.8,2,3.37,409.3,2,3.04,1005,16.1,99.91,15.366,32.079,409.1,410.6,397.5,398.9,-1.4,398.9,400.3,-1.4,-999,5
NH10,44.648,-124.298,10/17/2014,18:17,401.2,2,3.18,407.7,2,2.84,1006.2,16.2,99.89,15.349,32.075,402.5,408.8,391.5,397.7,-6.1,392.9,399.1,-6.2,-999,5
NH10,44.648,-124.298,10/17/2014,21:17,399.8,2,3.28,406,2,2.91,1006.8,16.3,99.91,15.314,32.081,401.1,407.2,390.4,396.3,-5.9,391.8,397.8,-6,-999,5
NH10,44.648,-124.298,10/18/2014,0:17,400.6,2,3.28,402.6,2,2.9,1008.3,16.3,99.89,15.397,32.059,401.9,403.8,391.8,393.5,-1.8,393.2,395,-1.8,-999,5
NH10,44.648,-124.298,10/18/2014,3:17,398.2,2,3.35,401,2,2.94,1008.2,16.4,99.68,15.407,32.061,399.6,402.2,389.4,392,-2.6,390.8,393.4,-2.6,-999,5
NH10,44.648,-124.298,10/18/2014,6:17,392.3,2,3.31,400,2,2.9,1010.9,16.4,99.83,15.437,32.073,393.6,401.1,384.6,392,-7.3,386,393.4,-7.4,-999,5
NH10,44.648,-124.298,10/18/2014,9:17,395.1,2,3.36,401,2,2.94,1012.4,16.5,99.89,15.335,32.17,396.4,402.2,388,393.7,-5.6,389.4,395.1,-5.7,-999,5
NH10,44.648,-124.298,10/18/2014,12:17,395.6,2,3.28,401,2,2.89,1012.8,16.4,99.88,15.133,32.288,396.9,402.2,388.7,393.8,-5.2,390.1,395.3,-5.2,-999,5
NH10,44.648,-124.298,10/18/2014,15:17,393.5,2,3.29,402.4,2,2.9,1013.6,16.3,99.82,15.339,32.26,394.8,403.6,386.9,395.5,-8.6,388.3,396.9,-8.6,-999,5
NH10,44.648,-124.298,10/18/2014,18:17,390.8,2,3.34,405.2,2,2.94,1014,16.4,99.83,15.438,32.109,392.1,406.4,384.4,398.4,-14,385.8,399.8,-14,-999,5
NH10,44.648,-124.298,10/18/2014,21:17,390.2,2,3.58,407.5,2,3.13,1013.2,16.6,99.88,15.484,32.082,391.6,408.8,383.5,400.4,-16.8,384.9,401.8,-16.9,-999,5
NH10,44.648,-124.298,10/19/2014,0:17,352.8,2,3.57,404.6,2,3.19,1012.1,16.7,100.11,15.537,32.177,354.1,405.9,346.4,397.1,-50.7,347.6,398.5,-50.9,-999,5
NH10,44.648,-124.298,10/19/2014,3:17,358.6,2,3.45,407.5,2,3.12,1010.8,16.6,100.24,15.747,32.325,359.9,408.8,351.5,399.3,-47.8,352.7,400.7,-48,-999,5
NH10,44.648,-124.298,10/19/2014,6:17,404.1,2,3.37,401,2,3.07,1009.5,16.6,99.93,15.506,32.353,405.5,402.2,395.7,392.5,3.2,397.1,393.9,3.2,-999,5
NH10,44.648,-124.298,10/19/2014,9:17,403.8,2,3.49,402.1,2,3.16,1008.9,16.5,99.95,15.49,32.189,405.2,403.4,395.2,393.3,1.8,396.6,394.7,1.9,-999,5
NH10,44.648,-124.298,10/19/2014,12:17,400.4,2,3.43,401.4,2,3.08,1007.4,16.5,99.92,15.396,32.138,401.8,402.6,391.2,392.1,-0.9,392.7,393.5,-0.9,-999,5
NH10,44.648,-124.298,10/19/2014,15:17,399.4,2,3.43,401.5,2,3.05,1007,16.4,99.88,15.408,32.13,400.8,402.7,390.1,392,-1.9,391.5,393.4,-1.9,-999,5
NH10,44.648,-124.298,10/19/2014,18:17,403.5,2,3.59,402,2,3.19,1007.4,16.5,99.89,15.452,32.165,404.9,403.3,394.3,392.7,1.6,395.7,394.1,1.6,-999,5
NH10,44.648,-124.298,10/19/2014,21:17,400.5,2,3.48,401.5,2,3.06,1006.8,16.5,99.91,15.459,32.178,401.9,402.7,391.1,391.9,-0.7,392.5,393.3,-0.8,-999,5
NH10,44.648,-124.298,10/20/2014,0:17,393.6,2,3.35,400.9,2,2.95,1007.1,16.5,99.97,15.549,32.198,394.9,402.1,384.4,391.4,-7,385.8,392.8,-7,-999,5
NH10,44.648,-124.298,10/20/2014,3:17,395.5,2,3.35,400.9,2,2.95,1006,16.6,99.83,15.56,32.182,396.8,402.1,385.8,390.9,-5.1,387.2,392.3,-5.1,-999,5
NH10,44.648,-124.298,10/20/2014,6:17,392.2,2,3.12,400.7,2,2.76,1006.6,16.5,99.9,15.575,32.179,393.5,401.8,382.8,390.9,-8.1,384.1,392.3,-8.2,-999,5
NH10,44.648,-124.298,10/20/2014,9:17,391.9,2,3.19,400.9,2,2.82,1006.9,16.4,99.86,15.558,32.179,393.2,402,382.6,391.2,-8.6,384,392.6,-8.6,-999,5
NH10,44.648,-124.298,10/20/2014,12:17,402.1,2,3.4,403.1,2,3.03,1006.5,16.4,99.94,15.506,32.153,403.5,404.4,392.5,393.4,-0.9,393.9,394.8,-0.9,-999,5
NH10,44.648,-124.298,10/20/2014,15:17,399.6,2,3.36,401.8,2,2.99,1006.8,16.4,99.92,15.527,32.156,400.9,403,390.2,392.1,-2,391.5,393.5,-2,-999,5
NH10,44.648,-124.298,10/20/2014,18:17,396.3,2,3.01,400.4,2,2.65,1008.4,16.5,99.81,15.206,32.133,397.5,401.5,387.5,391.4,-3.9,388.9,392.8,-3.9,-999,5
NH10,44.648,-124.298,10/20/2014,21:17,391.2,2,3.4,401.2,2,3.02,1008.7,16.2,99.94,15.066,32.171,392.6,402.4,382.9,392.5,-9.6,384.3,393.9,-9.6,-999,5
NH10,44.648,-124.298,10/21/2014,0:17,394.7,2,3.37,401.3,2,2.96,1009.1,16.1,99.91,15.183,32.164,396,402.5,386.4,392.7,-6.3,387.8,394.1,-6.3,-999,5
NH10,44.648,-124.298,10/21/2014,3:17,397.8,2,3.3,401,2,2.97,1009.6,16.1,99.94,15.23,32.159,399.1,402.2,389.6,392.6,-3,391,394,-3,-999,5
NH10,44.648,-124.298,10/21/2014,6:17,398.6,2,3.23,401,2,2.88,1011,16.1,99.87,15.262,32.155,399.9,402.2,390.9,393.1,-2.2,392.3,394.6,-2.3,-999,5
NH10,44.648,-124.298,10/21/2014,9:17,393.5,2,3.12,401,2,2.73,1011.8,16.2,99.85,15.266,32.159,394.7,402.1,386.1,393.4,-7.3,387.5,394.8,-7.3,-999,5
NH10,44.648,-124.298,10/21/2014,12:17,389.2,2,3.21,400.3,2,2.8,1013.3,16.2,99.8,15.261,32.175,390.5,401.5,382.5,393.3,-10.8,383.9,394.7,-10.8,-999,5
NH10,44.648,-124.298,10/21/2014,15:17,390.9,2,3.14,402.3,2,2.76,1013.9,16.2,99.89,15.259,32.18,392.1,403.4,384.4,395.4,-11,385.8,396.9,-11.1,-999,5
NH10,44.648,-124.298,10/21/2014,18:17,398.3,2,3.33,404.1,2,2.91,1014.6,16.2,99.78,15.372,32.215,399.6,405.3,392,397.5,-5.6,393.4,399,-5.6,-999,5
NH10,44.648,-124.298,10/21/2014,21:17,390.1,2,3.18,403,2,2.79,1014.5,16.3,99.9,15.184,32.243,391.3,404.1,383.9,396.4,-12.6,385.3,397.9,-12.6,-999,5
NH10,44.648,-124.298,10/22/2014,0:17,383.7,2,3.17,401.3,2,2.78,1012.4,16.2,99.86,15.32,32.205,384.9,402.4,376.8,393.8,-17.1,378.1,395.3,-17.1,-999,5
NH10,44.648,-124.298,10/22/2014,3:17,385.1,2,3.13,400.2,2,2.74,1008.8,16.2,99.72,14.989,32.317,386.3,401.3,376.9,391.5,-14.6,378.2,392.9,-14.7,-999,5
NH10,44.648,-124.298,10/22/2014,6:17,387.5,2,3.07,403.2,2,2.68,1009.5,16,100.01,14.947,32.331,388.6,404.2,379.4,394.7,-15.2,380.8,396.1,-15.3,-999,5
NH10,44.648,-124.298,10/22/2014,9:17,395,2,3.21,401.3,3,2.78,1007.8,16,100.29,15.316,32.274,396.3,402.5,386.1,392.1,-6,387.5,393.5,-6,-999,5
NH10,44.648,-124.298,10/22/2014,12:17,392,2,3.33,402.1,2,2.9,1007.6,16.4,99.85,15.492,32.248,393.3,403.2,383,392.7,-9.7,384.4,394.1,-9.7,-999,5
NH10,44.648,-124.298,10/22/2014,15:17,388.5,2,3.39,402.1,2,2.95,1007.5,16.5,99.85,15.579,32.206,389.8,403.3,379.5,392.7,-13.1,380.9,394.1,-13.2,-999,5
NH10,44.648,-124.298,10/22/2014,18:17,388.8,2,3.33,403.5,2,2.91,1006.2,16.6,99.81,15.607,32.134,390,404.7,379.3,393.5,-14.3,380.6,395,-14.3,-999,5
NH10,44.648,-124.298,10/22/2014,21:17,393.8,2,3.23,401.6,2,2.82,1005.8,16.6,99.82,15.655,32.06,395,402.7,384,391.4,-7.5,385.3,392.8,-7.5,-999,5
NH10,44.648,-124.298,10/23/2014,0:17,391.6,2,3.29,401.8,2,2.88,1005.5,16.6,99.79,15.676,32.07,392.9,402.9,381.7,391.5,-9.8,383.1,392.9,-9.8,-999,5
NH10,44.648,-124.298,10/23/2014,3:17,388.7,2,3.18,402.1,2,2.78,1007.1,16.7,99.85,15.78,32.061,390,403.2,379.5,392.4,-12.9,380.8,393.8,-12.9,-999,5
NH10,44.648,-124.298,10/23/2014,6:17,390.5,2,3.3,402.1,2,2.91,1007.5,16.7,99.8,15.882,32.063,391.8,403.3,381.4,392.6,-11.2,382.7,394,-11.2,-999,5
NH10,44.648,-124.298,10/23/2014,9:17,381.3,2,3.33,402.1,2,2.91,1007.3,16.7,99.77,15.852,32.068,382.6,403.3,372.4,392.5,-20.1,373.7,393.9,-20.2,-999,5
NH10,44.648,-124.298,10/23/2014,12:17,385.1,2,3.35,402.9,2,2.93,1007.1,16.6,99.8,15.655,32.063,386.4,404.1,376,393.3,-17.3,377.4,394.7,-17.3,-999,5
NH10,44.648,-124.298,10/23/2014,15:17,399.7,2,3.43,403.2,2,3.09,1009.8,16.4,99.91,15.484,32.086,401.1,404.5,391.5,394.8,-3.3,392.9,396.2,-3.3,-999,5
NH10,44.648,-124.298,10/23/2014,18:17,401.2,2,3.51,403.3,2,3.18,1011.5,16.3,99.91,15.449,32.116,402.7,404.6,393.7,395.6,-1.9,395.1,397,-1.9,-999,5
NH10,44.648,-124.298,10/23/2014,21:17,399.7,2,3.48,402.9,2,3.17,1013.1,16.3,99.92,15.409,32.126,401.1,404.1,392.8,395.8,-3,394.2,397.2,-3,-999,5
NH10,44.648,-124.298,10/24/2014,0:17,399.6,2,3.35,402.1,2,3.06,1013.8,16.3,99.94,15.347,32.138,401,403.3,393,395.3,-2.3,394.4,396.7,-2.3,-999,5
NH10,44.648,-124.298,10/24/2014,3:17,376.4,2,3.26,402.7,2,2.98,1014.1,16.1,99.96,15.298,32.154,377.6,403.9,370.2,396.1,-25.8,371.6,397.5,-25.9,-999,5
NH10,44.648,-124.298,10/24/2014,6:17,391.2,2,2.98,401.8,2,2.73,1015,16.1,99.91,15.162,32.157,392.4,402.9,385.1,395.5,-10.3,386.5,396.9,-10.4,-999,5
NH10,44.648,-124.298,10/24/2014,9:17,384.5,2,3.18,406.3,2,2.85,1015.4,16,99.84,15.052,32.167,385.7,407.5,378.7,400.1,-21.4,380.1,401.6,-21.5,-999,5
NH10,44.648,-124.298,10/24/2014,12:17,356.8,2,3.07,424,2,2.79,1014.4,15.8,99.82,14.971,32.17,357.9,425.2,351.2,417.2,-66,352.4,418.7,-66.3,-999,5
NH10,44.648,-124.298,10/24/2014,15:17,347.5,2,3,418.3,2,2.75,1013.7,15.6,99.85,14.893,32.218,348.5,419.5,341.7,411.3,-69.5,343,412.7,-69.8,-999,5
NH10,44.648,-124.298,10/24/2014,18:17,361.5,2,3.21,413.1,2,2.92,1012.2,15.5,99.95,14.917,32.205,362.6,414.3,355,405.6,-50.6,356.3,407.1,-50.8,-999,5
NH10,44.648,-124.298,10/24/2014,21:17,346.6,2,2.86,409.2,2,2.63,1009.8,15.4,99.94,14.929,32.174,347.5,410.3,339.4,400.7,-61.3,340.6,402.2,-61.5,-999,5
NH10,44.648,-124.298,10/25/2014,0:17,374.9,2,2.83,416.2,2,2.49,1006.4,15.4,99.9,14.903,32.18,375.9,417.2,365.9,406.1,-40.2,367.2,407.6,-40.3,-999,5
NH10,44.648,-124.298,10/25/2014,3:17,386.9,2,3.1,416.8,2,2.78,1004.3,15.5,99.95,14.754,32.214,388.1,418,377,406,-29,378.4,407.5,-29.1,-999,5
NH10,44.648,-124.298,10/25/2014,6:17,356.6,2,3.13,413.6,2,2.81,1002.2,15.5,99.92,14.887,32.184,357.7,414.8,346.7,402,-55.3,347.9,403.4,-55.5,-999,5
NH10,44.648,-124.298,10/25/2014,9:17,362.6,2,3.15,416.1,2,2.83,999.4,15.6,99.93,14.893,32.233,363.7,417.3,351.5,403.3,-51.8,352.8,404.7,-51.9,-999,5
NH10,44.648,-124.298,10/25/2014,12:17,396.5,2,3.01,403.3,2,2.65,997.4,15.5,99.87,14.416,32.299,397.7,404.3,383.8,390.1,-6.4,385.1,391.5,-6.4,-999,5
NH10,44.648,-124.298,10/25/2014,15:17,401.8,2,3.25,410.2,2,2.9,992.8,15.3,99.91,14.464,32.604,403.1,411.4,387.1,395.1,-8,388.5,396.5,-8,-999,5
NH10,44.648,-124.298,10/25/2014,18:17,396.2,2,3.17,402.6,3,2.73,995.2,15.4,100.43,14.433,32.77,397.4,403.7,382.7,388.7,-6,384,390.1,-6,-999,5
NH10,44.648,-124.298,10/25/2014,21:17,394.7,3,3.18,402.3,3,2.66,1001.6,15.5,100.24,14.37,32.844,395.9,403.4,383.7,390.9,-7.2,385.1,392.3,-7.2,-999,5
NH10,44.648,-124.298,10/26/2014,0:17,406.2,2,2.85,401.7,2,2.49,1005.2,15.3,99.74,14.003,32.911,407.4,402.7,396.4,391.9,4.6,397.9,393.3,4.6,-999,5
NH10,44.648,-124.298,10/26/2014,3:17,395,2,2.9,401.6,2,2.52,1011.7,15.3,99.89,14.599,32.687,396.1,402.6,387.7,394.1,-6.4,389.1,395.5,-6.4,-999,5
NH10,44.648,-124.298,10/26/2014,6:17,399.8,2,3.05,402.1,2,2.69,1013.8,15.4,99.85,14.619,32.463,401,403.2,393.4,395.5,-2.1,394.8,396.9,-2.1,-999,5
NH10,44.648,-124.298,10/26/2014,9:17,391.2,2,2.89,401.8,2,2.51,1016.2,15.3,99.81,14.573,32.521,392.3,402.8,385.7,396,-10.3,387.1,397.5,-10.4,-999,5
NH10,44.648,-124.298,10/26/2014,12:17,382.5,2,2.75,402.6,2,2.4,1016.9,15.1,99.71,14.332,32.686,383.6,403.6,377.5,397.2,-19.7,378.9,398.6,-19.8,-999,5
NH10,44.648,-124.298,10/26/2014,15:17,401.7,2,2.69,402.5,2,2.36,1018.3,15.1,99.78,14.408,32.773,402.8,403.4,396.9,397.6,-0.6,398.4,399,-0.6,-999,5
NH10,44.648,-124.298,10/26/2014,18:17,402.5,2,2.89,402.7,2,2.51,1020.3,15.3,99.67,14.315,32.748,403.6,403.7,398.6,398.7,-0.1,400.1,400.1,-0.1,-999,5
NH10,44.648,-124.298,10/26/2014,21:17,403.9,2,3.38,403.8,2,3.04,1020.8,15.4,99.9,14.586,32.501,405.2,405,400.3,400.1,0.2,401.7,401.5,0.2,-999,5
NH10,44.648,-124.298,10/27/2014,0:17,361.2,2,3.16,402.6,2,2.88,1021.2,15.6,99.89,14.625,32.503,362.4,403.8,358.1,399,-40.9,359.4,400.4,-41,-999,5
NH10,44.648,-124.298,10/27/2014,3:17,376.2,2,2.88,402.7,2,2.64,1021.5,15.2,99.67,14.463,32.637,377.3,403.8,373,399.1,-26.1,374.4,400.6,-26.2,-999,5
NH10,44.648,-124.298,10/27/2014,6:17,403.1,2,2.95,402.8,2,2.69,1021.8,15.1,99.82,14.482,32.557,404.3,403.9,399.8,399.4,0.4,401.3,400.9,0.4,-999,5
NH10,44.648,-124.298,10/27/2014,9:17,399.4,2,2.9,407,2,2.66,1021.2,15.3,99.91,14.341,32.711,400.5,408.1,395.9,403.4,-7.5,397.4,404.8,-7.5,-999,5
NH10,44.648,-124.298,10/27/2014,12:17,373.8,2,2.8,407.7,2,2.58,1020.3,15.2,99.71,14.412,32.64,374.9,408.7,370.2,403.6,-33.4,371.5,405.1,-33.5,-999,5
NH10,44.648,-124.298,10/27/2014,15:17,387.6,2,2.82,409.3,2,2.59,1019.6,15,99.72,14.4,32.697,388.7,410.3,383.5,404.9,-21.4,384.9,406.4,-21.5,-999,5
NH10,44.648,-124.298,10/27/2014,18:17,387,2,3.01,408.2,2,2.75,1019.3,15,99.68,14.403,32.717,388.1,409.3,382.9,403.8,-20.9,384.3,405.2,-21,-999,5
NH10,44.648,-124.298,10/27/2014,21:17,408.2,2,3.16,405.8,2,2.87,1017.7,15.2,99.92,14.517,32.642,409.5,407,403.3,400.8,2.5,404.7,402.2,2.5,-999,5
NH10,44.648,-124.298,10/28/2014,0:17,404.3,2,3.09,406.6,2,2.81,1016.8,15.3,99.95,14.442,32.716,405.6,407.7,399.1,401.2,-2.1,400.5,402.7,-2.1,-999,5
NH10,44.648,-124.298,10/28/2014,3:17,406.5,2,3.02,406.5,2,2.76,1015.4,15.2,99.93,14.311,32.746,407.8,407.6,400.7,400.6,0.1,402.2,402.1,0.1,-999,5
NH10,44.648,-124.298,10/28/2014,6:17,403.4,2,3,404,2,2.74,1014.5,15.2,99.95,14.348,32.774,404.6,405.1,397.2,397.7,-0.5,398.7,399.2,-0.5,-999,5
NH10,44.648,-124.298,10/28/2014,9:17,398.6,2,3,406.1,2,2.73,1013.5,15.4,99.92,14.637,32.502,399.8,407.2,392,399.3,-7.3,393.4,400.8,-7.3,-999,5
NH10,44.648,-124.298,10/28/2014,12:17,395.3,2,2.9,405.5,2,2.55,1011.8,15.6,99.84,14.752,32.411,396.4,406.5,388,397.9,-9.9,389.4,399.3,-9.9,-999,5
NH10,44.648,-124.298,10/28/2014,15:17,393.9,2,2.99,405.7,2,2.62,1010.8,15.7,99.79,14.691,32.455,395.1,406.7,386.4,397.7,-11.3,387.8,399.1,-11.4,-999,5
NH10,44.648,-124.298,10/28/2014,18:17,397.2,2,3.1,403.3,2,2.74,1012.9,15.7,99.89,14.629,32.525,398.5,404.4,390.5,396.3,-5.8,391.9,397.8,-5.9,-999,5
NH10,44.648,-124.298,10/28/2014,21:17,405,2,3.07,407.2,2,2.69,1012.2,15.7,99.73,14.667,32.716,406.3,408.3,397.8,399.8,-2,399.3,401.2,-2,-999,5
NH10,44.648,-124.298,10/29/2014,0:17,402.7,2,3.13,404.9,2,2.73,1013.5,15.7,99.72,14.644,32.751,404,406,396.1,398.1,-2,397.6,399.6,-2,-999,5
NH10,44.648,-124.298,10/29/2014,3:17,397.8,2,3.12,402.3,2,2.73,1015.6,15.7,99.73,14.67,32.751,399.1,403.4,392.1,396.4,-4.3,393.5,397.8,-4.3,-999,5
NH10,44.648,-124.298,10/29/2014,6:17,405,2,3.08,402.5,2,2.69,1017.2,15.7,99.72,14.67,32.739,406.3,403.6,399.8,397.2,2.6,401.3,398.6,2.6,-999,5
NH10,44.648,-124.298,10/29/2014,9:17,396.7,2,3.06,402.3,2,2.67,1018.2,15.7,99.75,14.616,32.743,397.9,403.4,392,397.4,-5.4,393.4,398.8,-5.4,-999,5
NH10,44.648,-124.298,10/29/2014,12:17,394.4,2,3.07,402.6,2,2.73,1018.9,15.6,99.83,14.537,32.74,395.6,403.7,390.1,398,-7.9,391.5,399.4,-8,-999,5
NH10,44.648,-124.298,10/29/2014,15:17,391,2,3.06,402.5,2,2.75,1019.8,15.5,99.66,14.511,32.739,392.2,403.6,387,398.3,-11.3,388.4,399.8,-11.4,-999,5
NH10,44.648,-124.298,10/29/2014,18:17,388.8,2,3.22,406.2,2,2.9,1020.1,15.6,99.49,14.545,32.741,390,407.3,385,402.1,-17.1,386.4,403.6,-17.1,-999,5
NH10,44.648,-124.298,10/29/2014,21:17,383.8,2,3.21,404.6,2,2.91,1019,15.7,99.4,14.574,32.744,385,405.8,379.6,400.1,-20.5,381,401.5,-20.5,-999,5
NH10,44.648,-124.298,10/30/2014,0:17,383,2,3.17,405.2,2,2.89,1017.3,15.8,99.42,14.528,32.745,384.2,406.4,378.2,400,-21.8,379.6,401.5,-21.9,-999,5
NH10,44.648,-124.298,10/30/2014,3:17,384.1,2,3.15,406.3,2,2.87,1016.3,15.7,99.45,14.578,32.758,385.3,407.5,378.9,400.7,-21.8,380.3,402.2,-21.9,-999,5
NH10,44.648,-124.298,10/30/2014,6:17,398,2,3.16,422,2,2.88,1014.9,15.6,99.2,14.574,32.747,399.3,423.2,392.1,415.6,-23.5,393.5,417.1,-23.6,-999,5
NH10,44.648,-124.298,10/30/2014,9:17,398.6,2,3.16,420.1,2,2.88,1012.5,15.6,99.08,14.589,32.743,399.8,421.3,391.7,412.7,-21,393.1,414.2,-21.1,-999,5
NH10,44.648,-124.298,10/30/2014,12:17,399.5,2,3.17,415.3,2,2.87,1010.8,15.6,98.92,14.601,32.737,400.8,416.5,391.9,407.3,-15.4,393.4,408.8,-15.4,-999,5
NH10,44.648,-124.298,10/30/2014,15:17,420.1,2,3.27,412.4,2,2.91,1009.8,15.7,99.51,14.6,32.731,421.5,413.6,411.8,404.1,7.7,413.3,405.6,7.7,-999,5
NH10,44.648,-124.298,10/30/2014,18:17,397.2,2,3.18,417.7,2,2.83,1010,15.7,99.57,14.571,32.707,398.5,418.9,389.4,409.3,-20,390.8,410.8,-20,-999,5
NH10,44.648,-124.298,10/30/2014,21:17,411.3,2,3.04,403.1,2,2.69,1009,15.7,99.65,14.59,32.696,412.5,404.2,402.7,394.6,8.1,404.2,396,8.1,-999,5
NH10,44.648,-124.298,10/31/2014,0:17,326.2,2,2.97,404,2,2.62,1009.9,15.6,99.5,14.593,32.718,327.1,405.1,319.6,395.8,-76.2,320.8,397.2,-76.4,-999,5
NH10,44.648,-124.298,10/31/2014,3:17,393.7,2,2.95,404,2,2.68,1009.3,15.4,99.44,14.523,32.705,394.9,405.1,385.6,395.6,-10,387,397,-10,-999,5
NH10,44.648,-124.298,10/31/2014,6:17,384.6,2,2.78,404.2,2,2.47,1008.3,15,99.37,14.502,32.686,385.7,405.2,376.3,395.3,-19,377.6,396.7,-19.1,-999,5
NH10,44.648,-124.298,10/31/2014,9:17,391.7,2,2.73,404.3,2,2.4,1007.4,14.8,99.25,14.506,32.693,392.8,405.3,382.9,395.1,-12.2,384.3,396.5,-12.2,-999,5
NH10,44.648,-124.298,10/31/2014,12:17,368.2,2,2.59,403.8,2,2.29,1007.8,14.9,99.32,14.499,32.696,369.1,404.7,359.9,394.6,-34.7,361.2,396.1,-34.8,-999,5
NH10,44.648,-124.298,10/31/2014,15:17,395.2,2,2.86,404.5,2,2.56,1009.1,14.9,99.66,14.485,32.7,396.3,405.5,387,395.9,-8.9,388.4,397.3,-9,-999,5
NH10,44.648,-124.298,10/31/2014,18:17,409.7,2,3.09,406.7,2,2.82,1010.3,15.2,99.9,14.496,32.695,410.9,407.9,401.7,398.7,3,403.2,400.2,3,-999,5
NH10,44.648,-124.298,10/31/2014,21:17,401.1,2,3.1,407.6,2,2.84,1010,15.3,99.86,14.518,32.69,402.4,408.7,393.2,399.4,-6.2,394.6,400.8,-6.2,-999,5
NH10,44.648,-124.298,11/1/2014,0:17,378.9,2,3.04,407.2,2,2.79,1010.3,15.3,99.83,14.518,32.659,380,408.3,371.5,399.1,-27.7,372.8,400.6,-27.8,-999,5
NH10,44.648,-124.298,11/1/2014,3:17,377.1,2,2.91,405.8,2,2.69,1010.3,15.1,99.78,14.471,32.656,378.2,406.9,369.7,397.8,-28,371.1,399.2,-28.1,-999,5
NH10,44.648,-124.298,11/1/2014,6:17,379.9,2,2.81,410.5,2,2.6,1010.9,15,99.72,14.497,32.665,380.9,411.5,372.6,402.5,-29.9,374,404,-30,-999,5
NH10,44.648,-124.298,11/1/2014,9:17,390.3,2,2.75,413.7,2,2.55,1010.6,15,99.55,14.527,32.721,391.4,414.8,382.7,405.6,-22.9,384.1,407,-23,-999,5
NH10,44.648,-124.298,11/1/2014,12:17,393,2,2.66,426.1,2,2.47,1010.2,14.8,99.39,14.554,32.724,394,427.2,385.1,417.5,-32.4,386.5,419,-32.5,-999,5
NH10,44.648,-124.298,11/1/2014,15:17,388.7,2,2.63,426.8,2,2.43,1012,14.4,99.28,14.485,32.696,389.7,427.8,381.6,418.9,-37.3,383,420.5,-37.4,-999,5
NH10,44.648,-124.298,11/1/2014,18:17,382.9,2,3.04,418.3,2,2.78,1013.3,14.4,99.33,14.516,32.65,384,419.4,376.6,411.3,-34.7,377.9,412.8,-34.8,-999,5
NH10,44.648,-124.298,11/1/2014,21:17,380.1,2,3.19,405.2,2,2.93,1014.2,15.5,99.42,14.612,32.687,381.3,406.3,374.2,398.7,-24.6,375.5,400.2,-24.6,-999,5
NH10,44.648,-124.298,11/2/2014,0:17,373.8,2,2.99,405.5,2,2.75,1016,15.7,99.56,14.678,32.593,374.9,406.7,368.5,399.7,-31.2,369.8,401.2,-31.4,-999,5
NH10,44.648,-124.298,11/2/2014,3:17,367.5,2,2.97,405.3,2,2.74,1017.9,15.2,99.74,14.623,32.603,368.6,406.4,363,400.2,-37.2,364.4,401.7,-37.3,-999,5
NH10,44.648,-124.298,11/2/2014,6:17,364.4,2,2.79,405.2,2,2.58,1020,14.8,99.9,14.55,32.611,365.4,406.3,360.7,401,-40.3,362,402.5,-40.5,-999,5
NH10,44.648,-124.298,11/2/2014,9:17,377.2,2,2.87,405.2,2,2.64,1020.9,14.6,99.76,14.514,32.652,378.3,406.3,373.7,401.4,-27.7,375.1,402.8,-27.8,-999,5
NH10,44.648,-124.298,11/2/2014,12:17,381.7,2,2.94,404.6,2,2.71,1021.7,15,99.61,14.516,32.672,382.8,405.7,378.5,401.1,-22.6,379.9,402.6,-22.7,-999,5
NH10,44.648,-124.298,11/2/2014,15:17,402.9,2,2.94,413.7,2,2.7,1021.7,15.2,99.74,14.458,32.59,404.1,414.8,399.6,410.2,-10.6,401.1,411.7,-10.6,-999,5
NH10,44.648,-124.298,11/2/2014,18:17,393.9,2,3.1,404.9,2,2.83,1022.7,15.3,99.92,14.501,32.62,395.1,406,391,401.8,-10.8,392.4,403.3,-10.9,-999,5
NH10,44.648,-124.298,11/2/2014,21:17,396.4,2,3.04,411.9,2,2.78,1022.3,15.4,99.93,14.561,32.633,397.6,413,393.3,408.5,-15.3,394.7,410,-15.3,-999,5
NH10,44.648,-124.298,11/3/2014,0:17,389.1,2,2.97,406.7,2,2.67,1021.4,15.5,99.82,14.573,32.669,390.2,407.8,385.7,403.1,-17.4,387.1,404.5,-17.4,-999,5
NH10,44.648,-124.298,11/3/2014,3:17,383.1,2,2.97,405.2,2,2.62,1021.5,15.5,99.84,14.421,32.635,384.3,406.2,379.9,401.6,-21.7,381.3,403.1,-21.8,-999,5
NH10,44.648,-124.298,11/3/2014,6:17,377.9,2,2.95,403.9,2,2.59,1021.7,15.4,99.84,14.323,32.586,379,404.9,374.8,400.4,-25.6,376.2,401.9,-25.7,-999,5
NH10,44.648,-124.298,11/3/2014,9:17,374.1,2,2.96,403.7,2,2.57,1021.4,15.4,99.89,14.449,32.452,375.2,404.8,370.9,400.1,-29.2,372.2,401.6,-29.3,-999,5
NH10,44.648,-124.298,11/3/2014,12:17,339.6,2,2.9,403.5,2,2.53,1021.6,15.4,99.82,14.428,32.442,340.6,404.5,336.7,399.9,-63.2,338,401.4,-63.4,-999,5
NH10,44.648,-124.298,11/3/2014,15:17,374.5,2,2.96,403.9,2,2.58,1021.7,15.4,99.86,14.382,32.462,375.6,404.9,371.4,400.4,-28.9,372.8,401.8,-29,-999,5
NH10,44.648,-124.298,11/3/2014,18:17,347.1,2,2.93,403.9,2,2.55,1022.5,15.4,99.69,14.364,32.543,348.1,404.9,344.5,400.7,-56.2,345.7,402.2,-56.4,-999,5
NH10,44.648,-124.298,11/3/2014,21:17,371.1,2,3.1,410.1,2,2.73,1021.9,15.4,99.87,14.532,32.362,372.3,411.2,368.1,406.7,-38.5,369.5,408.2,-38.7,-999,5
NH10,44.648,-124.298,11/4/2014,0:17,391.5,2,3.14,406.4,2,2.84,1021.1,15.5,99.95,14.432,32.612,392.7,407.6,388,402.8,-14.7,389.5,404.3,-14.8,-999,5
NH10,44.648,-124.298,11/4/2014,3:17,396.4,2,3.09,405.9,2,2.75,1020.4,15.5,99.89,14.587,32.674,397.6,407,392.6,401.9,-9.3,394,403.3,-9.3,-999,5
NH10,44.648,-124.298,11/4/2014,6:17,390,2,2.91,405.5,2,2.54,1019.4,15.6,99.81,14.588,32.664,391.2,406.6,385.8,401,-15.2,387.2,402.5,-15.2,-999,5
NH10,44.648,-124.298,11/4/2014,9:17,397.8,2,2.88,406.5,2,2.51,1018.1,15.6,99.77,14.58,32.66,398.9,407.5,393,401.5,-8.5,394.4,402.9,-8.5,-999,5
NH10,44.648,-124.298,11/4/2014,12:17,403.3,2,2.95,405.5,2,2.57,1017.5,15.5,99.82,14.567,32.661,404.5,406.6,398.2,400.3,-2.1,399.7,401.8,-2.1,-999,5
NH10,44.648,-124.298,11/4/2014,15:17,405.7,2,3.06,403.6,2,2.67,1020.1,15.6,99.78,14.534,32.659,407,404.6,401.7,399.4,2.3,403.2,400.9,2.3,-999,5
NH10,44.648,-124.298,11/4/2014,18:17,386.6,2,3.23,403.5,2,2.8,1022.8,15.6,99.65,14.496,32.577,387.8,404.6,383.9,400.5,-16.6,385.3,402,-16.7,-999,5
NH10,44.648,-124.298,11/4/2014,21:17,377,2,3.16,403.9,2,2.82,1024.2,15.6,99.76,14.519,32.603,378.2,405,374.9,401.4,-26.6,376.2,402.9,-26.7,-999,5
NH10,44.648,-124.298,11/5/2014,0:17,372.1,2,3.1,403.9,2,2.81,1025.2,15.6,99.86,14.51,32.602,373.3,405,370.3,401.8,-31.5,371.7,403.3,-31.6,-999,5
NH10,44.648,-124.298,11/5/2014,3:17,373.7,2,3.03,406.5,2,2.76,1025.4,15.5,99.91,14.498,32.6,374.8,407.6,371.9,404.5,-32.5,373.3,406,-32.6,-999,5
NH10,44.648,-124.298,11/5/2014,6:17,375.3,2,3.01,409.8,2,2.75,1025.4,15.4,99.86,14.519,32.568,376.4,410.9,373.5,407.7,-34.2,374.9,409.2,-34.4,-999,5
NH10,44.648,-124.298,11/5/2014,9:17,380.8,2,3.07,404.3,2,2.8,1024.6,15.5,99.83,14.487,32.569,381.9,405.5,378.7,402.1,-23.3,380.1,403.5,-23.4,-999,5
NH10,44.648,-124.298,11/5/2014,12:17,383.7,2,3.1,404.1,2,2.83,1023.3,15.6,99.74,14.48,32.566,384.9,405.3,381.2,401.4,-20.2,382.6,402.9,-20.2,-999,5
NH10,44.648,-124.298,11/5/2014,15:17,379.5,2,3.09,415.5,2,2.82,1022,15.6,99.76,14.52,32.468,380.6,416.7,376.5,412.1,-35.6,377.9,413.6,-35.8,-999,5
NH10,44.648,-124.298,11/5/2014,18:17,376.3,2,3.22,423.2,2,2.93,1021.2,15.6,99.75,14.555,32.466,377.5,424.5,373,419.5,-46.4,374.4,421,-46.6,-999,5
NH10,44.648,-124.298,11/5/2014,21:17,375.5,2,3.44,412.7,2,3.11,1019.5,15.9,99.91,14.661,32.473,376.8,414,371.7,408.4,-36.6,373.1,409.9,-36.8,-999,5
NH10,44.648,-124.298,11/6/2014,0:17,405.2,2,3.26,413,2,2.97,1018.3,15.9,99.89,14.63,32.483,406.5,414.2,400.5,408.1,-7.5,402,409.6,-7.6,-999,5
NH10,44.648,-124.298,11/6/2014,3:17,372.3,2,3.11,412.9,2,2.85,1016.6,15.8,99.98,14.663,32.429,373.4,414.1,367.3,407.3,-40,368.6,408.8,-40.1,-999,5
NH10,44.648,-124.298,11/6/2014,6:17,369.6,2,3.16,413.8,2,2.9,1015.3,15.8,100.08,14.727,32.366,370.8,415,364.2,407.6,-43.4,365.5,409.1,-43.6,-999,5
NH10,44.648,-124.298,11/6/2014,9:17,399.4,2,3.26,414,2,2.96,1014.2,15.8,99.98,14.736,32.389,400.7,415.2,393.1,407.4,-14.3,394.5,408.9,-14.3,-999,5
NH10,44.648,-124.298,11/6/2014,12:17,397.8,2,3.19,405.5,2,2.86,1012.5,15.8,99.93,14.7,32.421,399,406.7,390.9,398.4,-7.5,392.3,399.8,-7.6,-999,5
NH10,44.648,-124.298,11/6/2014,15:17,399.7,2,2.95,403.9,2,2.6,1013.6,15.7,99.85,14.684,32.377,400.9,404.9,393.1,397.1,-3.9,394.6,398.5,-3.9,-999,5
NH10,44.648,-124.298,11/6/2014,18:17,399.2,2,3.22,404.3,2,2.82,1016.8,15.8,99.84,14.799,32.345,400.5,405.5,393.9,398.8,-4.9,395.3,400.3,-4.9,-999,5
NH10,44.648,-124.298,11/6/2014,21:17,378.6,2,3.11,404.3,2,2.74,1020.8,15.8,99.88,14.874,32.368,379.8,405.4,375,400.3,-25.3,376.4,401.8,-25.4,-999,5
NH10,44.648,-124.298,11/7/2014,0:17,373.9,2,3.34,404.8,2,2.99,1024.1,15.8,99.99,14.833,32.331,375.1,406,371.6,402.2,-30.6,373,403.7,-30.7,-999,5
NH10,44.648,-124.298,11/7/2014,3:17,380.4,2,2.98,404.4,2,2.71,1025.7,15.6,99.95,14.787,32.34,381.5,405.5,378.6,402.4,-23.8,380,403.9,-23.9,-999,5
NH10,44.648,-124.298,11/7/2014,6:17,369.6,2,2.93,404.7,2,2.67,1027.2,15.5,99.75,14.805,32.341,370.6,405.8,368.3,403.3,-34.9,369.7,404.7,-35.1,-999,5
NH10,44.648,-124.298,11/7/2014,9:17,376.6,2,2.93,404.5,2,2.67,1027.7,15.5,99.85,14.77,32.355,377.7,405.6,375.5,403.3,-27.8,376.9,404.8,-27.9,-999,5
NH10,44.648,-124.298,11/7/2014,12:17,373.1,2,2.73,428.3,2,2.51,1028.8,15.5,99.65,14.733,32.389,374.1,429.4,372.4,427.4,-55,373.8,429,-55.2,-999,5
NH10,44.648,-124.298,11/7/2014,15:17,377.1,2,2.58,425.9,2,2.38,1029.9,15.3,99.42,14.737,32.423,378.1,427,376.8,425.5,-48.7,378.2,427,-48.9,-999,5
NH10,44.648,-124.298,11/7/2014,18:17,378.4,2,3.08,413,2,2.79,1030.5,15.3,99.33,14.789,32.423,379.5,414.2,378.4,412.9,-34.5,379.8,414.4,-34.6,-999,5
NH10,44.648,-124.298,11/7/2014,21:17,378.6,2,3.19,408.7,2,2.9,1028.6,15.7,99.31,14.848,32.42,379.8,409.9,378,407.9,-29.9,379.4,409.4,-30,-999,5
NH10,44.648,-124.298,11/8/2014,0:17,395.3,2,3.08,405.5,2,2.82,1027.4,16,99.89,14.786,32.412,396.5,406.7,394.2,404.3,-10.1,395.6,405.7,-10.1,-999,5
NH10,44.648,-124.298,11/8/2014,3:17,390.6,2,3.05,405.6,2,2.78,1027.3,15.5,99.93,14.725,32.408,391.8,406.7,389.4,404.3,-14.9,390.9,405.8,-14.9,-999,5
NH10,44.648,-124.298,11/8/2014,6:17,377.2,2,2.85,414.4,2,2.6,1026.6,15.3,99.63,14.727,32.419,378.3,415.5,375.8,412.7,-36.9,377.2,414.2,-37,-999,5
NH10,44.648,-124.298,11/8/2014,9:17,379.1,2,2.68,412.1,2,2.48,1025.5,15,99.48,14.722,32.429,380.2,413.1,377.2,409.9,-32.7,378.6,411.4,-32.8,-999,5
NH10,44.648,-124.298,11/8/2014,12:17,379.7,2,2.59,410.8,2,2.4,1024.5,14.8,99.31,14.708,32.436,380.6,411.8,377.3,408.2,-30.9,378.7,409.7,-31,-999,5
NH10,44.648,-124.298,11/8/2014,15:17,380.4,2,2.56,412.2,2,2.38,1024.1,14.5,99.2,14.708,32.435,381.4,413.2,377.9,409.4,-31.5,379.3,410.9,-31.6,-999,5
NH10,44.648,-124.298,11/8/2014,18:17,381.3,2,2.97,415.6,2,2.71,1024,14.4,99.21,14.693,32.408,382.5,416.7,379,412.9,-33.9,380.4,414.4,-34,-999,5
NH10,44.648,-124.298,11/8/2014,21:17,381.2,2,3.15,412.7,2,2.88,1021.3,15.3,99.29,14.766,32.41,382.4,413.9,377.8,408.9,-31.1,379.2,410.4,-31.2,-999,5
NH10,44.648,-124.298,11/9/2014,0:17,377.4,2,3.18,410.2,2,2.94,1020.1,16.1,99.34,14.668,32.404,378.6,411.4,373.7,406.1,-32.4,375,407.5,-32.5,-999,5
NH10,44.648,-124.298,11/9/2014,3:17,379.9,2,3.03,408.8,2,2.78,1020.3,15.4,99.3,14.652,32.395,381,409.9,376.2,404.7,-28.5,377.5,406.2,-28.6,-999,5
NH10,44.648,-124.298,11/9/2014,6:17,381,2,2.89,415.3,2,2.67,1020,15.1,99.3,14.703,32.421,382.2,416.4,377.1,410.9,-33.8,378.5,412.4,-33.9,-999,5
NH10,44.648,-124.298,11/9/2014,9:17,381.1,2,2.9,407.6,2,2.67,1019.4,15.3,99.24,14.705,32.434,382.3,408.7,377,403,-26,378.4,404.5,-26.1,-999,5
NH10,44.648,-124.298,11/9/2014,12:17,382.1,2,2.87,405.1,2,2.65,1017.9,15.1,99.16,14.701,32.439,383.2,406.2,377.3,400,-22.7,378.7,401.5,-22.8,-999,5
NH10,44.648,-124.298,11/9/2014,15:17,385.4,2,2.92,405.5,2,2.69,1017,15,99.17,14.704,32.446,386.5,406.6,380.3,400.1,-19.8,381.7,401.5,-19.9,-999,5
NH10,44.648,-124.298,11/9/2014,18:17,387.2,2,2.93,404.3,2,2.6,1016.3,15.4,99.87,14.663,32.391,388.4,405.4,381.8,398.6,-16.8,383.2,400.1,-16.8,-999,5
NH10,44.648,-124.298,11/9/2014,21:17,342.2,2,2.99,405,2,2.63,1017.6,15.5,99.81,14.483,32.397,343.3,406.1,338,399.9,-61.8,339.3,401.3,-62.1,-999,5
NH10,44.648,-124.298,11/10/2014,0:17,392.2,2,3.03,406,2,2.74,1018.3,15.3,99.92,14.495,32.411,393.4,407.2,387.7,401.2,-13.6,389.1,402.7,-13.6,-999,5
NH10,44.648,-124.298,11/10/2014,3:17,398.4,2,2.91,406.1,2,2.64,1018.8,15.2,99.86,14.64,32.433,399.6,407.1,393.9,401.3,-7.4,395.3,402.8,-7.5,-999,5
NH10,44.648,-124.298,11/10/2014,6:17,399.3,2,2.87,407.4,2,2.61,1018.6,15.2,99.93,14.646,32.44,400.4,408.5,394.6,402.6,-8,396.1,404.1,-8,-999,5
NH10,44.648,-124.298,11/10/2014,9:17,397.7,2,2.87,407.8,2,2.62,1018.6,15.2,99.92,14.613,32.431,398.9,408.9,393.1,403,-9.8,394.5,404.4,-9.9,-999,5
NH10,44.648,-124.298,11/10/2014,12:17,402.7,2,2.85,407.7,2,2.61,1019.1,15.1,99.91,14.613,32.434,403.8,408.7,398.2,403,-4.8,399.6,404.5,-4.9,-999,5
NH10,44.648,-124.298,11/10/2014,15:17,380.2,2,2.67,412.8,2,2.48,1019.6,15,99.61,14.572,32.434,381.2,413.9,376.1,408.3,-32.2,377.5,409.8,-32.3,-999,5
NH10,44.648,-124.298,11/10/2014,18:17,375.3,2,2.75,418.8,2,2.55,1019.6,15,99.6,14.462,32.343,376.4,419.9,371.3,414.3,-42.9,372.7,415.8,-43.1,-999,5
NH10,44.648,-124.298,11/10/2014,21:17,373.7,2,3.07,409.4,2,2.81,1017.9,15,99.69,14.47,32.274,374.9,410.5,369.3,404.4,-35.1,370.6,405.9,-35.2,-999,5
NH10,44.648,-124.298,11/11/2014,0:17,395.9,2,2.96,408.5,2,2.76,1017,15.5,99.85,14.57,32.387,397.1,409.6,390.7,403.1,-12.4,392.2,404.6,-12.4,-999,5
NH10,44.648,-124.298,11/11/2014,3:17,397.9,2,2.75,410,2,2.54,1016.4,15.1,99.91,14.471,32.368,399,411,392.4,404.2,-11.8,393.9,405.7,-11.8,-999,5
NH10,44.648,-124.298,11/11/2014,6:17,383,2,2.55,409.8,2,2.32,1015.2,14.8,99.92,14.426,32.373,383.9,410.8,377.2,403.6,-26.4,378.6,405.1,-26.5,-999,5
NH10,44.648,-124.298,11/11/2014,9:17,379.2,2,2.42,412,2,2.22,1014.2,14.6,99.68,14.404,32.418,380.2,412.9,373.1,405.3,-32.2,374.5,406.7,-32.3,-999,5
NH10,44.648,-124.298,11/11/2014,12:17,380.2,2,2.39,411.3,2,2.22,1013.4,14.3,99.72,14.404,32.437,381.2,412.2,373.8,404.2,-30.4,375.2,405.7,-30.5,-999,5
NH10,44.648,-124.298,11/11/2014,15:17,379.7,2,2.3,411,2,2.13,1014.2,14.1,99.63,14.351,32.441,380.6,411.9,373.5,404.3,-30.7,374.9,405.8,-30.8,-999,5
NH10,44.648,-124.298,11/11/2014,18:17,383.7,2,2.64,410.1,2,2.44,1014.7,13.9,99.52,14.39,32.445,384.7,411.1,377.8,403.7,-25.9,379.1,405.1,-26,-999,5
NH10,44.648,-124.298,11/11/2014,21:17,394.7,2,2.75,407.4,2,2.53,1014.1,14.5,99.93,14.38,32.449,395.8,408.5,388.4,400.9,-12.4,389.8,402.3,-12.5,-999,5
NH10,44.648,-124.298,11/12/2014,0:17,390.9,2,2.71,407.4,2,2.49,1014.2,14.7,99.9,14.346,32.455,392,408.4,384.8,400.8,-16.1,386.2,402.3,-16.1,-999,5
NH10,44.648,-124.298,11/12/2014,3:17,388.3,2,2.22,408.9,2,2.05,1015.4,14.4,99.92,14.288,32.462,389.2,409.7,382.5,402.7,-20.2,383.9,404.1,-20.3,-999,5
NH10,44.648,-124.298,11/12/2014,6:17,392.6,2,1.89,408.1,2,1.74,1016.2,14.4,99.91,14.211,32.485,393.4,408.8,386.9,402.1,-15.2,388.3,403.6,-15.2,-999,5
NH10,44.648,-124.298,11/12/2014,9:17,396.9,2,1.85,407.3,2,1.72,1016.6,14.5,99.92,14.14,32.505,397.7,408,391.3,401.5,-10.2,392.8,403,-10.2,-999,5
NH10,44.648,-124.298,11/12/2014,12:17,386.1,2,1.81,407.5,2,1.67,1016.5,14.3,99.88,14.038,32.467,386.8,408.2,380.6,401.7,-21.1,382,403.2,-21.2,-999,5
NH10,44.648,-124.298,11/12/2014,15:17,385.7,2,1.71,407.8,2,1.62,1016.5,14.2,99.93,14.043,32.452,386.3,408.4,380.2,401.9,-21.8,381.6,403.4,-21.8,-999,5
NH10,44.648,-124.298,11/12/2014,18:17,389.9,2,1.9,408,2,1.75,1016.5,14.2,99.91,14.014,32.428,390.6,408.7,384.4,402.2,-17.8,385.8,403.7,-17.8,-999,5
NH10,44.648,-124.298,11/12/2014,21:17,383.9,2,2.07,406,2,1.9,1015.2,14.2,99.89,14.018,32.422,384.7,406.8,378,399.8,-21.7,379.4,401.3,-21.8,-999,5
NH10,44.648,-124.298,11/13/2014,0:17,388.4,2,2.16,406.7,2,1.99,1013.7,14.2,99.92,14.024,32.409,389.2,407.5,382,399.9,-17.9,383.4,401.4,-18,-999,5
NH10,44.648,-124.298,11/13/2014,3:17,389,2,2.04,407.9,2,1.86,1012.2,14.3,99.9,13.979,32.404,389.8,408.6,382,400.4,-18.4,383.4,401.9,-18.5,-999,5
NH10,44.648,-124.298,11/13/2014,6:17,391.4,2,2.08,410.2,2,1.9,1011.1,14.3,99.9,13.969,32.413,392.2,411,383.9,402.3,-18.3,385.4,403.8,-18.4,-999,5
NH10,44.648,-124.298,11/13/2014,9:17,391,2,1.9,410.4,2,1.74,1009.9,14.2,99.85,13.99,32.429,391.8,411.1,383,402,-18.9,384.4,403.4,-19,-999,5
NH10,44.648,-124.298,11/13/2014,12:17,395,2,1.83,410,2,1.69,1007.3,14.3,99.9,14.014,32.457,395.7,410.7,385.8,400.4,-14.6,387.2,401.9,-14.7,-999,5
NH10,44.648,-124.298,11/13/2014,15:17,386.1,2,2.03,410.1,2,1.84,1006.9,14.4,99.83,13.97,32.457,386.8,410.8,377.1,400.5,-23.4,378.5,401.9,-23.5,-999,5
NH10,44.648,-124.298,11/13/2014,18:17,393.4,2,2.14,411.1,2,1.94,1007.7,14.3,99.88,13.933,32.482,394.2,411.9,384.6,401.9,-17.3,386,403.3,-17.4,-999,5
NH10,44.648,-124.298,11/13/2014,21:17,373.1,2,2.24,411.5,2,2.02,1009.5,14.3,99.82,13.917,32.419,374,412.3,365.5,403,-37.5,366.8,404.5,-37.6,-999,5
NH10,44.648,-124.298,11/14/2014,0:17,350.7,2,2.24,412.2,2,2,1011.5,14.1,99.68,13.941,32.468,351.5,413,344.2,404.4,-60.2,345.5,405.9,-60.4,-999,5
NH10,44.648,-124.298,11/14/2014,3:17,377.1,2,2.06,412.3,2,1.84,1012.1,13.9,99.25,13.959,32.452,377.8,413,370.2,404.7,-34.5,371.6,406.2,-34.6,-999,5
NH10,44.648,-124.298,11/14/2014,6:17,342.9,2,2.05,414.1,2,1.82,1013.1,13.7,99.4,13.913,32.472,343.6,414.9,337.1,406.9,-69.9,338.3,408.4,-70.1,-999,5
NH10,44.648,-124.298,11/14/2014,9:17,326.9,2,2.01,413.9,2,1.78,1013.7,13.6,99.37,13.868,32.44,327.6,414.6,321.5,406.9,-85.4,322.7,408.4,-85.7,-999,5
NH10,44.648,-124.298,11/14/2014,12:17,382.6,2,1.97,414.6,2,1.74,1014.4,13.4,98.96,14.097,32.403,383.3,415.4,376.4,407.9,-31.5,377.8,409.4,-31.6,-999,5
NH10,44.648,-124.298,11/14/2014,15:17,385.5,2,1.99,415.3,2,1.78,1015.6,13.3,98.81,14.226,32.426,386.3,416.1,379.8,409,-29.2,381.1,410.5,-29.4,-999,5
NH10,44.648,-124.298,11/14/2014,18:17,388.7,2,2.24,413.7,2,2.03,1017.7,12.8,98.66,14.268,32.429,389.5,414.5,383.7,408.3,-24.6,385.1,409.8,-24.7,-999,5
NH10,44.648,-124.298,11/14/2014,21:17,388.8,2,2.39,411.1,2,2.2,1018.5,13.2,98.6,14.302,32.438,389.8,412,384.2,406.2,-22,385.6,407.7,-22,-999,5
NH10,44.648,-124.298,11/15/2014,0:17,386.4,2,2.38,408.8,2,2.2,1019,14.2,98.51,14.274,32.44,387.3,409.7,382,404.1,-22.1,383.4,405.6,-22.2,-999,5
NH10,44.648,-124.298,11/15/2014,3:17,394.9,2,1.98,413.5,2,1.84,1020.4,13.9,99.84,14.195,32.449,395.7,414.3,390.9,409.2,-18.3,392.3,410.7,-18.4,-999,5
NH10,44.648,-124.298,11/15/2014,6:17,397.2,2,1.94,412.2,2,1.82,1021.7,13.7,99.88,14.134,32.456,398,412.9,393.6,408.4,-14.8,395,409.9,-14.9,-999,5
NH10,44.648,-124.298,11/15/2014,9:17,386.9,2,1.73,413.7,2,1.63,1022.6,13.2,99.8,14.131,32.463,387.6,414.4,383.7,410.2,-26.6,385.1,411.8,-26.7,-999,5
NH10,44.648,-124.298,11/15/2014,12:17,394.4,2,1.72,411.7,2,1.63,1023.6,13.3,99.91,14.153,32.466,395.1,412.4,391.5,408.7,-17.1,393,410.2,-17.2,-999,5
NH10,44.648,-124.298,11/15/2014,15:17,375.9,2,1.61,411.7,2,1.53,1024.9,13,99.42,14.072,32.459,376.5,412.3,373.6,409.1,-35.5,375,410.6,-35.6,-999,5
NH10,44.648,-124.298,11/15/2014,18:17,381,2,1.84,410.6,2,1.74,1026.8,12.6,99.4,13.999,32.456,381.7,411.3,379.4,408.9,-29.5,380.8,410.4,-29.6,-999,5
NH10,44.648,-124.298,11/15/2014,21:17,394.6,2,2.1,409.4,2,1.95,1026.4,13.1,99.91,13.89,32.443,395.4,410.2,393,407.7,-14.7,394.5,409.2,-14.7,-999,5
NH10,44.648,-124.298,11/16/2014,0:17,369.6,2,2.07,408.4,2,1.92,1026.8,13.4,99.55,14.041,32.429,370.4,409.2,368.2,406.8,-38.6,369.6,408.3,-38.7,-999,5
NH10,44.648,-124.298,11/16/2014,3:17,376.5,2,1.98,408.7,2,1.84,1027.6,13.3,99.73,14.068,32.428,377.3,409.5,375.3,407.4,-32.1,376.7,408.9,-32.2,-999,5
NH10,44.648,-124.298,11/16/2014,6:17,389,2,1.95,409.7,2,1.81,1028.1,13.5,99.92,14.033,32.429,389.7,410.5,388,408.6,-20.6,389.4,410.1,-20.7,-999,5
NH10,44.648,-124.298,11/16/2014,9:17,389.7,2,1.96,409.8,2,1.83,1028.3,13.7,99.93,14.016,32.457,390.5,410.6,388.8,408.8,-20,390.2,410.3,-20.1,-999,5
NH10,44.648,-124.298,11/16/2014,12:17,387.5,2,1.83,409.7,2,1.72,1027.1,13.6,99.91,13.815,32.454,388.2,410.4,386.1,408.2,-22.1,387.6,409.7,-22.2,-999,5
NH10,44.648,-124.298,11/16/2014,15:17,391.6,2,1.86,409.9,2,1.74,1027,13.4,99.9,13.705,32.449,392.3,410.6,390.2,408.5,-18.2,391.7,410,-18.3,-999,5
NH10,44.648,-124.298,11/16/2014,18:17,395.9,2,2.08,409.6,2,1.93,1027.2,13.3,99.94,13.845,32.436,396.7,410.4,394.6,408.2,-13.6,396.1,409.7,-13.7,-999,5
NH10,44.648,-124.298,11/16/2014,21:17,400.4,2,2.36,409.5,2,2.18,1025.8,13.4,99.89,13.918,32.474,401.4,410.4,398.7,407.7,-9,400.2,409.2,-9,-999,5
NH10,44.648,-124.298,11/17/2014,0:17,382.5,2,2.52,409.2,2,2.32,1024.9,13.6,99.27,13.82,32.479,383.4,410.2,380.6,407.1,-26.5,382,408.6,-26.6,-999,5
NH10,44.648,-124.298,11/17/2014,3:17,390.5,2,2.1,413.1,2,1.95,1025.1,13.6,99.9,13.769,32.466,391.3,413.9,388.5,410.9,-22.4,389.9,412.4,-22.5,-999,5
NH10,44.648,-124.298,11/17/2014,6:17,383.4,2,2.08,414.7,2,1.93,1026.2,13.4,99.79,13.726,32.45,384.2,415.5,381.9,412.9,-31.1,383.3,414.5,-31.2,-999,5
NH10,44.648,-124.298,11/17/2014,9:17,399.4,2,2.01,412.7,2,1.87,1025.5,13.3,99.87,13.713,32.45,400.2,413.4,397.5,410.6,-13.1,399,412.2,-13.2,-999,5
NH10,44.648,-124.298,11/17/2014,12:17,377.5,2,2.01,413.1,2,1.87,1025.7,13.1,99.43,13.623,32.463,378.3,413.9,375.8,411.2,-35.3,377.2,412.7,-35.5,-999,5
NH10,44.648,-124.298,11/17/2014,15:17,371.9,2,2.02,413.3,2,1.88,1025.4,13.3,99.53,13.684,32.45,372.6,414,370,411.2,-41.1,371.4,412.7,-41.3,-999,5
NH10,44.648,-124.298,11/17/2014,18:17,396,2,2.2,412.4,2,2.05,1024.7,13.5,99.98,13.731,32.438,396.8,413.3,393.8,410.1,-16.3,395.3,411.6,-16.4,-999,5
NH10,44.648,-124.298,11/17/2014,21:17,378.6,2,2.65,411.9,2,2.42,1023.1,13.6,99.51,13.747,32.436,379.6,412.9,376.1,409.1,-33,377.5,410.6,-33.1,-999,5
NH10,44.648,-124.298,11/18/2014,0:17,408.7,2,2.47,410.8,2,2.28,1021.8,13.8,99.56,13.737,32.425,409.7,411.7,405.5,407.5,-2,407,409,-2,-999,5
NH10,44.648,-124.298,11/18/2014,3:17,378.8,2,2.21,415.4,2,2.05,1020.7,13.6,99.62,13.725,32.409,379.6,416.2,375.3,411.4,-36.2,376.7,412.9,-36.3,-999,5
NH10,44.648,-124.298,11/18/2014,6:17,395.9,2,2.25,415.4,2,2.06,1019.2,13.5,99.81,13.724,32.422,396.8,416.2,391.6,410.8,-19.2,393.1,412.3,-19.3,-999,5
NH10,44.648,-124.298,11/18/2014,9:17,377.1,2,2.24,414.5,2,2.05,1018.4,13.3,99.51,13.683,32.422,377.9,415.3,372.7,409.6,-36.9,374.1,411.1,-37,-999,5
NH10,44.648,-124.298,11/18/2014,12:17,374.9,2,2.32,417.5,2,2.11,1018.3,13.3,99.36,13.64,32.427,375.8,418.4,370.6,412.6,-42,372,414.1,-42.1,-999,5
NH10,44.648,-124.298,11/18/2014,15:17,383.5,2,2.16,415.7,2,1.99,1018,13.3,99.64,13.563,32.426,384.3,416.5,378.9,410.7,-31.7,380.3,412.2,-31.9,-999,5
NH10,44.648,-124.298,11/18/2014,18:17,382.6,2,2.46,415.7,2,2.25,1018.4,13.3,99.7,13.654,32.442,383.5,416.7,378.2,411,-32.7,379.6,412.5,-32.8,-999,5
NH10,44.648,-124.298,11/18/2014,21:17,377.7,2,2.76,409.2,2,2.51,1017.4,13.7,99.5,13.702,32.443,378.8,410.2,373.2,404.1,-31,374.6,405.6,-31.1,-999,5
NH10,44.648,-124.298,11/19/2014,0:17,379.6,2,2.79,409.6,2,2.53,1016.4,14.1,99.63,13.682,32.404,380.6,410.7,374.7,404.2,-29.6,376,405.7,-29.7,-999,5
NH10,44.648,-124.298,11/19/2014,3:17,383.1,2,2.49,414.5,2,2.28,1015.7,13.9,99.86,13.486,32.44,384.1,415.5,377.8,408.7,-30.9,379.2,410.2,-31,-999,5
NH10,44.648,-124.298,11/19/2014,6:17,395.9,2,2.49,415.8,2,2.27,1015.3,13.6,99.9,13.219,32.449,396.9,416.7,390.4,409.9,-19.5,391.9,411.4,-19.5,-999,5
NH10,44.648,-124.298,11/19/2014,9:17,407.5,2,2.45,418.7,2,2.23,1014.7,13.5,99.84,13.287,32.495,408.5,419.7,401.6,412.5,-11,403.1,414.1,-11,-999,5
NH10,44.648,-124.298,11/19/2014,12:17,404.5,2,2.44,414.6,2,2.24,1012.8,13.5,99.88,13.283,32.478,405.5,415.5,397.8,407.7,-9.8,399.3,409.2,-9.9,-999,5
NH10,44.648,-124.298,11/19/2014,15:17,393,2,2.36,415.3,2,2.18,1011.5,13.6,99.89,13.431,32.459,393.9,416.2,385.9,407.7,-21.8,387.4,409.2,-21.9,-999,5
NH10,44.648,-124.298,11/19/2014,18:17,378.4,2,2.6,414.6,2,2.37,1010.4,13.6,99.64,13.616,32.436,379.3,415.6,371.2,406.6,-35.4,372.5,408.1,-35.6,-999,5
NH10,44.648,-124.298,11/19/2014,21:17,386.1,2,2.84,413,2,2.58,1008.5,13.9,99.82,13.623,32.437,387.2,414,378.2,404.4,-26.2,379.6,405.8,-26.3,-999,5
NH10,44.648,-124.298,11/20/2014,0:17,393.9,2,2.68,409.6,2,2.46,1009.4,14.3,99.92,13.601,32.431,394.9,410.6,386.1,401.4,-15.3,387.5,402.9,-15.4,-999,5
NH10,44.648,-124.298,11/20/2014,3:17,393.8,2,2.76,408.8,2,2.5,1010.4,14.3,99.92,13.662,32.437,394.9,409.8,386.4,401,-14.6,387.8,402.5,-14.6,-999,5
NH10,44.648,-124.298,11/20/2014,6:17,390.9,2,2.81,405,2,2.52,1013,14.6,99.86,13.585,32.435,392,406,384.6,398.3,-13.7,386,399.8,-13.8,-999,5
NH10,44.648,-124.298,11/20/2014,9:17,393.6,2,2.92,405.5,2,2.62,1014.5,14.5,99.93,13.595,32.431,394.7,406.6,387.8,399.5,-11.6,389.3,401,-11.7,-999,5
NH10,44.648,-124.298,11/20/2014,12:17,378.5,2,2.8,406.7,2,2.52,1014.4,14.5,99.71,13.606,32.432,379.5,407.7,372.8,400.5,-27.7,374.2,402,-27.8,-999,5
NH10,44.648,-124.298,11/20/2014,15:17,389.5,2,2.75,406.9,2,2.44,1014.2,14.5,99.89,13.486,32.462,390.5,407.9,383.6,400.7,-17.1,385.1,402.2,-17.1,-999,5
NH10,44.648,-124.298,11/20/2014,18:17,385.7,2,2.71,408.5,2,2.4,1014.6,14.4,99.76,13.607,32.427,386.7,409.5,380,402.4,-22.4,381.4,403.9,-22.5,-999,5
NH10,44.648,-124.298,11/20/2014,21:17,392.7,2,2.81,408,2,2.5,1013.6,14.4,99.88,13.458,32.402,393.8,409.1,386.7,401.6,-15,388.1,403.1,-15,-999,5
NH10,44.648,-124.298,11/21/2014,0:17,395.5,2,2.87,408.9,2,2.56,1013.9,14.3,99.92,13.189,32.364,396.7,409.9,389.6,402.7,-13,391.1,404.2,-13.1,-999,5
NH10,44.648,-124.298,11/21/2014,3:17,398.5,2,2.86,408.3,2,2.55,1013.5,14.1,99.88,13.296,32.406,399.6,409.3,392.3,401.9,-9.6,393.8,403.4,-9.6,-999,5
NH10,44.648,-124.298,11/21/2014,6:17,398.7,2,2.77,407.3,2,2.5,1013,14.2,99.86,13.612,32.403,399.9,408.3,392.3,400.6,-8.3,393.7,402.1,-8.3,-999,5
NH10,44.648,-124.298,11/21/2014,9:17,379.3,2,2.7,408.7,2,2.37,1012.4,14.5,99.82,13.721,32.43,380.4,409.7,372.9,401.6,-28.7,374.2,403.1,-28.8,-999,5
NH10,44.648,-124.298,11/21/2014,12:17,391.9,2,2.72,409.6,2,2.42,1011.3,14.6,99.84,13.78,32.428,393,410.6,384.8,402,-17.2,386.2,403.5,-17.3,-999,5
NH10,44.648,-124.298,11/21/2014,15:17,401.9,2,2.65,410.2,2,2.33,1008.1,14.7,100.3,13.769,32.424,402.9,411.2,393.3,401.3,-8,394.7,402.8,-8.1,-999,5
NH10,44.648,-124.298,11/21/2014,18:17,401.1,2,2.72,409.2,2,2.4,1003.1,14.7,99.54,13.778,32.419,402.2,410.2,390.6,398.4,-7.8,392.1,399.8,-7.8,-999,5
NH10,44.648,-124.298,11/21/2014,21:17,399.5,2,2.95,407.9,2,2.53,999.6,14.8,100.24,13.668,32.357,400.7,408.9,387.8,395.8,-8,389.2,397.2,-8,-999,5
NH10,44.648,-124.298,11/22/2014,0:17,401.3,2,2.95,407.1,2,2.57,998.6,14.7,99.72,13.559,32.391,402.5,408.1,389.2,394.7,-5.5,390.6,396.1,-5.5,-999,5
NH10,44.648,-124.298,11/22/2014,3:17,401.1,2,2.8,405.2,2,2.45,1001.1,14.6,99.76,13.555,32.395,402.2,406.2,389.9,393.8,-3.9,391.3,395.2,-3.9,-999,5
NH10,44.648,-124.298,11/22/2014,6:17,388.9,2,2.75,406,2,2.41,1004.4,14.5,99.73,13.483,32.394,389.9,406.9,379.3,395.8,-16.5,380.7,397.3,-16.6,-999,5
NH10,44.648,-124.298,11/22/2014,9:17,356.9,2,2.65,406.2,2,2.34,1006.5,14.3,99.61,13.506,32.411,357.9,407.1,348.8,396.8,-48,350.1,398.3,-48.2,-999,5
NH10,44.648,-124.298,11/22/2014,12:17,358.6,2,2.7,406.5,2,2.38,1008,14.2,99.82,13.401,32.387,359.6,407.4,351.1,397.8,-46.7,352.4,399.3,-46.9,-999,5
NH10,44.648,-124.298,11/22/2014,15:17,395.8,2,2.8,406.7,2,2.5,1010,14.1,99.84,13.311,32.368,396.9,407.7,388.3,398.9,-10.6,389.7,400.4,-10.7,-999,5
NH10,44.648,-124.298,11/22/2014,18:17,394.7,2,2.8,406.2,2,2.48,1013.3,14,99.84,13.527,32.421,395.8,407.2,388.5,399.7,-11.2,389.9,401.2,-11.2,-999,5
NH10,44.648,-124.298,11/22/2014,21:17,391.6,2,2.84,406.6,2,2.51,1016.9,14.4,99.88,13.527,32.447,392.7,407.6,386.8,401.5,-14.6,388.3,402.9,-14.7,-999,5
NH10,44.648,-124.298,11/23/2014,0:17,395.6,2,2.59,406,2,2.34,1020.1,14.3,99.85,13.592,32.455,396.6,406.9,391.9,402,-10.2,393.3,403.5,-10.2,-999,5
NH10,44.648,-124.298,11/23/2014,3:17,389.5,2,2.76,406.8,2,2.49,1022.3,14.1,99.45,13.527,32.445,390.6,407.8,386.7,403.8,-17.1,388.2,405.3,-17.1,-999,5
NH10,44.648,-124.298,11/23/2014,6:17,406.6,2,2.61,406.2,2,2.37,1023.9,14.1,99.65,13.337,32.405,407.7,407.1,404.4,403.9,0.5,405.9,405.4,0.5,-999,5
NH10,44.648,-124.298,11/23/2014,9:17,385.7,2,2.51,406,2,2.19,1025.5,14.2,99.71,13.56,32.469,386.6,406.9,384.1,404.2,-20.1,385.5,405.7,-20.2,-999,5
NH10,44.648,-124.298,11/23/2014,12:17,380.5,2,2.59,406,2,2.29,1025.8,14.4,99.67,13.607,32.466,381.5,407,379.1,404.4,-25.3,380.5,405.9,-25.4,-999,5
NH10,44.648,-124.298,11/23/2014,15:17,379.4,2,2.57,406.1,2,2.25,1026.6,14.5,99.77,13.615,32.461,380.4,407,378.2,404.7,-26.5,379.6,406.2,-26.6,-999,5
NH10,44.648,-124.298,11/23/2014,18:17,382.3,2,2.8,406.5,2,2.44,1026.4,14.5,99.76,13.381,32.468,383.3,407.5,381.2,405.2,-24,382.6,406.7,-24.1,-999,5
NH10,44.648,-124.298,11/23/2014,21:17,399.4,2,2.93,406.6,2,2.63,1026,14.5,99.9,13.404,32.433,400.6,407.7,398.2,405.3,-7.1,399.7,406.8,-7.1,-999,5
NH10,44.648,-124.298,11/24/2014,0:17,397.3,2,2.8,406.3,2,2.52,1026.4,14.4,99.89,13.406,32.424,398.4,407.3,396.2,405,-8.8,397.7,406.6,-8.9,-999,5
NH10,44.648,-124.298,11/24/2014,3:17,394.8,2,2.79,406.3,2,2.52,1027,14.4,99.91,13.451,32.403,395.9,407.3,393.9,405.3,-11.4,395.3,406.8,-11.4,-999,5
NH10,44.648,-124.298,11/24/2014,6:17,395.3,2,2.74,406.1,2,2.44,1026.9,14.5,99.8,13.583,32.403,396.4,407,394.3,404.9,-10.6,395.8,406.4,-10.7,-999,5
NH10,44.648,-124.298,11/24/2014,9:17,389.9,2,2.64,407.8,2,2.34,1027.6,14.5,99.76,13.605,32.386,390.9,408.7,389.1,406.8,-17.7,390.5,408.3,-17.8,-999,5
NH10,44.648,-124.298,11/24/2014,12:17,374.9,2,2.62,412.5,2,2.36,1027,14.5,99.46,13.626,32.377,375.9,413.4,373.9,411.3,-37.4,375.3,412.8,-37.5,-999,5
NH10,44.648,-124.298,11/24/2014,15:17,375,2,2.47,419,2,2.23,1027.3,14.2,99.2,13.613,32.379,375.9,419.9,374,417.8,-43.8,375.4,419.4,-44,-999,5
NH10,44.648,-124.298,11/24/2014,18:17,393,2,2.68,410.2,2,2.41,1027.6,14.2,99.82,13.631,32.37,394.1,411.2,392.3,409.3,-17,393.7,410.8,-17.1,-999,5
NH10,44.648,-124.298,11/24/2014,21:17,390.7,2,2.67,410,2,2.38,1026.3,14.4,99.85,13.644,32.371,391.8,411,389.5,408.5,-19.1,390.9,410.1,-19.1,-999,5
NH10,44.648,-124.298,11/25/2014,0:17,386,2,2.6,410.7,2,2.29,1025,14.5,99.86,13.79,32.391,387,411.7,384.2,408.6,-24.5,385.6,410.2,-24.6,-999,5
NH10,44.648,-124.298,11/25/2014,3:17,386.6,2,2.78,406.8,2,2.44,1025.5,14.8,99.81,13.836,32.407,387.6,407.8,384.9,404.9,-20,386.4,406.4,-20.1,-999,5
NH10,44.648,-124.298,11/25/2014,6:17,369.2,2,2.85,403.4,2,2.49,1026.4,14.9,99.81,13.826,32.413,370.3,404.4,368,401.9,-33.9,369.4,403.4,-34,-999,5
NH10,44.648,-124.298,11/25/2014,9:17,385.5,2,2.82,403.4,2,2.47,1026.9,14.9,99.78,13.877,32.419,386.6,404.4,384.4,402.1,-17.7,385.9,403.6,-17.7,-999,5
NH10,44.648,-124.298,11/25/2014,12:17,368.2,2,2.79,403.2,2,2.45,1027.6,15,99.76,13.911,32.418,369.2,404.2,367.4,402.2,-34.7,368.8,403.7,-34.9,-999,5
NH10,44.648,-124.298,11/25/2014,15:17,377.1,2,2.8,403.3,2,2.45,1028.1,15,99.78,13.941,32.418,378.1,404.3,376.4,402.5,-26,377.8,404,-26.1,-999,5
NH10,44.648,-124.298,11/25/2014,18:17,367.8,2,2.78,404.2,2,2.41,1029,15,99.69,13.924,32.418,368.9,405.2,367.5,403.7,-36.2,368.9,405.2,-36.3,-999,5
NH10,44.648,-124.298,11/25/2014,21:17,357.2,2,2.85,403.1,2,2.49,1027.8,15,99.69,13.932,32.418,358.2,404.1,356.5,402.1,-45.6,357.8,403.6,-45.8,-999,5
NH10,44.648,-124.298,11/26/2014,0:17,398,2,2.92,403.4,2,2.6,1027.6,15,99.86,13.948,32.424,399.2,404.5,397.2,402.4,-5.2,398.7,403.9,-5.3,-999,5
NH10,44.648,-124.298,11/26/2014,3:17,393.4,2,2.9,403.4,2,2.6,1026.7,15,99.89,13.953,32.432,394.5,404.5,392.2,402.1,-9.9,393.7,403.6,-10,-999,5
NH10,44.648,-124.298,11/26/2014,6:17,373,2,2.7,403.1,2,2.36,1026.4,15,99.83,13.936,32.435,374,404.1,371.7,401.6,-29.9,373.1,403.1,-30,-999,5
NH10,44.648,-124.298,11/26/2014,9:17,384.4,2,2.75,403.3,2,2.45,1025.7,14.9,99.83,13.897,32.446,385.5,404.2,382.8,401.5,-18.7,384.3,403,-18.7,-999,5
NH10,44.648,-124.298,11/26/2014,12:17,386.3,2,2.69,406.4,2,2.42,1023.5,14.8,99.68,13.977,32.398,387.4,407.3,383.9,403.7,-19.8,385.3,405.2,-19.9,-999,5
NH10,44.648,-124.298,11/26/2014,15:17,383.6,2,2.62,415.6,2,2.35,1022,14.7,99.48,13.951,32.4,384.6,416.6,380.6,412.2,-31.6,382,413.8,-31.7,-999,5
NH10,44.648,-124.298,11/26/2014,18:17,367.5,2,2.88,420.6,2,2.53,1021.1,14.7,99.49,13.952,32.405,368.6,421.6,364.4,416.9,-52.5,365.7,418.4,-52.7,-999,5
NH10,44.648,-124.298,11/26/2014,21:17,397,2,3.05,415.5,2,2.7,1018.7,14.9,99.84,13.917,32.425,398.2,416.6,392.7,410.9,-18.2,394.2,412.5,-18.3,-999,5
NH10,44.648,-124.298,11/27/2014,0:17,398.7,2,2.99,411.6,2,2.67,1016.2,14.9,99.89,13.898,32.413,399.9,412.7,393.5,406,-12.5,395,407.5,-12.6,-999,5
NH10,44.648,-124.298,11/27/2014,3:17,402.2,2,3.03,413.8,2,2.68,1015.8,14.9,99.8,13.88,32.407,403.4,414.9,396.7,408,-11.3,398.2,409.5,-11.3,-999,5
NH10,44.648,-124.298,11/27/2014,6:17,396.8,2,2.96,418.1,2,2.58,1015.5,14.9,99.83,13.865,32.387,398,419.2,391.3,412.1,-20.8,392.7,413.7,-20.9,-999,5
NH10,44.648,-124.298,11/27/2014,9:17,404.1,2,2.84,417.8,2,2.49,1014.7,14.9,99.78,13.848,32.412,405.2,418.8,398.2,411.5,-13.3,399.6,413,-13.4,-999,5
NH10,44.648,-124.298,11/27/2014,12:17,402.1,2,2.86,414.9,2,2.5,1014.7,14.7,99.86,13.752,32.363,403.3,415.9,396.3,408.7,-12.4,397.7,410.2,-12.5,-999,5
NH10,44.648,-124.298,11/27/2014,15:17,396.5,2,2.77,407.7,2,2.43,1013,14.9,99.77,13.875,32.377,397.6,408.7,389.9,400.9,-10.9,391.4,402.3,-11,-999,5
NH10,44.648,-124.298,11/27/2014,18:17,401.2,2,2.76,408.2,2,2.44,1013.9,14.9,99.74,13.9,32.395,402.3,409.2,395,401.7,-6.7,396.4,403.2,-6.8,-999,5
NH10,44.648,-124.298,11/27/2014,21:17,396,2,2.73,409,2,2.4,1013.2,14.9,99.84,13.855,32.333,397.1,410,389.5,402.2,-12.7,391,403.7,-12.7,-999,5
NH10,44.648,-124.298,11/28/2014,0:17,394.9,2,2.76,408.3,2,2.42,1012.3,14.9,99.82,13.855,32.283,396,409.3,388.1,401.2,-13.1,389.5,402.7,-13.2,-999,5
NH10,44.648,-124.298,11/28/2014,3:17,396.2,2,2.78,408.6,2,2.45,1011.4,14.8,99.8,13.819,32.273,397.3,409.6,389.1,401.1,-12.1,390.5,402.6,-12.1,-999,5
NH10,44.648,-124.298,11/28/2014,6:17,393.9,2,2.75,408.6,2,2.42,1010,14.8,99.82,13.81,32.282,395,409.6,386.3,400.6,-14.2,387.7,402,-14.3,-999,5
NH10,44.648,-124.298,11/28/2014,9:17,399.2,2,2.92,407.6,2,2.57,1007.9,14.9,99.8,14.076,32.316,400.4,408.6,390.6,398.7,-8.1,392,400.1,-8.1,-999,5
NH10,44.648,-124.298,11/28/2014,12:17,400.6,2,2.96,407.2,2,2.58,1006,15.1,99.95,14.061,32.314,401.8,408.3,391.2,397.6,-6.4,392.7,399.1,-6.4,-999,5
NH10,44.648,-124.298,11/28/2014,15:17,399.1,2,2.96,407.8,2,2.6,1003.6,15.1,99.88,14.096,32.281,400.3,408.9,388.8,397.2,-8.3,390.3,398.6,-8.3,-999,5
NH10,44.648,-124.298,11/28/2014,18:17,397.1,2,2.97,408.4,2,2.6,1002.7,15.1,99.67,14.023,32.326,398.3,409.4,386.6,397.4,-10.8,388,398.8,-10.8,-999,5
NH10,44.648,-124.298,11/28/2014,21:17,398.8,2,3.02,405.7,2,2.63,1001,15.1,99.99,13.971,32.363,400,406.8,387.6,394.2,-6.6,389,395.6,-6.6,-999,5
NH10,44.648,-124.298,11/29/2014,0:17,393.9,2,2.58,406.6,2,2.27,1001.3,15,99.8,13.896,32.344,394.9,407.6,382.8,395.1,-12.3,384.2,396.5,-12.3,-999,5
NH10,44.648,-124.298,11/29/2014,3:17,362.4,2,2.33,407,2,2.06,1003.3,14.5,99.79,13.874,32.366,363.2,407.9,352.8,396.2,-43.3,354.1,397.6,-43.5,-999,5
NH10,44.648,-124.298,11/29/2014,6:17,395.7,2,2.48,408.1,2,2.25,1004.6,14.2,99.92,14.042,32.286,396.7,409,385.7,397.7,-12,387.1,399.2,-12,-999,5
NH10,44.648,-124.298,11/29/2014,9:17,404.2,2,2.51,407.5,2,2.29,1005.2,14.1,99.86,14.044,32.274,405.2,408.4,394.3,397.4,-3.1,395.7,398.9,-3.1,-999,5
NH10,44.648,-124.298,11/29/2014,12:17,386,2,2.27,407.4,2,2.02,1006.1,14.1,99.87,13.978,32.273,386.8,408.2,376.8,397.6,-20.8,378.1,399,-20.9,-999,5
NH10,44.648,-124.298,11/29/2014,15:17,390.7,2,2.02,406.3,2,1.83,1008.3,14.3,99.87,13.861,32.299,391.4,407.1,382.1,397.4,-15.2,383.5,398.8,-15.3,-999,5
NH10,44.648,-124.298,11/29/2014,18:17,372.8,2,1.87,406.4,2,1.68,1011.3,14.2,99.79,13.852,32.299,373.5,407.1,365.7,398.6,-32.9,367,400.1,-33.1,-999,5
NH10,44.648,-124.298,11/29/2014,21:17,398.5,2,2.38,408.2,2,2.16,1012.6,14,99.91,13.878,32.294,399.4,409.1,391.6,401.1,-9.5,393,402.5,-9.5,-999,5
NH10,44.648,-124.298,11/30/2014,0:17,376.4,2,2.36,408.6,2,2.16,1014.3,13.9,99.71,13.89,32.3,377.3,409.5,370.5,402.1,-31.6,371.9,403.6,-31.7,-999,5
NH10,44.648,-124.298,11/30/2014,3:17,376.7,2,2.16,408.6,2,1.99,1015.8,13.6,99.72,13.787,32.311,377.5,409.4,371.3,402.7,-31.3,372.7,404.1,-31.5,-999,5
NH10,44.648,-124.298,11/30/2014,6:17,388.3,2,1.85,410.4,2,1.73,1017.2,13.4,99.88,13.843,32.29,389.1,411.2,383.2,404.9,-21.8,384.6,406.4,-21.8,-999,5
NH10,44.648,-124.298,11/30/2014,9:17,391.3,2,1.72,411.4,2,1.61,1017.2,13.3,99.91,13.845,32.288,391.9,412.1,386,405.9,-19.8,387.5,407.4,-19.9,-999,5
NH10,44.648,-124.298,11/30/2014,12:17,372.4,2,1.66,411.9,2,1.56,1016.2,13,99.69,13.87,32.285,373,412.6,367,406,-38.9,368.4,407.5,-39.1,-999,5
NH10,44.648,-124.298,11/30/2014,15:17,374.6,2,1.56,413.4,2,1.48,1015.8,12.4,99.58,13.843,32.29,375.1,414.1,369,407.3,-38.3,370.3,408.8,-38.4,-999,5
NH10,44.648,-124.298,11/30/2014,18:17,371.7,2,1.79,411.9,2,1.69,1016,12.4,99.47,13.799,32.29,372.4,412.6,366.4,406,-39.6,367.7,407.5,-39.7,-999,5
NH10,44.648,-124.298,11/30/2014,21:17,373.1,2,2.07,410.9,2,1.92,1014.3,12.2,99.45,13.804,32.297,373.9,411.7,367.2,404.3,-37.1,368.6,405.8,-37.2,-999,5
NH10,44.648,-124.298,12/1/2014,0:17,372.9,2,2.08,408.4,2,1.93,1013.7,13.2,99.7,13.76,32.323,373.7,409.2,366.8,401.6,-34.8,368.2,403.1,-34.9,-999,5
NH10,44.648,-124.298,12/1/2014,3:17,394.6,2,1.99,412.8,2,1.86,1014.7,13.2,99.89,13.729,32.337,395.4,413.6,388.5,406.4,-17.9,389.9,407.9,-18,-999,5
NH10,44.648,-124.298,12/1/2014,6:17,376,2,2.04,414.4,2,1.91,1015.7,13.3,99.77,13.692,32.327,376.8,415.2,370.6,408.3,-37.7,372,409.9,-37.9,-999,5
NH10,44.648,-124.298,12/1/2014,9:17,372.3,2,2.11,414,2,1.97,1015.8,13.2,99.65,13.65,32.327,373.1,414.8,367.1,408.1,-41,368.4,409.6,-41.2,-999,5
NH10,44.648,-124.298,12/1/2014,12:17,374.1,2,2.13,415.1,2,1.98,1016.1,13.1,99.47,13.481,32.344,374.9,415.9,368.9,409.3,-40.4,370.3,410.8,-40.5,-999,5
NH10,44.648,-124.298,12/1/2014,15:17,370.4,2,2.1,416.9,2,1.95,1017,12.9,99.34,13.055,32.088,371.2,417.7,365.8,411.7,-45.9,367.2,413.2,-46,-999,5
NH10,44.648,-124.298,12/1/2014,18:17,373.5,2,2.08,416.5,2,1.93,1019.3,12.8,99.21,13.251,32.049,374.3,417.3,369.6,412.1,-42.5,371,413.7,-42.7,-999,5
NH10,44.648,-124.298,12/1/2014,21:17,376.1,2,2.34,413.3,2,2.16,1018.5,13,99.15,13.292,32.053,377,414.2,372,408.7,-36.7,373.4,410.2,-36.9,-999,5
NH10,44.648,-124.298,12/2/2014,0:17,366.9,2,2.4,411.8,2,2.2,1018.5,13.1,99.19,12.878,31.876,367.8,412.7,363,407.4,-44.3,364.4,408.9,-44.5,-999,5
NH10,44.648,-124.298,12/2/2014,3:17,368.8,2,2.07,416.4,2,1.91,1018.7,12.9,99.13,13.117,31.945,369.5,417.2,364.7,411.8,-47,366.1,413.3,-47.2,-999,5
NH10,44.648,-124.298,12/2/2014,6:17,373,2,2.09,415.2,2,1.92,1018.5,13,99.16,13.247,32.017,373.8,416,368.8,410.5,-41.7,370.2,412.1,-41.9,-999,5
NH10,44.648,-124.298,12/2/2014,9:17,388.7,2,2.21,413.1,2,2.03,1018.1,13.2,99.51,13.532,32.163,389.6,414,384.2,408.2,-24,385.6,409.7,-24.1,-999,5
NH10,44.648,-124.298,12/2/2014,12:17,370.5,2,2.25,413.5,2,2.06,1016.6,13.5,99.57,13.104,32.05,371.3,414.3,365.7,408.1,-42.4,367.1,409.6,-42.6,-999,5
NH10,44.648,-124.298,12/2/2014,15:17,367.4,2,2.22,412,2,2.01,1015.4,13.2,99.45,13.291,32.246,368.3,412.9,362.2,406.1,-43.9,363.6,407.6,-44,-999,5
NH10,44.648,-124.298,12/2/2014,18:17,370.1,2,2.38,413.4,2,2.15,1013.4,13.3,99.45,13.399,32.293,371,414.3,364.2,406.7,-42.6,365.5,408.2,-42.7,-999,5
NH10,44.648,-124.298,12/2/2014,21:17,370.4,2,2.58,407.9,2,2.31,1009.9,13.5,99.48,13.27,32.192,371.3,408.8,363.3,399.9,-36.7,364.6,401.4,-36.8,-999,5
NH10,44.648,-124.298,12/3/2014,0:17,362.9,2,2.41,410.7,2,2.17,1008.4,13.3,99.56,13.199,32.151,363.8,411.6,355.4,402.1,-46.7,356.7,403.6,-46.9,-999,5
NH10,44.648,-124.298,12/3/2014,3:17,395.2,2,2.29,413.3,2,2.06,1007,13.3,99.9,13.241,32.132,396.1,414.1,386.4,403.9,-17.5,387.8,405.4,-17.6,-999,5
NH10,44.648,-124.298,12/3/2014,6:17,384.9,2,2.19,415.9,2,1.95,1006.3,13.3,99.83,13.08,32.042,385.7,416.7,376.1,406.3,-30.2,377.5,407.8,-30.3,-999,5
NH10,44.648,-124.298,12/3/2014,9:17,372,2,2.2,415.1,2,1.95,1005.9,13.2,99.72,13.034,32.078,372.8,415.9,363.3,405.3,-42,364.6,406.8,-42.1,-999,5
NH10,44.648,-124.298,12/3/2014,12:17,373.1,2,2.22,415.9,2,1.97,1005.5,12.9,99.61,13.045,32.112,374,416.7,364.3,406,-41.6,365.7,407.5,-41.8,-999,5
NH10,44.648,-124.298,12/3/2014,15:17,394.2,2,2.33,414.4,2,2.06,1005.1,13.1,99.83,13.186,32.246,395.1,415.2,384.7,404.3,-19.6,386.1,405.8,-19.7,-999,5
NH10,44.648,-124.298,12/3/2014,18:17,401.3,2,2.35,414.9,2,2.07,1005.5,13.5,99.77,13.454,32.418,402.2,415.8,391.7,404.9,-13.2,393.1,406.4,-13.3,-999,5
NH10,44.648,-124.298,12/3/2014,21:17,382.5,2,2.69,410.2,2,2.36,1004.2,13.6,99.65,13.536,32.461,383.5,411.2,372.9,399.9,-26.9,374.3,401.3,-27,-999,5
NH10,44.648,-124.298,12/4/2014,0:17,383.4,2,2.52,411.7,2,2.22,1004.2,13.8,99.57,13.496,32.463,384.4,412.6,373.8,401.2,-27.4,375.2,402.7,-27.5,-999,5
NH10,44.648,-124.298,12/4/2014,3:17,360.3,2,2.47,417.4,2,2.16,1004.7,13.7,99.58,13.424,32.427,361.2,418.3,351.5,407.1,-55.6,352.8,408.6,-55.8,-999,5
NH10,44.648,-124.298,12/4/2014,6:17,374.5,2,2.2,418.7,2,1.93,1005.7,13.5,99.42,13.537,32.449,375.3,419.5,365.6,408.6,-43,366.9,410.1,-43.2,-999,5
NH10,44.648,-124.298,12/4/2014,9:17,363.5,2,2.25,417.8,2,1.98,1005.8,13.6,99.6,13.486,32.46,364.3,418.6,354.9,407.8,-52.9,356.2,409.3,-53.1,-999,5
NH10,44.648,-124.298,12/4/2014,12:17,380.2,2,2.83,409.4,2,2.48,1006.4,14,99.7,13.498,32.458,381.3,410.4,371.6,400,-28.4,373,401.5,-28.5,-999,5
NH10,44.648,-124.298,12/4/2014,15:17,387.8,2,2.84,409.2,2,2.47,1006.6,14.4,99.79,13.495,32.387,388.9,410.2,379.1,399.9,-20.7,380.5,401.3,-20.8,-999,5
NH10,44.648,-124.298,12/4/2014,18:17,385.8,2,2.8,411.3,2,2.44,1007.2,14.4,99.74,13.558,32.396,386.9,412.3,377.3,402.1,-24.8,378.7,403.6,-24.9,-999,5
NH10,44.648,-124.298,12/4/2014,21:17,367.4,2,3.04,409.4,2,2.67,1008.5,14.6,99.83,13.592,32.424,368.5,410.5,360,400.9,-41,361.3,402.4,-41.1,-999,5
NH10,44.648,-124.298,12/5/2014,0:17,372,2,2.81,408.4,2,2.53,1009.9,14.5,99.86,13.558,32.421,373,409.5,364.8,400.5,-35.6,366.2,401.9,-35.8,-999,5
NH10,44.648,-124.298,12/5/2014,3:17,379,2,2.86,409.3,2,2.56,1010.8,14.5,99.84,13.521,32.413,380,410.4,372.1,401.8,-29.7,373.4,403.3,-29.8,-999,5
NH10,44.648,-124.298,12/5/2014,6:17,388.9,2,2.76,409.2,2,2.41,1011.2,14.5,99.81,13.495,32.412,390,410.2,381.9,401.8,-19.8,383.4,403.2,-19.9,-999,5
NH10,44.648,-124.298,12/5/2014,9:17,375.7,2,2.81,410.5,2,2.43,1011.3,14.6,99.74,13.546,32.422,376.7,411.5,369,403.1,-34.1,370.3,404.5,-34.2,-999,5
NH10,44.648,-124.298,12/5/2014,12:17,389.3,2,2.89,409,2,2.54,1011.5,14.5,99.84,13.565,32.362,390.5,410.1,382.5,401.7,-19.2,383.9,403.2,-19.3,-999,5
NH10,44.648,-124.298,12/5/2014,15:17,380,2,2.74,415.2,2,2.38,1011.3,14.5,99.81,13.473,32.338,381,416.2,373.2,407.7,-34.5,374.5,409.2,-34.6,-999,5
NH10,44.648,-124.298,12/5/2014,18:17,373.6,2,2.9,422.8,2,2.55,1010.8,14.4,99.66,13.486,32.236,374.7,423.9,366.8,415,-48.2,368.2,416.5,-48.3,-999,5
NH10,44.648,-124.298,12/5/2014,21:17,411.3,2,3.11,413,2,2.81,1009.5,14.5,99.93,-999,-999,412.6,414.2,-999,-999,-999,-999,-999,-999,-999,5
